ticker,name,market_cap_bn,sector,date,close,chg_pct,prev_high,ma20,ma20_5ago,ma50,ma200,atr14,avg_vol63,hi252,lo252,ret252_pct,ret63_pct,rs63_pct,sito,passed,fails
IOVA,Iovance Biotherapeutics Inc. Common Stock,6.03,Health Care,2026-10-09,14.62,9.84,13.4,11.91,10.65,9.15,5.01,1.09,18000980,15.3,1.76,567.58,261.88,257.96,False,False,"U:deň >+8%,U:divoký,T3,T4"
MRNA,Moderna Inc. Common Stock,78.65,Health Care,2026-10-09,225.0,14.21,199.92,183.05,167.69,138.26,72.63,16.08,18416331,225.0,22.28,717.29,235.77,231.85,False,False,"U:deň >+8%,U:divoký,T3,T4"
KOD,Kodiak Sciences Inc Common Stock,5.92,Health Care,2026-10-09,99.87,5.95,94.95,63.39,48.32,48.96,37.33,10.52,1601657,104.0,10.94,637.05,142.99,139.07,False,False,"U:divoký,T3,T4"
ASST,Strive Inc. Class A Common Stock,2.85,Finance,2026-10-09,27.8,-1.52,28.36,29.13,28.69,22.7,15.82,1.64,6901549,42.5,7.02,-23.2,135.0,131.08,False,False,"U:>15% pod maximom,U:divoký,U:rok v strate,T4,V1"
CDNA,CareDx Inc. Common Stock,3.22,Health Care,2026-10-09,63.67,2.36,63.45,60.32,56.77,53.05,29.88,4.09,1311669,72.51,13.95,332.25,121.38,117.46,False,False,"U:divoký,T4"
TEAM,Atlassian Corporation Class A Common Stock,51.53,Technology,2026-10-09,206.79,1.58,203.89,191.28,186.59,173.85,113.28,8.93,4065307,207.37,56.01,39.97,115.05,111.13,True,True,
PLSE,Pulse Biosciences Inc Common Stock (DE),3.56,Health Care,2026-10-09,53.81,7.66,50.32,51.45,51.92,48.6,28.63,2.87,509173,58.9,12.56,179.53,107.84,103.92,False,False,"U:objem,U:divoký,T2,T4"
P,Everpure Inc. Class A common stock,50.17,Technology,2026-10-09,154.49,2.6,157.05,124.59,111.65,109.7,80.66,7.06,4656911,157.05,56.78,65.02,105.0,101.08,True,False,"T3,V1"
XP,XP Inc. Class A Common Stock,15.66,Finance,2026-10-09,32.22,6.65,30.88,22.85,20.29,19.63,18.56,1.54,7141982,32.29,14.8,98.15,96.82,92.9,True,False,T3
GRAL,GRAIL Inc. Common Stock ,5.92,Health Care,2026-10-09,140.58,6.01,134.55,117.35,102.01,92.11,74.94,12.02,954115,166.48,41.5,97.64,95.79,91.87,False,False,"U:objem,U:>15% pod maximom,U:divoký,T3,T4"
TXG,10x Genomics Inc. Class A Common Stock,10.07,Industrials,2026-10-09,80.65,4.36,77.58,81.98,77.88,68.35,36.41,7.88,3316017,102.81,11.16,588.73,93.08,89.16,False,False,"U:>15% pod maximom,U:divoký,T4"
ABCL,AbCellera Biologics Inc. Common Shares,3.89,Health Care,2026-10-09,12.55,4.37,12.63,12.89,12.44,11.28,6.22,0.89,6710828,15.02,2.74,112.27,92.41,88.49,False,False,"U:>15% pod maximom,U:divoký,T4,V1"
HTFL,Heartflow Inc. Common Stock,4.14,Health Care,2026-10-09,49.74,4.43,49.66,49.48,48.93,44.54,32.37,2.65,1817439,54.32,20.13,51.23,90.14,86.22,True,False,T4
RNG,RingCentral Inc. Class A Common Stock,6.54,Technology,2026-10-09,79.27,1.17,78.85,76.47,74.51,70.34,45.4,3.0,1843452,81.9,24.14,184.12,88.51,84.59,True,True,
UTZ,Utz Brands Inc Class A Common Stock ,2.06,Consumer Staples,2026-10-09,14.3,-0.14,14.33,14.26,14.24,14.21,10.08,0.03,3585833,14.33,6.78,17.31,86.68,82.76,True,False,V1
TWST,Twist Bioscience Corporation Common Stock,10.08,Health Care,2026-10-09,159.78,5.08,152.59,168.47,158.12,143.66,80.44,16.7,2091126,219.71,23.3,401.03,76.85,72.93,False,False,"U:>15% pod maximom,U:divoký,T4"
VIA,Via Transportation Inc. Class A Common Stock,2.52,Technology,2026-10-09,32.37,4.66,31.04,29.18,28.03,27.02,20.56,1.42,794187,55.2,12.95,-30.01,76.79,72.87,False,False,"U:objem,U:>15% pod maximom,U:divoký,U:rok v strate,T3"
CAI,Caris Life Sciences Inc. Common Stock,7.77,Health Care,2026-10-09,29.7,8.0,27.61,29.72,28.73,25.73,21.23,1.92,4997574,33.65,14.19,-4.99,74.09,70.17,False,False,"U:rok v strate,T4"
CVI,CVR Energy Inc. Common Stock,5.99,Energy,2026-10-09,58.02,-2.55,59.72,53.62,50.98,44.61,33.06,2.85,1029844,61.09,19.62,61.57,73.4,69.48,True,False,V1
ECO,Okeanis Eco Tankers Corp. Common Stock,3.69,Consumer Discretionary,2026-10-09,93.11,-1.41,94.98,83.86,79.41,72.63,54.58,3.98,633953,94.98,28.1,218.32,71.79,67.87,False,False,"U:objem,T3,V1"
ALVO,Alvotech Ordinary Shares,2.21,Health Care,2026-10-09,5.78,1.94,5.83,5.7,5.54,5.0,4.2,0.34,1055760,9.05,2.94,-30.36,71.01,67.09,False,False,"U:>15% pod maximom,U:rok v strate,T4,V1"
AUGO,Aura Minerals Inc. Common Shares,6.91,Basic Materials,2026-10-09,91.26,10.63,82.96,84.65,84.7,81.33,73.68,4.82,957284,110.32,29.11,147.92,70.55,66.63,False,False,"U:objem,U:>15% pod maximom,U:deň >+8%,T2,T4"
MSTR,Strategy Inc Common Stock Class A,63.92,Technology,2026-10-09,154.34,1.89,153.63,153.54,147.7,129.82,135.86,8.06,21890901,328.99,81.81,-51.81,67.58,63.66,False,False,"U:>15% pod maximom,U:divoký,U:rok v strate,T4"
OKTA,Okta Inc. Class A Common Stock,38.5,Technology,2026-10-09,232.13,5.41,225.53,204.01,191.07,173.11,115.42,9.53,3467780,232.98,62.66,147.9,66.37,62.45,True,False,T3
ZS,Zscaler Inc. Common Stock,35.35,Technology,2026-10-09,233.73,7.8,218.82,204.11,191.49,185.78,166.04,9.6,2851438,336.99,114.62,-25.85,64.81,60.89,False,False,"U:>15% pod maximom,U:rok v strate,T3"
GTLB,GitLab Inc. Class A Common Stock,8.92,Technology,2026-10-09,55.09,2.86,53.62,49.67,48.36,45.43,32.68,1.95,4623301,55.55,18.73,17.56,64.6,60.68,True,False,T3
BMNR,BitMine Immersion Technologies Inc. Common Stock,14.5,Finance,2026-10-09,24.03,-0.04,24.45,26.04,25.91,23.32,21.54,1.4,38639206,60.94,12.8,-59.34,64.48,60.56,False,False,"U:>15% pod maximom,U:divoký,U:rok v strate,T4,V1"
NIQ,NIQ Global Intelligence plc Ordinary Shares,5.28,Technology,2026-10-09,18.09,1.01,17.92,17.73,17.87,17.08,13.02,0.65,1498106,19.69,7.93,25.8,63.41,59.49,True,False,T2
NTSK,Netskope Inc. Class A Common Stock,8.01,Technology,2026-10-09,20.75,5.84,19.64,18.2,16.95,16.0,12.79,0.93,5723344,24.98,7.66,-5.49,62.15,58.23,False,False,"U:>15% pod maximom,U:rok v strate,T3"
GCT,GigaCloud Technology Inc Class A Ordinary Shares,2.01,Consumer Discretionary,2026-10-09,57.26,1.49,57.33,53.52,52.54,51.69,42.59,2.68,656788,57.4,25.39,101.27,61.75,57.83,False,False,"U:objem,V1"
AMLX,Amylyx Pharmaceuticals Inc. Common Stock,3.41,Health Care,2026-10-09,28.14,3.46,27.53,30.2,31.48,30.14,18.91,1.35,2371596,41.14,10.83,94.47,61.63,57.71,False,False,"U:>15% pod maximom,T1,T2"
PLTR,Palantir Technologies Inc. Class A Common Stock,477.48,Technology,2026-10-09,209.05,5.17,204.44,187.0,180.19,176.98,152.33,6.16,33427461,209.58,106.37,12.71,60.76,56.84,True,False,T3
ATRC,AtriCure Inc. Common Stock,2.69,Health Care,2026-10-09,55.81,5.62,53.46,56.8,56.49,50.69,36.67,2.69,1096266,61.7,25.36,53.03,60.37,56.45,True,True,
AMC,AMC Entertainment Holdings Inc. Class A Common Stock,2.57,Consumer Discretionary,2026-10-09,2.98,3.47,2.97,2.85,2.75,2.68,1.87,0.21,31951830,3.4,0.93,1.71,59.36,55.44,True,False,T4
PAYC,Paycom Software Inc. Common Stock,10.36,Technology,2026-10-09,232.22,1.01,230.46,224.13,222.5,220.14,156.41,6.87,782449,244.98,104.9,14.63,58.51,54.59,False,False,U:objem
FIGS,FIGS Inc. Class A Common Stock,2.49,Consumer Discretionary,2026-10-09,15.78,5.34,15.04,13.6,13.35,13.79,12.84,0.75,3007987,17.48,6.77,127.38,57.8,53.88,True,False,T3
ESTC,Elastic N.V. Ordinary Shares,10.0,Technology,2026-10-09,98.23,3.12,95.5,90.58,88.46,85.96,65.54,3.22,2255968,108.0,42.05,20.45,57.34,53.42,True,True,
ANF,Abercrombie & Fitch Company Common Stock,6.0,Consumer Discretionary,2026-10-09,142.58,0.83,143.22,137.31,139.07,129.19,101.95,4.88,1515931,155.22,65.45,85.39,55.67,51.75,True,False,"T2,V1"
HPE,Hewlett Packard Enterprise Company Common Stock,94.25,Technology,2026-10-09,73.46,3.46,72.4,63.93,60.38,58.17,38.07,3.43,20262019,73.56,19.84,179.85,55.5,51.58,True,False,T3
PURR,Hyperliquid Strategies Inc Common Stock,3.14,Finance,2026-10-09,11.11,-1.68,11.58,12.48,12.44,10.64,7.19,0.87,18223169,14.76,3.01,,55.17,51.25,False,False,"U:>15% pod maximom,U:divoký,T4,V1"
PTC,PTC Inc. Common Stock,21.02,Technology,2026-10-09,194.45,0.37,194.32,151.86,136.64,148.81,145.53,7.28,2254912,206.82,108.5,-3.6,55.04,51.12,False,False,"U:rok v strate,T3"
HAE,Haemonetics Corporation Common Stock,5.44,Health Care,2026-10-09,118.69,-0.65,121.0,107.21,105.44,101.61,75.75,3.77,728676,121.19,48.17,136.67,54.36,50.44,False,False,"U:objem,T3,V1"
APPN,Appian Corporation Class A Common Stock,2.77,Technology,2026-10-09,40.1,3.72,38.81,37.43,36.63,36.61,28.05,1.97,868269,46.06,18.63,34.38,53.93,50.01,False,False,U:objem
MPC,Marathon Petroleum Corporation Common Stock,130.12,Energy,2026-10-09,455.03,-1.79,467.85,413.94,401.34,378.97,268.59,16.75,2542700,470.0,161.93,142.61,53.27,49.35,True,False,V1
U,Unity Software Inc. Common Stock,20.2,Technology,2026-10-09,46.88,2.16,47.35,43.09,42.3,42.78,31.94,2.22,10484260,52.15,16.78,20.33,52.8,48.88,True,False,V1
ERO,Ero Copper Corp. Common Shares,3.75,Basic Materials,2026-10-09,37.61,4.53,37.03,36.05,35.79,35.5,30.35,1.89,1343303,40.83,19.09,66.71,52.58,48.66,True,False,T4
FRO,Frontline Plc Ordinary Shares,12.52,Consumer Discretionary,2026-10-09,56.1,-0.28,56.55,51.24,49.52,46.17,36.87,1.92,2878439,56.86,20.47,144.02,51.95,48.03,True,False,V1
SMCI,Super Micro Computer Inc. Common Stock,28.1,Technology,2026-10-09,41.86,-2.13,44.33,41.17,40.17,38.0,32.32,2.21,44824876,58.78,19.48,-27.8,51.34,47.42,False,False,"U:>15% pod maximom,U:rok v strate,T4,V1"
ZETA,Zeta Global Holdings Corp. Class A Common Stock,8.29,Technology,2026-10-09,33.09,0.18,33.74,31.19,30.57,29.65,21.65,1.49,7500930,34.8,14.36,62.44,51.3,47.38,True,False,V1
PGEN,Precigen Inc. Common Stock,2.72,Health Care,2026-10-09,7.81,2.76,7.64,7.74,7.54,7.24,5.09,0.52,5060174,8.98,2.99,144.83,51.06,47.14,True,False,T4
ACN,Accenture plc Class A Ordinary Shares (Ireland),139.08,Consumer Discretionary,2026-10-09,209.06,0.34,209.06,190.26,185.3,184.1,194.13,9.97,6587920,291.09,118.15,-17.05,50.92,47.0,False,False,"U:>15% pod maximom,U:rok v strate,V1"
VEEV,Veeva Systems Inc. Class A Common Stock,46.12,Technology,2026-10-09,296.13,3.96,285.25,274.96,269.65,259.52,202.89,9.13,1669022,303.39,148.05,-0.78,50.46,46.54,False,False,U:rok v strate
HURN,Huron Consulting Group Inc. Common Stock,2.63,Consumer Discretionary,2026-10-09,167.05,1.05,169.73,159.03,156.31,156.28,137.81,5.82,279374,186.78,84.88,13.25,50.18,46.26,False,False,"U:objem,V1"
TNK,Teekay Tankers Ltd.,3.69,Consumer Discretionary,2026-10-09,106.14,-0.45,107.39,99.59,97.67,91.91,75.96,4.07,443403,107.39,47.18,110.51,50.08,46.16,False,False,"U:objem,V1"
RBRK,Rubrik Inc. Class A Common Stock,25.06,Technology,2026-10-09,125.14,3.52,124.0,114.08,105.65,101.29,73.02,4.64,3178006,127.9,42.25,45.34,49.26,45.34,True,True,
DINO,HF Sinclair Corporation Common Stock,21.46,Energy,2026-10-09,121.3,0.48,120.83,111.65,109.15,102.1,72.88,4.5,2764322,124.22,45.71,131.75,48.47,44.55,True,True,
ARX,Accelerant Holdings Class A Common Shares,4.29,Finance,2026-10-09,19.8,0.25,19.78,19.76,19.78,18.4,14.7,0.05,3643528,19.9,9.18,35.25,48.43,44.51,True,False,T2
AVTR,Avantor Inc. Common Stock,10.41,Industrials,2026-10-09,15.67,1.82,15.42,15.33,15.19,14.64,10.84,0.49,9488941,16.38,7.26,15.73,48.39,44.47,True,True,
SAIL,SailPoint Inc. Common Stock,11.43,Technology,2026-10-09,20.77,3.75,20.18,20.46,19.89,19.33,16.04,1.11,4246388,23.89,10.3,-10.86,48.25,44.33,False,False,"U:rok v strate,T4"
PRGO,Perrigo Company plc Ordinary Shares,2.01,Health Care,2026-10-09,15.06,3.86,14.56,14.29,14.22,13.78,12.32,0.74,2812357,22.02,9.23,-30.12,48.08,44.16,False,False,"U:>15% pod maximom,U:rok v strate"
VEON,VEON Ltd. ADS,5.31,Telecommunications,2026-10-09,76.81,-0.34,77.96,72.51,69.85,64.79,55.47,3.06,129263,78.83,42.6,49.73,47.57,43.65,False,False,"U:objem,V1"
NTRA,Natera Inc. Common Stock,56.33,Health Care,2026-10-09,400.71,2.54,392.95,390.95,372.17,345.42,253.39,17.79,1446426,437.41,167.99,131.55,46.84,42.92,True,True,
PBF,PBF Energy Inc. Class A Common Stock,10.59,Energy,2026-10-09,84.27,-5.67,89.48,77.47,75.4,73.73,49.71,4.79,3372925,89.48,25.62,186.83,46.71,42.79,True,False,"T4,V1"
VLO,Valero Energy Corporation Common Stock,127.78,Energy,2026-10-09,433.75,-2.26,446.48,402.26,391.17,367.5,266.92,17.38,3035265,449.77,155.29,167.73,46.64,42.72,True,False,V1
BLKB,Blackbaud Inc. Common Stock,2.04,Technology,2026-10-09,45.48,1.43,45.11,43.38,43.61,45.03,41.98,1.45,524620,70.71,25.58,-27.41,46.57,42.65,False,False,"U:objem,U:>15% pod maximom,U:rok v strate,T2"
HAFN,Hafnia Limited Common Shares,5.81,Consumer Discretionary,2026-10-09,10.72,-1.2,10.9,9.78,9.47,8.79,7.66,0.42,2026101,10.9,5.17,81.69,46.45,42.53,True,False,V1
ILMN,Illumina Inc. Common Stock,39.95,Health Care,2026-10-09,278.17,5.14,266.14,258.19,241.41,226.92,166.27,15.61,2723403,309.35,88.0,188.41,46.37,42.45,True,False,T4
CRWD,CrowdStrike Holdings Inc. Class A Common Stock,269.31,Technology,2026-10-09,275.04,4.57,272.5,257.71,242.28,228.7,157.32,10.25,9621331,286.99,85.68,116.09,46.37,42.45,True,True,
FSLY,Fastly Inc. Class A Common Stock,4.03,Technology,2026-10-09,29.3,15.86,26.0,25.78,24.74,24.85,20.36,2.51,6544911,34.82,7.74,242.69,46.28,42.36,False,False,"U:>15% pod maximom,U:deň >+8%,U:divoký,T3,T4"
WIX,Wix.com Ltd. Ordinary Shares,3.1,Technology,2026-10-09,76.56,3.28,75.04,76.33,76.52,75.64,72.19,4.29,1434422,148.33,40.16,-44.81,46.08,42.16,False,False,"U:>15% pod maximom,U:rok v strate,T2,T4"
RGC,Regencell Bioscience Holdings Limited Ordinary Shares,3.78,Health Care,2026-10-09,7.35,-3.67,7.96,6.38,6.09,5.96,18.87,0.51,191076,69.0,4.51,-60.14,45.54,41.62,False,False,"U:objem,U:>15% pod maximom,U:divoký,U:rok v strate,T1,T3,T4,V1"
ELF,e.l.f. Beauty Inc. Common Stock,6.25,Consumer Discretionary,2026-10-09,109.23,3.09,106.49,100.81,99.81,99.29,78.94,3.62,1891588,147.0,48.82,-24.65,45.45,41.53,False,False,"U:>15% pod maximom,U:rok v strate"
ZBRA,Zebra Technologies Corporation Class A Common Stock,18.08,Industrials,2026-10-09,387.18,1.32,385.0,366.9,358.79,361.6,270.42,10.16,658942,390.8,199.05,29.58,45.17,41.25,False,False,U:objem
HALO,Halozyme Therapeutics Inc. Common Stock,12.47,Health Care,2026-10-09,110.42,0.53,110.64,110.68,110.23,105.65,79.42,3.37,2191792,116.85,61.23,69.59,45.08,41.16,True,False,V1
NTAP,NetApp Inc. Common Stock,45.38,Technology,2026-10-09,237.15,2.64,236.06,208.57,197.88,198.27,141.75,8.47,2512339,238.08,93.69,97.12,44.67,40.75,True,False,T3
LITE,Lumentum Holdings Inc. Common Stock,94.99,Telecommunications,2026-10-09,1103.35,5.22,1099.6,980.56,941.73,920.34,764.19,65.21,4685877,1143.0,147.81,590.63,43.64,39.72,False,False,"U:divoký,T3,T4"
LPG,Dorian LPG Ltd. Common Stock,2.49,Consumer Discretionary,2026-10-09,57.64,-1.01,58.64,56.05,55.34,51.83,39.93,2.3,598214,59.97,23.76,109.52,43.6,39.68,False,False,"U:objem,V1"
CHYM,Chime Financial Inc. Class A Common Stock,10.96,Finance,2026-10-09,30.08,3.87,28.98,28.78,29.95,30.34,23.57,1.09,7527558,35.55,15.88,41.39,43.58,39.66,False,False,"U:>15% pod maximom,T1,T2"
AYA,Aya Gold & Silver Inc. Common Shares,3.79,Basic Materials,2026-10-09,27.42,4.18,26.57,27.52,28.01,27.12,20.07,1.35,1023063,30.67,9.25,140.32,43.41,39.49,True,False,T2
OPCH,Option Care Health Inc. Common Stock,4.65,Health Care,2026-10-09,31.07,0.06,31.09,24.94,23.5,24.23,26.42,1.01,3664396,36.8,18.01,15.93,43.18,39.26,False,False,"U:>15% pod maximom,T3,V1"
MKTX,MarketAxess Holdings Inc. Common Stock,5.78,Finance,2026-10-09,164.58,0.16,164.45,163.82,163.57,163.1,156.29,0.36,1062780,195.97,108.75,-4.44,42.65,38.73,False,False,"U:>15% pod maximom,U:rok v strate"
CLMT,Calumet Inc. Common Stock,5.08,Energy,2026-10-09,56.42,-2.3,58.23,55.82,55.49,51.33,36.01,2.36,1342500,59.87,17.42,210.34,42.55,38.63,True,False,V1
DOCU,DocuSign Inc. Common Stock,13.35,Technology,2026-10-09,71.08,-0.49,71.51,69.13,68.11,64.72,53.68,2.52,3192750,75.0,40.16,-0.38,42.53,38.61,False,False,"U:rok v strate,V1"
BLSH,Bullish Ordinary Shares,5.01,Finance,2026-10-09,32.59,3.76,31.77,35.79,36.35,31.77,33.17,2.12,1503323,70.5,20.55,-51.15,42.5,38.58,False,False,"U:>15% pod maximom,U:rok v strate,T1,T2,T4"
DT,Dynatrace Inc. Common Stock,17.66,Technology,2026-10-09,63.5,3.89,61.38,58.04,55.52,53.26,42.99,1.68,6372400,63.78,31.64,29.86,42.41,38.49,True,True,
DHT,DHT Holdings Inc.,4.01,Consumer Discretionary,2026-10-09,24.64,-1.16,25.07,22.84,22.12,20.82,17.84,0.94,3539760,25.07,10.83,109.7,42.35,38.43,True,False,V1
CGAU,Centerra Gold Inc. Common Shares,4.36,Basic Materials,2026-10-09,22.54,3.3,21.98,22.16,22.44,22.01,18.5,0.81,1430493,24.52,10.46,101.43,42.03,38.11,True,False,T2
SMTC,Semtech Corporation Common Stock,17.5,Technology,2026-10-09,187.3,-0.1,196.99,178.99,171.1,153.59,119.9,10.83,2956369,201.99,60.28,167.42,41.73,37.81,True,False,"T4,V1"
S,SentinelOne Inc. Class A Common Stock,8.84,Technology,2026-10-09,26.27,3.43,25.64,24.04,22.55,22.24,16.96,0.94,8083014,26.5,11.81,45.94,41.62,37.7,True,True,
PBR,Petroleo Brasileiro S.A. Petrobras ADS,159.11,Energy,2026-10-09,25.3,2.47,24.85,21.8,20.93,20.15,18.19,0.81,20407588,25.6,11.43,111.54,41.5,37.58,True,False,T3
CORT,Corcept Therapeutics Incorporated Common Stock,12.81,Health Care,2026-10-09,121.19,2.24,119.16,115.76,114.16,115.18,70.86,5.42,1280096,126.38,28.66,37.15,41.08,37.16,False,False,U:divoký
FIVN,Five9 Inc. Common Stock,2.63,Technology,2026-10-09,36.4,3.56,35.29,34.87,34.01,33.21,22.94,1.91,2588530,40.0,13.29,65.15,41.03,37.11,True,False,T4
PSX,Phillips 66 Common Stock,112.36,Energy,2026-10-09,278.18,-1.21,282.64,264.07,260.18,247.31,187.62,8.89,2839425,286.57,126.74,112.21,40.29,36.37,True,False,V1
INSW,International Seaways Inc. Common Stock ,6.03,Consumer Discretionary,2026-10-09,119.82,-1.64,121.82,111.04,107.4,103.04,81.12,4.69,635687,122.75,42.26,167.99,39.05,35.13,False,False,"U:objem,V1"
BTG,B2Gold Corp Common shares (Canada),6.76,Basic Materials,2026-10-09,5.25,2.54,5.16,5.27,5.36,5.2,4.8,0.19,24199447,6.29,3.57,3.55,38.89,34.97,False,False,"U:>15% pod maximom,T2"
RVTY,Revvity Inc. Common Stock,16.98,Industrials,2026-10-09,154.18,1.33,152.54,148.16,140.95,132.09,107.69,6.18,1802007,166.25,81.22,68.21,38.76,34.84,True,True,
INTA,Intapp Inc. Common Stock,2.96,Technology,2026-10-09,39.61,2.48,38.8,36.94,37.2,38.45,30.16,1.41,657506,47.93,19.01,1.93,38.69,34.77,False,False,"U:objem,U:>15% pod maximom,T2"
TRMD,TORM plc Class A Common Stock,4.11,Consumer Discretionary,2026-10-09,39.94,-0.3,40.44,37.2,36.01,33.78,29.24,1.61,1286673,41.54,19.3,94.73,38.39,34.47,True,False,V1
SNOW,Snowflake Inc. Common Stock,121.15,Technology,2026-10-09,368.89,7.42,344.66,336.95,334.09,330.25,231.05,13.42,4822025,384.56,118.3,47.16,37.31,33.39,True,True,
DELL,Dell Technologies Inc. Class C Common Stock ,365.31,Technology,2026-10-09,586.06,2.0,585.75,558.08,548.15,505.65,304.29,25.27,7518863,595.51,110.22,275.8,37.22,33.3,False,False,U:divoký
SHOP,Shopify Inc. Class A Subordinate Voting Shares,213.24,Technology,2026-10-09,170.85,3.82,167.94,146.66,138.43,144.82,129.52,7.09,9521557,182.19,94.0,4.26,36.96,33.04,True,False,T3
MSFT,Microsoft Corporation Common Stock,3880.66,Technology,2026-10-09,535.07,2.38,533.51,510.1,501.67,500.45,434.0,12.72,27570026,553.72,349.2,2.43,36.85,32.93,True,True,
DOCS,Doximity Inc. Class A Common Stock,5.24,Technology,2026-10-09,30.5,3.81,29.49,27.23,26.29,25.84,26.41,1.22,4531139,73.53,17.15,-57.97,36.83,32.91,False,False,"U:>15% pod maximom,U:divoký,U:rok v strate,T3"
INTR,Inter & Co. Inc. Class A Common Shares,3.2,Finance,2026-10-09,7.68,6.08,7.4,5.79,5.42,5.6,6.97,0.38,5804077,10.36,4.97,-10.39,35.93,32.01,False,False,"U:>15% pod maximom,U:rok v strate,T3"
AXTI,AXT Inc Common Stock,4.7,Technology,2026-10-09,68.46,-4.47,77.25,74.5,71.45,71.61,61.94,6.66,9804392,143.16,4.0,1208.99,35.67,31.75,False,False,"U:>15% pod maximom,U:divoký,T1,T4,V1"
CBZ,CBIZ Inc. Common Stock,2.97,Consumer Discretionary,2026-10-09,54.82,0.04,54.89,54.69,54.66,54.69,39.97,0.08,1325084,56.8,24.29,-1.19,35.46,31.54,False,False,"U:rok v strate,V1"
THC,Tenet Healthcare Corporation Common Stock,20.98,Health Care,2026-10-09,263.78,1.23,262.69,259.48,260.39,262.79,215.07,7.07,955950,283.05,157.58,35.38,35.4,31.48,False,False,"U:objem,T2"
ANDG,Andersen Group Inc. Class A Common Stock,6.35,Consumer Discretionary,2026-10-09,56.82,1.03,56.44,55.11,54.61,52.87,36.48,2.32,474250,58.18,18.12,,35.38,31.46,False,False,U:objem
IT,Gartner Inc. Common Stock,12.34,Consumer Discretionary,2026-10-09,191.15,-2.18,196.84,187.32,184.01,185.9,171.57,7.49,1237231,261.1,124.25,-21.82,35.27,31.35,False,False,"U:>15% pod maximom,U:rok v strate,V1"
LIND,Lindblad Expeditions Holdings Inc. Common Stock,2.33,Consumer Discretionary,2026-10-09,35.82,0.79,35.79,30.62,28.16,30.51,22.89,1.47,884466,36.36,11.37,192.41,35.22,31.3,False,False,"U:objem,T3"
NTNX,Nutanix Inc. Class A Common Stock,19.78,Technology,2026-10-09,74.63,2.08,74.2,70.54,68.83,67.53,51.08,1.77,2589533,74.66,34.01,8.52,35.15,31.23,True,True,
IBRX,ImmunityBio Inc. Common Stock,10.5,Health Care,2026-10-09,10.51,6.05,10.05,9.07,8.56,8.3,7.4,0.73,10374641,12.43,1.95,330.74,34.92,31.0,False,False,"U:>15% pod maximom,U:divoký,T3,T4"
NSIT,Insight Enterprises Inc. Common Stock,4.74,Consumer Discretionary,2026-10-09,163.61,1.39,162.53,159.06,158.64,154.12,106.61,4.75,368476,168.5,63.62,51.0,34.82,30.9,False,False,U:objem
WK,Workiva Inc. Class A Common Stock,4.01,Technology,2026-10-09,73.25,-0.6,73.73,71.28,71.57,71.38,63.41,3.19,1064731,97.1,43.34,-15.91,34.31,30.39,False,False,"U:>15% pod maximom,U:rok v strate,T2,V1"
SAP,SAP  SE ADS,260.93,Technology,2026-10-09,214.78,1.12,213.31,211.2,210.83,210.06,192.66,4.72,2581955,281.37,144.97,-22.12,34.26,30.34,False,False,"U:>15% pod maximom,U:rok v strate"
CRCL,Circle Internet Group Inc. Class A Common Stock,20.52,Finance,2026-10-09,84.51,4.54,81.46,86.66,89.59,83.32,86.03,4.9,13391052,159.47,49.9,-43.84,34.14,30.22,False,False,"U:>15% pod maximom,U:rok v strate,T1,T2,T4"
CTSH,Cognizant Technology Solutions Corporation Class A Common Stock,27.03,Technology,2026-10-09,59.2,-1.35,60.23,59.24,59.59,59.66,60.32,2.43,7606247,87.03,37.08,-13.72,34.06,30.14,False,False,"U:>15% pod maximom,U:rok v strate,T1,T2,V1"
NET,Cloudflare Inc. Class A Common Stock,121.74,Technology,2026-10-09,360.93,5.57,349.78,345.93,332.67,316.02,239.1,14.69,3345884,370.35,158.83,63.35,33.91,29.99,True,True,
CRM,Salesforce Inc. Common Stock,187.48,Technology,2026-10-09,229.13,0.58,227.95,235.79,241.13,225.03,199.71,7.78,13203460,269.11,146.32,-6.6,33.82,29.9,False,False,"U:rok v strate,T2"
SNAP,Snap Inc. Class A Common Stock,9.91,Technology,2026-10-09,6.23,6.31,5.88,5.63,5.53,5.48,5.59,0.26,36704968,9.13,3.81,-25.66,33.69,29.77,False,False,"U:>15% pod maximom,U:rok v strate,T3"
CLF,Cleveland-Cliffs Inc. Common Stock,6.95,Basic Materials,2026-10-09,12.98,6.48,12.29,12.04,11.99,11.96,11.36,0.66,18555076,16.7,7.73,-8.59,33.68,29.76,False,False,"U:>15% pod maximom,U:rok v strate,T4"
QLYS,Qualys Inc. Common Stock,6.71,Technology,2026-10-09,202.42,4.42,201.79,185.42,177.13,180.44,129.14,8.85,728514,204.41,74.51,55.97,33.58,29.66,False,False,U:objem
SPSC,SPS Commerce Inc. Common Stock,3.0,Technology,2026-10-09,84.59,1.52,83.58,81.84,81.33,80.09,68.44,2.69,551442,114.87,49.04,-21.55,33.57,29.65,False,False,"U:objem,U:>15% pod maximom,U:rok v strate"
CMBT,CMB.TECH NV Ordinary Shares,6.04,Consumer Discretionary,2026-10-09,20.6,-1.01,20.89,19.65,19.44,18.46,14.81,0.52,1004203,20.89,8.95,126.87,33.42,29.5,True,False,V1
TBBB,BBB Foods Inc. Class A Common Shares,6.25,Consumer Staples,2026-10-09,55.59,4.75,53.76,52.51,51.73,49.37,40.15,1.81,680673,55.87,23.81,130.09,33.25,29.33,False,False,U:objem
IDT,IDT Corporation Class B Common Stock,2.0,Telecommunications,2026-10-09,81.49,1.04,81.32,73.9,71.02,70.05,57.13,3.27,248707,82.31,45.72,71.2,32.72,28.8,False,False,"U:objem,T3"
TWLO,Twilio Inc. Class A Common Stock,42.35,Technology,2026-10-09,289.47,4.97,280.53,275.27,261.52,246.39,179.71,16.72,2912685,308.4,104.5,154.01,32.64,28.72,True,False,T4
IMAX,Imax Corporation Common Stock,2.81,Consumer Discretionary,2026-10-09,50.8,-0.99,53.61,53.21,53.34,52.27,41.68,2.16,1273487,57.73,30.74,59.4,32.46,28.54,True,False,"T1,T2,V1"
CAKE,Cheesecake Factory Incorporated (The) Common Stock,5.32,Consumer Discretionary,2026-10-09,108.45,1.44,107.95,104.14,103.27,106.88,75.36,3.33,1609869,118.46,43.07,102.11,32.34,28.42,True,True,
APA,APA Corporation Common Stock,15.93,Energy,2026-10-09,45.88,0.9,46.23,44.0,43.86,42.46,35.85,1.56,5588698,47.44,21.63,93.91,32.33,28.41,True,False,V1
ATKR,Atkore Inc. Common Stock,3.2,Miscellaneous,2026-10-09,94.84,0.0,94.9,94.6,94.41,93.65,76.15,0.13,908900,94.9,53.75,49.54,32.31,28.39,False,False,"U:objem,V1"
RXRX,Recursion Pharmaceuticals Inc. Class A Common Stock,2.11,Health Care,2026-10-09,4.36,10.38,4.2,3.93,3.66,3.56,3.57,0.4,20869647,7.18,2.77,-26.23,32.12,28.2,False,False,"U:>15% pod maximom,U:deň >+8%,U:rok v strate,T3,T4"
AEM,Agnico Eagle Mines Limited Common Stock,93.33,Basic Materials,2026-10-09,189.02,2.8,185.15,190.8,194.98,191.63,189.41,6.14,2606600,255.24,134.38,16.87,31.71,27.79,False,False,"U:>15% pod maximom,T1,T2"
ITGR,Integer Holdings Corporation Common Stock,4.31,Health Care,2026-10-09,126.61,-0.03,126.72,126.36,126.26,125.68,97.35,0.16,1021455,126.8,62.0,22.45,31.37,27.45,True,False,V1
CRL,Charles River Laboratories International Inc. Common Stock,14.23,Health Care,2026-10-09,301.79,1.27,298.27,289.31,283.47,283.17,212.62,13.19,953792,333.3,146.2,75.32,31.36,27.44,False,False,U:objem
SWKS,Skyworks Solutions Inc. Common Stock,12.01,Technology,2026-10-09,76.35,-5.45,81.61,85.94,85.49,76.13,66.2,4.46,6911552,92.8,51.93,3.68,31.1,27.18,False,False,"U:>15% pod maximom,T4,V1"
EPAM,EPAM Systems Inc. Common Stock,5.87,Technology,2026-10-09,113.24,-0.54,113.97,112.29,113.52,110.1,128.12,5.12,1328407,222.53,73.06,-24.77,31.1,27.18,False,False,"U:>15% pod maximom,U:rok v strate,T1,T2,V1"
ASAN,Asana Inc. Class A Common Stock,2.26,Technology,2026-10-09,10.07,2.03,9.94,9.26,9.04,9.26,8.28,0.59,6290555,15.48,5.38,-33.71,30.95,27.03,False,False,"U:>15% pod maximom,U:rok v strate,T4"
PRCH,Porch Group Inc. Common Stock,2.31,Technology,2026-10-09,17.56,0.17,17.55,16.73,16.58,16.71,11.38,0.88,1523425,18.37,6.36,15.83,30.95,27.03,True,False,T4
KNSA,Kiniksa Pharmaceuticals International plc Class A Ordinary Shares,6.14,Health Care,2026-10-09,79.78,1.31,78.83,76.79,76.61,77.5,57.1,2.63,573338,82.94,35.2,109.34,30.92,27.0,False,False,U:objem
DAC,Danaos Corporation Common Stock,3.1,Consumer Discretionary,2026-10-09,169.09,-0.66,170.59,160.2,157.38,152.48,125.99,4.28,134773,171.09,83.56,98.21,30.72,26.8,False,False,"U:objem,V1"
OLLI,Ollie's Bargain Outlet Holdings Inc. Common Stock,5.15,Consumer Discretionary,2026-10-09,85.33,-1.59,87.77,82.79,79.72,78.54,88.83,2.51,1663177,133.28,60.29,-32.53,30.61,26.69,False,False,"U:>15% pod maximom,U:rok v strate,T1,V1"
FSM,Fortuna Mining Corp. Common Shares,3.23,Basic Materials,2026-10-09,10.92,2.92,10.66,11.38,11.73,11.31,10.33,0.46,5497003,13.85,7.69,22.01,30.47,26.55,False,False,"U:>15% pod maximom,T1,T2"
MAN,ManpowerGroup Common Stock,2.53,Consumer Discretionary,2026-10-09,52.78,-2.91,54.43,56.07,57.23,57.57,38.66,2.37,1077947,63.88,25.15,34.88,29.94,26.02,False,False,"U:>15% pod maximom,T1,T2,V1"
PI,Impinj Inc. Common Stock,5.61,Technology,2026-10-09,189.63,3.37,190.5,181.17,177.38,174.18,144.43,6.97,414512,247.06,87.36,-7.79,29.87,25.95,False,False,"U:objem,U:>15% pod maximom,U:rok v strate,V1"
MANH,Manhattan Associates Inc. Common Stock,12.06,Technology,2026-10-09,204.89,-0.91,207.14,206.45,207.08,205.72,161.92,5.71,765149,227.03,119.06,0.68,29.42,25.5,False,False,"U:objem,T1,T2,V1"
EGO,Eldorado Gold Corporation Ordinary Shares,9.63,Basic Materials,2026-10-09,37.66,2.17,37.11,40.09,41.61,40.77,37.05,1.69,2886455,51.16,24.44,37.75,29.24,25.32,False,False,"U:>15% pod maximom,T1,T2"
BWLP,BW LPG Limited Common Shares,4.19,Consumer Discretionary,2026-10-09,26.0,-1.22,26.32,25.3,25.0,24.12,19.44,0.78,388906,26.48,11.72,97.12,29.16,25.24,False,False,"U:objem,V1"
EXLS,ExlService Holdings Inc. Common Stock,5.59,Consumer Discretionary,2026-10-09,36.79,-0.22,36.99,35.53,35.35,35.77,32.87,1.02,2224080,43.88,24.85,-12.38,29.13,25.21,False,False,"U:>15% pod maximom,U:rok v strate,V1"
COHU,Cohu Inc. Common Stock,3.24,Industrials,2026-10-09,68.19,-0.26,71.92,64.11,60.02,57.14,45.0,3.48,1016663,75.72,19.8,226.42,29.12,25.2,True,False,"T4,V1"
WDAY,Workday Inc. Class A Common Stock,45.26,Technology,2026-10-09,186.59,-0.65,188.27,189.7,189.94,189.2,156.48,6.43,3831246,247.4,110.36,-21.67,28.8,24.88,False,False,"U:>15% pod maximom,U:rok v strate,T1,T2,V1"
GMAB,Genmab A/S ADS,4.63,Health Care,2026-10-09,37.07,2.83,36.28,35.36,34.3,33.51,29.76,1.44,2758582,40.17,23.62,16.39,28.72,24.8,True,True,
WPM,Wheaton Precious Metals Corp Common Shares (Canada),61.29,Basic Materials,2026-10-09,138.65,2.73,135.22,141.95,146.49,142.35,133.48,4.68,1984233,165.76,92.57,34.12,28.58,24.66,False,False,"U:>15% pod maximom,T1,T2"
FRSH,Freshworks Inc. Class A Common Stock,3.56,Technology,2026-10-09,13.92,2.05,13.76,12.9,12.52,12.68,10.23,0.52,8133407,14.37,6.79,22.11,28.53,24.61,True,True,
DK,Delek US Holdings Inc. Common Stock,4.69,Energy,2026-10-09,74.51,-2.73,77.27,74.0,73.8,70.68,49.56,3.73,1908520,82.27,25.85,116.85,28.44,24.52,True,False,"T4,V1"
CACI,CACI International Inc. Class A Common Stock,13.25,Technology,2026-10-09,610.65,1.88,600.95,617.8,622.06,620.26,563.55,19.32,276493,683.5,434.7,19.43,27.76,23.84,False,False,"U:objem,T1,T2"
TEVA,Teva Pharmaceutical Industries Limited Ordinary Shares,45.74,Health Care,2026-10-09,41.1,4.71,39.64,39.41,38.66,37.62,33.91,1.24,5447438,42.02,18.83,105.09,27.72,23.8,True,True,
PCOR,Procore Technologies Inc. Common Stock,8.32,Technology,2026-10-09,56.21,2.61,55.26,52.2,52.22,56.23,54.37,2.23,3181168,82.32,38.03,-24.78,27.66,23.74,False,False,"U:>15% pod maximom,U:rok v strate,T1,T2"
SSRM,SSR Mining Inc. Common Stock,6.86,Industrials,2026-10-09,35.51,5.62,33.87,34.92,35.62,34.56,29.74,1.56,2700349,39.44,18.19,55.4,27.32,23.4,True,False,T2
A,Agilent Technologies Inc. Common Stock,47.41,Industrials,2026-10-09,170.54,1.41,168.66,165.46,159.66,155.58,133.63,5.66,2265692,177.05,108.35,21.72,27.23,23.31,True,True,
COTY,Coty Inc. Class A Common Stock,2.46,Consumer Discretionary,2026-10-09,2.85,2.15,2.81,2.66,2.65,2.74,2.53,0.1,7200195,4.47,1.82,-35.96,27.23,23.31,False,False,"U:>15% pod maximom,U:rok v strate"
MH,McGraw Hill Inc. Common Stock,2.56,Consumer Discretionary,2026-10-09,13.37,0.0,13.4,13.11,12.98,12.78,12.78,0.61,617179,18.0,8.94,7.3,27.09,23.17,False,False,"U:objem,U:>15% pod maximom,V1"
IAG,Iamgold Corporation Ordinary Shares,10.51,Basic Materials,2026-10-09,18.8,2.17,18.52,19.21,19.67,19.15,18.34,0.72,5397741,24.87,10.87,49.32,26.86,22.94,False,False,"U:>15% pod maximom,T1,T2"
TEM,Tempus AI Inc. Class A Common Stock,12.58,Technology,2026-10-09,70.93,2.38,69.75,76.35,73.45,65.6,56.65,5.88,6876744,104.32,40.77,-28.56,26.82,22.9,False,False,"U:>15% pod maximom,U:rok v strate,T4"
PANW,Palo Alto Networks Inc. Common Stock,325.97,Technology,2026-10-09,418.78,5.09,411.89,389.72,370.97,370.85,255.92,16.26,6074942,432.33,139.57,94.63,26.79,22.87,True,True,
CRGY,Crescent Energy Company Class A Common Stock,4.3,Energy,2026-10-09,12.66,-2.69,13.45,13.51,13.75,13.22,11.62,0.48,6569680,15.47,7.68,41.29,26.73,22.81,False,False,"U:>15% pod maximom,T1,T2,V1"
IDCC,InterDigital Inc. Common Stock,8.47,Miscellaneous,2026-10-09,331.31,0.92,333.2,330.49,332.84,334.51,317.39,10.38,216744,412.6,249.14,-4.88,26.69,22.77,False,False,"U:objem,U:>15% pod maximom,U:rok v strate,T1,T2,V1"
AVAH,Aveanna Healthcare Holdings Inc. Common Stock,2.67,Health Care,2026-10-09,12.25,0.08,12.4,12.96,13.35,12.45,8.91,0.45,3075258,14.71,5.93,39.05,26.68,22.76,False,False,"U:>15% pod maximom,T1,T2,V1"
FORM,FormFactor Inc. FormFactor Inc. Common Stock,10.71,Technology,2026-10-09,139.67,1.85,143.64,129.73,122.19,119.8,110.67,7.34,1468473,160.27,37.14,264.1,26.63,22.71,False,False,"U:divoký,T4,V1"
NOW,ServiceNow Inc. Common Stock,144.5,Technology,2026-10-09,140.86,0.79,142.51,137.35,136.23,132.22,115.34,5.28,17665244,192.97,81.24,-23.27,26.6,22.68,False,False,"U:>15% pod maximom,U:rok v strate,V1"
NEM,Newmont Corporation,121.75,Basic Materials,2026-10-09,117.84,1.98,115.91,119.56,122.45,120.11,111.88,3.57,7291520,135.29,76.05,38.29,26.57,22.65,True,False,"T1,T2"
MRVL,Marvell Technology Inc. Common Stock,240.85,Technology,2026-10-09,275.28,0.23,283.9,258.47,246.18,236.49,171.78,13.68,22352457,329.88,70.69,203.57,26.55,22.63,False,False,"U:>15% pod maximom,U:divoký,V1"
TGB,Trekor Metals Limited Common Shares,3.04,Basic Materials,2026-10-09,8.85,6.5,8.46,8.64,8.59,8.58,7.49,0.53,5646533,9.82,3.66,98.43,26.07,22.15,True,False,T4
ADPT,Adaptive Biotechnologies Corporation Common Stock,4.16,Health Care,2026-10-09,26.49,1.53,26.14,27.83,27.12,26.02,18.92,1.48,2377450,30.74,12.0,69.27,26.02,22.1,True,False,T4
ZIM,ZIM Integrated Shipping Services Ltd. Ordinary Shares,3.65,Consumer Discretionary,2026-10-09,29.99,-0.89,30.33,29.65,29.58,28.36,25.9,0.96,1603365,30.96,12.33,132.12,26.01,22.09,True,False,V1
PRLB,Proto Labs Inc. Common stock,2.21,Industrials,2026-10-09,93.84,1.77,93.21,91.26,87.75,86.45,70.71,3.61,205282,99.96,45.1,91.55,25.59,21.67,False,False,U:objem
IQV,IQVIA Holdings Inc. Common Stock,42.61,Health Care,2026-10-09,259.88,0.39,259.95,266.2,266.2,256.86,206.79,7.72,1453179,277.4,154.5,28.02,25.21,21.29,True,False,"T2,V1"
HBM,Hudbay Minerals Inc. Ordinary Shares (Canada),11.28,Basic Materials,2026-10-09,26.12,2.88,25.83,26.46,26.81,27.11,24.65,1.17,4557903,32.15,14.34,52.84,25.16,21.24,False,False,"U:>15% pod maximom,T1,T2"
PCVX,Vaxcyte Inc. Common Stock,9.67,Health Care,2026-10-09,71.38,9.79,67.97,60.59,58.37,59.94,55.73,5.57,1772149,90.75,39.87,69.99,25.16,21.24,False,False,"U:>15% pod maximom,U:deň >+8%,T3,T4"
SKE,Skeena Resources Limited Common Shares,3.94,Basic Materials,2026-10-09,32.59,3.76,31.51,30.99,31.27,31.83,30.18,1.42,543131,38.77,15.43,81.36,25.11,21.19,False,False,"U:objem,U:>15% pod maximom,T2"
CNK,Cinemark Holdings Inc Cinemark Holdings Inc. Common Stock,4.26,Consumer Discretionary,2026-10-09,36.4,-1.01,37.15,36.1,35.9,36.44,30.11,1.29,2339555,39.07,21.6,36.84,24.87,20.95,True,False,"T1,V1"
BHC,Bausch Health Companies Inc. Common Stock,2.26,Health Care,2026-10-09,6.04,0.0,6.2,5.81,5.86,6.21,5.76,0.22,3257892,8.0,4.33,-5.48,24.54,20.62,False,False,"U:>15% pod maximom,U:rok v strate,T1,T2,V1"
TMO,Thermo Fisher Scientific Inc Common Stock,241.07,Industrials,2026-10-09,658.02,0.93,658.56,659.76,646.26,626.41,544.94,19.77,2105385,694.33,435.27,23.07,24.5,20.58,True,False,V1
MGNI,Magnite Inc. Common Stock,3.65,Technology,2026-10-09,25.4,-0.2,25.73,24.74,24.38,23.96,17.09,1.02,2402168,26.84,10.82,36.93,24.45,20.53,True,False,V1
AEHR,Aehr Test Systems Common Stock,2.85,Industrials,2026-10-09,84.64,-2.95,91.82,94.77,94.94,98.02,71.36,8.45,2908474,147.4,18.7,236.54,24.43,20.51,False,False,"U:>15% pod maximom,U:divoký,T1,T2,T4,V1"
SIG,Signet Jewelers Limited Common Shares,4.06,Consumer Discretionary,2026-10-09,105.22,-0.63,106.98,101.98,99.53,94.15,89.95,3.63,832050,110.2,71.62,9.12,24.37,20.45,False,False,"U:objem,V1"
SM,SM Energy Company Common Stock,8.82,Energy,2026-10-09,37.0,-0.22,37.35,35.73,36.18,35.24,28.79,1.34,3679276,41.56,17.45,52.08,23.79,19.87,True,False,"T2,V1"
BOX,Box Inc. Class A Common Stock,4.98,Technology,2026-10-09,36.39,0.22,36.33,34.07,33.71,33.7,27.85,1.07,2883563,36.88,21.34,10.17,23.73,19.81,True,True,
PCTY,Paylocity Holding Corporation Common Stock,8.12,Technology,2026-10-09,153.96,0.61,153.15,146.01,144.71,147.93,125.02,4.15,690479,161.93,92.99,0.64,23.66,19.74,False,False,U:objem
SN,SharkNinja Inc. Ordinary Shares,26.04,Consumer Discretionary,2026-10-09,184.98,0.06,185.73,176.42,172.35,178.14,136.68,5.32,1735979,194.54,83.12,107.14,23.49,19.57,True,False,V1
TARS,Tarsus Pharmaceuticals Inc. Common Stock,3.38,Health Care,2026-10-09,73.16,1.3,74.51,76.08,78.76,73.86,68.39,2.73,836717,91.53,53.89,3.95,23.35,19.43,False,False,"U:objem,U:>15% pod maximom,T1,T2,V1"
BIO,Bio-Rad Laboratories Inc. Class A Common Stock,9.64,Industrials,2026-10-09,366.16,1.6,372.59,374.58,376.48,370.19,309.39,13.15,276260,396.23,236.73,21.8,23.05,19.13,False,False,"U:objem,T1,T2,V1"
KSS,Kohl's Corporation Common Stock,2.28,Consumer Discretionary,2026-10-09,20.35,1.19,20.54,18.18,17.67,18.42,16.83,0.93,3968441,25.22,11.38,33.27,22.96,19.04,False,False,"U:>15% pod maximom,T3,V1"
FCX,Freeport-McMoRan Inc. Common Stock,102.16,Basic Materials,2026-10-09,73.69,3.58,72.18,71.49,71.79,71.56,64.21,2.53,13144606,80.24,38.54,70.15,22.88,18.96,True,False,T2
XXI,Twenty One Capital Inc. Class A Common Stock,3.55,Finance,2026-10-09,6.29,-0.47,6.36,6.34,6.15,5.78,6.67,0.39,1962141,24.28,4.15,-72.35,22.85,18.93,False,False,"U:>15% pod maximom,U:divoký,U:rok v strate,T1,T4,V1"
NEOG,Neogen Corporation Common Stock,2.56,Health Care,2026-10-09,11.85,1.2,12.21,12.75,12.7,12.13,10.11,0.8,3195703,14.26,5.37,74.78,22.8,18.88,False,False,"U:>15% pod maximom,T1,T4,V1"
W,Wayfair Inc. Class A Common Stock,14.4,Consumer Discretionary,2026-10-09,105.74,0.58,106.29,102.84,101.28,101.91,88.36,4.66,2843073,119.98,55.6,34.07,22.43,18.51,True,False,V1
VCTR,Victory Capital Holdings Inc. Class A Common Stock,6.87,Finance,2026-10-09,112.44,0.64,113.0,109.19,108.94,111.41,85.95,3.63,651082,123.55,57.03,66.8,22.24,18.32,False,False,"U:objem,V1"
ARIS,Aris Mining Corporation Common Shares,3.46,,2026-10-09,17.33,3.4,16.82,18.15,18.79,18.41,17.96,0.85,1562625,23.29,8.75,69.07,22.13,18.21,False,False,"U:>15% pod maximom,T1,T2"
FNV,Franco-Nevada Corporation,46.39,Basic Materials,2026-10-09,244.85,1.81,242.31,251.96,257.69,250.59,238.63,9.64,793987,285.67,181.5,20.15,22.13,18.21,False,False,"U:objem,T1,T2"
RGLD,Royal Gold Inc. Common Stock,19.59,Industrials,2026-10-09,236.23,2.18,231.71,242.89,249.34,243.43,241.4,6.55,684355,306.25,168.88,22.57,22.1,18.18,False,False,"U:objem,U:>15% pod maximom,T1,T2"
AMR,Alpha Metallurgical Resources Inc. Common Stock,2.21,Energy,2026-10-09,181.57,4.18,177.65,177.7,189.03,185.32,188.93,8.67,317677,253.82,133.64,8.44,22.1,18.18,False,False,"U:objem,U:>15% pod maximom,T1,T2"
MEOH,Methanex Corporation Common Stock,4.8,Industrials,2026-10-09,62.1,0.1,62.82,60.29,60.34,58.56,54.91,1.8,807565,66.75,32.0,64.24,21.96,18.04,False,False,"U:objem,T2,V1"
CRVL,CorVel Corp. Common Stock,3.86,Finance,2026-10-09,77.16,1.06,77.17,73.9,71.77,69.48,61.55,1.55,190711,79.43,44.83,5.5,21.95,18.03,False,False,"U:objem,V1"
HPQ,HP Inc. Common Stock,29.25,Technology,2026-10-09,30.2,-6.91,32.61,32.24,32.56,31.03,23.82,1.16,15154387,36.23,17.56,11.98,21.92,18.0,False,False,"U:>15% pod maximom,T1,T2,V1"
UFPT,UFP Technologies Inc. Common Stock,2.22,Health Care,2026-10-09,288.97,0.84,292.72,290.03,286.3,297.34,245.51,8.07,150117,338.71,173.86,50.09,21.8,17.88,False,False,"U:objem,T1,V1"
ENTG,Entegris Inc. Common Stock,24.78,Industrials,2026-10-09,165.79,2.22,166.18,151.18,144.8,146.14,134.14,6.55,2322904,186.94,67.97,75.94,21.66,17.74,True,False,V1
NOG,Northern Oil and Gas Inc. Common Stock,2.68,Energy,2026-10-09,24.76,-1.51,25.18,24.19,24.6,24.52,24.12,0.79,2300403,31.17,17.18,4.74,21.61,17.69,False,False,"U:>15% pod maximom,T2,V1"
UI,Ubiquiti Inc. Common Stock,38.85,Technology,2026-10-09,657.29,2.41,649.77,590.8,571.42,580.45,659.36,20.19,133736,1099.99,500.23,-5.64,21.57,17.65,False,False,"U:objem,U:>15% pod maximom,U:rok v strate,T1,T3"
SCCO,Southern Copper Corporation Common Stock,165.75,Basic Materials,2026-10-09,209.21,5.31,201.23,200.08,199.39,199.63,183.45,7.14,1111037,220.78,115.74,66.4,21.31,17.39,True,True,
OR,OR Royalties Inc. Common Shares,6.41,Basic Materials,2026-10-09,34.84,1.93,34.46,35.24,35.81,35.07,36.93,1.02,954017,48.06,27.54,-7.32,21.27,17.35,False,False,"U:objem,U:>15% pod maximom,U:rok v strate,T1,T2"
FTNT,Fortinet Inc. Common Stock,138.75,Technology,2026-10-09,194.75,2.99,191.5,178.82,170.69,167.37,121.3,5.44,4589931,194.95,73.55,125.95,21.25,17.33,True,True,
EQX,Equinox Gold Corp. Common Shares,12.98,Basic Materials,2026-10-09,11.42,2.7,11.23,11.62,11.96,11.88,13.05,0.5,13590504,18.96,8.48,-0.52,20.85,16.93,False,False,"U:>15% pod maximom,U:rok v strate,T1,T2"
EL,Estee Lauder Companies Inc. (The) Common Stock,34.17,Consumer Discretionary,2026-10-09,98.05,3.95,95.51,95.05,96.27,94.88,91.81,3.18,3012396,121.64,66.22,4.34,20.83,16.91,False,False,"U:>15% pod maximom,T2"
MAT,Mattel Inc. Common Stock,4.74,Consumer Discretionary,2026-10-09,16.69,0.66,16.88,14.21,13.64,14.48,15.79,0.88,5560911,22.48,12.4,-7.79,20.59,16.67,False,False,"U:>15% pod maximom,U:rok v strate,T3,T4,V1"
GME,GameStop Corporation Common Stock,12.75,Consumer Discretionary,2026-10-09,26.56,5.06,25.82,23.87,22.53,20.88,22.34,1.15,7931644,26.88,17.79,10.34,20.56,16.64,True,False,T3
ULTA,Ulta Beauty Inc. Common Stock,24.12,Consumer Discretionary,2026-10-09,570.37,1.09,567.32,547.62,546.0,540.31,554.62,13.97,576812,714.97,443.6,1.64,20.5,16.58,False,False,"U:objem,U:>15% pod maximom"
EDU,New Oriental Education & Technology Group Inc. Sponsored ADR representing 10 Ordinary Share (Cayman Islands),8.9,Real Estate,2026-10-09,58.63,2.18,57.84,56.16,55.95,56.39,54.17,1.4,779641,64.97,44.25,9.55,20.49,16.57,False,False,U:objem
PAGS,PagSeguro Digital Ltd. Class A Common Shares,3.1,Technology,2026-10-09,11.16,4.49,10.83,9.62,9.39,9.36,9.78,0.49,3347060,12.32,8.42,21.57,20.26,16.34,True,False,T3
BETA,Beta Technologies Inc. Class A Common Stock,4.8,Industrials,2026-10-09,20.98,2.34,20.71,21.78,21.84,22.24,19.75,1.44,2489561,39.5,13.43,,20.16,16.24,False,False,"U:>15% pod maximom,T1,T2,T4"
BE,Bloom Energy Corporation Class A Common Stock,80.35,Energy,2026-10-09,280.5,2.82,286.95,276.88,272.21,246.48,212.43,19.99,15534714,351.28,75.7,223.72,20.13,16.21,False,False,"U:>15% pod maximom,U:divoký,T4,V1"
RGEN,Repligen Corporation Common Stock,8.02,Health Care,2026-10-09,173.88,6.13,164.65,180.61,178.69,173.19,143.85,9.96,1198422,198.87,100.99,16.85,20.02,16.1,True,False,T4
ANET,Arista Networks Inc. Common Stock,266.08,Telecommunications,2026-10-09,216.74,2.73,217.32,204.62,199.84,197.86,161.07,6.16,6078388,217.41,114.52,36.98,19.65,15.73,True,False,V1
EMR,Emerson Electric Company Common Stock,88.72,Technology,2026-10-09,161.83,1.74,159.66,155.45,153.06,155.85,145.32,3.9,2615412,166.35,122.64,23.04,19.54,15.62,True,True,
BDX,Becton Dickinson and Company Common Stock,49.78,Health Care,2026-10-09,183.75,0.55,182.76,181.48,180.99,181.94,163.19,3.89,1797663,193.07,127.59,23.61,19.45,15.53,True,True,
DNOW,DNOW Inc. Common Stock,2.83,Consumer Discretionary,2026-10-09,15.57,-0.51,15.75,15.72,15.77,15.75,13.92,0.44,2360093,17.26,10.94,5.99,19.31,15.39,True,False,"T1,T2,V1"
KEYS,Keysight Technologies Inc. Common Stock,63.79,Industrials,2026-10-09,382.75,2.16,381.2,356.66,343.9,341.39,307.04,10.36,1234776,389.93,158.79,123.7,19.3,15.38,True,True,
EQNR,Equinor ASA,107.34,Energy,2026-10-09,43.01,0.19,43.41,42.92,43.3,42.25,35.87,1.15,3531633,45.84,22.26,78.32,19.27,15.35,True,False,"T2,V1"
MTD,Mettler-Toledo International Inc. Common Stock,30.65,Industrials,2026-10-09,1549.99,1.34,1536.54,1474.52,1416.9,1425.81,1322.16,47.55,189046,1585.72,1023.05,18.54,19.27,15.35,False,False,U:objem
GWRE,Guidewire Software Inc. Common Stock,13.51,Technology,2026-10-09,167.32,1.54,167.25,152.44,148.02,166.14,150.34,6.71,1366288,255.89,102.3,-29.26,19.25,15.33,False,False,"U:>15% pod maximom,U:rok v strate"
WT,WisdomTree Inc. Common Stock,3.44,Finance,2026-10-09,22.61,-0.31,23.24,23.51,23.72,23.32,18.43,0.83,2594757,25.91,10.69,69.74,19.19,15.27,True,False,"T1,T2,V1"
SSNC,SS&C Technologies Holdings Inc. Common Stock,18.92,Technology,2026-10-09,81.03,0.47,80.75,79.33,79.59,80.49,74.56,1.63,1655479,89.93,61.4,-4.32,19.06,15.14,False,False,"U:rok v strate,T2"
MMSI,Merit Medical Systems Inc. Common Stock,5.09,Health Care,2026-10-09,87.21,2.3,85.81,86.36,86.73,88.04,76.7,1.95,792311,94.75,59.74,5.73,19.04,15.12,False,False,"U:objem,T1,T2"
DLB,Dolby Laboratories Common Stock,5.47,Miscellaneous,2026-10-09,58.74,0.5,59.07,58.61,59.6,60.82,59.52,1.4,934604,71.24,48.26,-16.19,19.0,15.08,False,False,"U:objem,U:>15% pod maximom,U:rok v strate,T1,T2,V1"
AAMI,Acadian Asset Management Inc. Common Stock,3.31,Finance,2026-10-09,93.71,0.44,94.45,92.35,91.96,92.18,70.59,3.33,422760,98.52,41.47,109.92,18.91,14.99,False,False,"U:objem,V1"
SAIC,Science Applications International Corporation Common Stock,5.43,Technology,2026-10-09,134.66,3.82,130.41,130.12,130.18,127.59,108.26,4.2,452701,142.66,81.08,36.64,18.84,14.92,False,False,"U:objem,T2"
COP,ConocoPhillips Common Stock,161.21,Energy,2026-10-09,134.1,-0.07,134.77,129.96,131.18,129.38,117.5,3.07,6543212,141.62,85.57,45.84,18.83,14.91,True,False,"T2,V1"
SBSW,D/B/A Sibanye-Stillwater Limited ADS,7.01,Basic Materials,2026-10-09,10.0,0.91,9.95,10.66,11.37,11.13,12.49,0.42,5179715,21.29,7.87,-10.63,18.76,14.84,False,False,"U:>15% pod maximom,U:rok v strate,T1,T2"
WHD,Cactus Inc. Class A Common Stock,5.07,Consumer Discretionary,2026-10-09,63.43,0.33,63.82,65.09,66.53,67.83,57.26,1.84,762303,74.07,33.2,76.44,18.63,14.71,False,False,"U:objem,T1,T2,V1"
CON,Concentra Group Holdings Parent Inc. Common Stock,4.67,Health Care,2026-10-09,37.19,1.58,36.94,35.57,35.02,34.6,27.05,0.92,934833,37.29,18.55,78.2,18.48,14.56,False,False,U:objem
CNXN,PC Connection Inc. Common Stock,2.29,Consumer Discretionary,2026-10-09,92.81,2.11,92.18,89.28,87.21,84.69,70.08,2.1,146698,93.89,54.97,54.55,18.24,14.32,False,False,U:objem
TALO,Talos Energy Inc. Common Stock,2.83,Energy,2026-10-09,16.8,-0.88,17.12,16.84,16.96,16.52,14.49,0.57,2047531,18.73,8.97,73.55,18.06,14.14,True,False,"T2,V1"
AU,AngloGold Ashanti PLC Ordinary Shares,45.91,Basic Materials,2026-10-09,94.16,3.72,91.33,97.14,100.68,101.03,97.01,3.18,2593931,129.14,62.55,30.31,18.05,14.13,False,False,"U:>15% pod maximom,T1,T2"
TER,Teradyne Inc. Common Stock,62.34,Industrials,2026-10-09,402.68,0.99,410.73,392.07,380.8,382.89,340.7,19.56,2852990,487.91,131.75,177.35,18.05,14.13,False,False,"U:>15% pod maximom,V1"
HNI,HNI Corporation Common Stock,3.39,Consumer Discretionary,2026-10-09,46.86,-0.11,47.57,46.64,46.85,47.74,41.58,1.51,559796,52.79,28.93,5.8,18.01,14.09,False,False,"U:objem,T1,T2,V1"
NEU,NewMarket Corp Common Stock,8.31,Industrials,2026-10-09,893.36,-1.14,914.36,900.29,891.76,905.06,750.31,20.06,125853,981.66,580.03,14.65,17.98,14.06,False,False,"U:objem,T1,V1"
NU,Nu Holdings Ltd. Class A Ordinary Shares,74.68,Finance,2026-10-09,16.12,4.81,15.79,14.04,13.91,14.37,14.68,0.67,83817026,18.98,11.2,4.88,17.92,14.0,False,False,"U:>15% pod maximom,T3"
SU,Suncor Energy  Inc. Common Stock,82.94,Energy,2026-10-09,72.23,1.86,71.29,68.93,68.61,67.29,61.06,1.75,4219473,72.46,37.77,78.92,17.89,13.97,True,True,
MORN,Morningstar Inc. Common Stock,7.61,Finance,2026-10-09,204.45,0.84,205.13,196.88,196.85,202.49,185.87,6.85,335160,228.95,141.49,-9.89,17.8,13.88,False,False,"U:objem,U:rok v strate,V1"
URBN,Urban Outfitters Inc. Common Stock,6.94,Consumer Discretionary,2026-10-09,82.18,1.51,81.37,77.34,76.71,77.58,72.26,2.28,1115463,85.43,59.54,17.08,17.65,13.73,True,True,
SLDE,Slide Insurance Holdings Inc. Common Stock,2.96,Finance,2026-10-09,25.14,-0.63,25.34,24.2,24.2,23.23,19.52,0.82,1167441,26.75,14.2,59.52,17.59,13.67,True,False,"T2,V1"
SNPS,Synopsys Inc. Common Stock,95.39,Technology,2026-10-09,509.99,2.46,511.95,436.03,409.51,419.84,445.82,20.51,2077876,539.48,362.55,5.28,17.56,13.64,True,False,"T3,V1"
HMC,Honda Motor Company Ltd. Common Stock,42.14,Industrials,2026-10-09,32.7,0.68,32.55,32.17,32.1,31.86,28.58,0.52,1004801,33.45,23.25,6.69,17.46,13.54,True,True,
HP,Helmerich & Payne Inc. Common Stock,4.02,Energy,2026-10-09,39.88,-0.77,40.69,39.78,40.85,41.11,36.63,1.4,1204020,48.17,21.73,71.67,17.4,13.48,False,False,"U:>15% pod maximom,T1,T2,V1"
MRK,Merck & Company Inc. Common Stock (new),351.28,Health Care,2026-10-09,145.6,2.26,142.77,145.82,146.96,143.46,123.9,3.69,9879314,156.92,82.01,66.4,17.39,13.47,True,False,T2
PR,Permian Resources Corporation Class A Common Stock,19.13,Energy,2026-10-09,23.03,0.83,22.97,22.28,22.55,22.38,19.59,0.64,9500411,24.65,11.92,79.92,17.38,13.46,True,False,T2
RUM,RUM Group Inc. Class A Common Stock,3.47,Technology,2026-10-09,6.96,-0.57,7.5,8.04,8.17,7.95,6.78,0.52,4310030,10.6,4.62,-12.23,17.37,13.45,False,False,"U:>15% pod maximom,U:rok v strate,T1,T2,T4,V1"
HAS,Hasbro Inc. Common Stock,13.05,Consumer Discretionary,2026-10-09,93.32,0.89,92.72,89.38,89.05,91.89,90.63,2.42,1869934,106.98,69.5,25.03,17.34,13.42,True,True,
CHEF,The Chefs' Warehouse Inc. Common Stock,4.54,Consumer Discretionary,2026-10-09,114.32,2.62,113.45,111.1,110.79,111.09,83.45,3.85,682365,118.51,55.71,103.71,17.32,13.4,False,False,U:objem
GAP,Gap Inc. (The) Common Stock,8.21,Consumer Discretionary,2026-10-09,23.23,-0.56,23.45,22.11,21.68,21.44,23.42,0.8,6955871,29.36,18.11,13.76,17.32,13.4,False,False,"U:>15% pod maximom,T1,V1"
XOM,ExxonMobil Holdings Corporation Common Stock,692.86,Energy,2026-10-09,168.94,0.26,169.19,163.5,162.78,161.57,150.33,3.32,13861977,176.41,110.39,49.62,16.91,12.99,True,False,V1
PTEN,Patterson-UTI Energy Inc. Common Stock,4.38,Energy,2026-10-09,11.31,-1.48,11.55,11.43,11.76,11.6,10.16,0.42,8170746,13.39,5.24,98.07,16.84,12.92,False,False,"U:>15% pod maximom,T1,T2,V1"
AVT,Avnet Inc. Common Stock,8.19,Technology,2026-10-09,99.36,-0.2,102.7,99.65,97.39,95.3,77.82,3.77,1239825,108.63,44.25,95.05,16.69,12.77,True,False,V1
BWIN,The Baldwin Insurance Group Inc. Class A Common Stock,4.44,Finance,2026-10-09,31.87,0.06,31.91,31.9,31.33,30.86,24.59,0.11,2564080,32.71,15.88,9.71,16.65,12.73,True,False,V1
IOSP,Innospec Inc. Common Stock,2.41,Industrials,2026-10-09,95.65,-2.09,98.49,95.67,94.68,93.98,82.88,2.33,190119,100.48,65.51,25.38,16.6,12.68,False,False,"U:objem,V1"
PYPL,PayPal Holdings Inc. Common Stock,47.07,Industrials,2026-10-09,55.53,0.93,55.13,53.63,53.27,56.27,50.12,1.5,14058433,79.21,38.46,-26.69,16.54,12.62,False,False,"U:>15% pod maximom,U:rok v strate,T1"
TECK,Teck Resources Ltd Ordinary Shares,31.73,Industrials,2026-10-09,68.05,4.98,65.53,66.19,66.71,66.62,59.45,2.18,3074941,72.56,38.0,55.08,16.38,12.46,True,False,T2
CVX,Chevron Corporation Common Stock,417.97,Energy,2026-10-09,211.98,0.2,212.36,207.79,208.6,204.27,188.14,4.06,8284666,217.78,146.49,39.79,16.34,12.42,True,False,"T2,V1"
WAT,Waters Corporation Common Stock,42.16,Industrials,2026-10-09,433.77,1.08,432.46,429.15,421.73,415.9,364.95,13.42,792322,454.54,282.77,31.27,16.22,12.3,False,False,U:objem
DBX,Dropbox Inc. Class A Common Stock,7.71,Technology,2026-10-09,34.36,0.64,34.23,34.6,34.81,34.57,28.33,1.3,4192053,38.17,21.69,17.79,16.16,12.24,True,False,"T1,T2"
UHS,Universal Health Services Inc. Common Stock,10.36,Health Care,2026-10-09,177.35,0.93,177.2,176.96,176.16,173.97,179.58,4.51,791653,246.33,140.08,-12.03,16.09,12.17,False,False,"U:objem,U:>15% pod maximom,U:rok v strate,T1"
WOR,Worthington Enterprises Inc. Common Shares,3.0,Industrials,2026-10-09,62.45,2.01,61.35,59.61,59.23,58.68,55.6,2.59,318826,67.54,45.01,12.12,15.97,12.05,False,False,U:objem
RMD,ResMed Inc. Common Stock,31.89,Health Care,2026-10-09,230.05,1.46,226.88,223.91,222.96,225.19,225.2,4.95,1306476,284.05,180.27,-17.21,15.89,11.97,False,False,"U:>15% pod maximom,U:rok v strate"
AMRX,Amneal Pharmaceuticals Inc. Class A Common Stock,6.84,Health Care,2026-10-09,19.91,1.32,19.72,19.43,18.72,18.47,15.19,0.75,2283130,21.17,9.56,93.49,15.89,11.97,True,True,
NEO,NeoGenomics Inc. Common Stock,2.06,Health Care,2026-10-09,16.35,2.06,16.09,18.41,18.59,17.45,12.45,1.06,2405747,20.15,7.07,82.27,15.88,11.96,False,False,"U:>15% pod maximom,T1,T2,T4"
WAY,Waystar Holding Corp. Common Stock,5.08,Technology,2026-10-09,26.68,0.76,26.7,25.69,25.09,24.96,24.22,1.08,2423290,40.35,17.26,-28.72,15.85,11.93,False,False,"U:>15% pod maximom,U:rok v strate,V1"
CEG,Constellation Energy Corporation Common Stock ,101.0,Utilities,2026-10-09,298.07,4.56,306.99,268.1,268.7,273.98,286.14,14.52,3127471,412.7,228.63,-22.22,15.72,11.8,False,False,"U:>15% pod maximom,U:rok v strate,T2,T3,V1"
CHRD,Chord Energy Corporation Common Stock,7.79,Energy,2026-10-09,141.54,-0.56,142.44,140.47,143.01,141.96,126.75,3.95,717396,157.06,84.25,47.48,15.68,11.76,False,False,"U:objem,T1,T2,V1"
MCK,McKesson Corporation Common Stock,108.46,Health Care,2026-10-09,938.84,0.92,938.51,891.94,883.67,883.72,850.18,24.57,922630,999.0,723.68,23.86,15.58,11.66,False,False,U:objem
PFE,Pfizer Inc. Common Stock,158.56,Health Care,2026-10-09,28.28,1.65,28.0,27.99,28.01,27.62,26.46,0.56,36003771,29.21,23.62,12.04,15.52,11.6,True,False,T2
ADMA,ADMA Biologics Inc Common Stock,2.31,Health Care,2026-10-09,10.36,0.29,10.44,9.68,9.48,9.57,11.52,0.43,2667463,20.46,7.21,-29.72,15.5,11.58,False,False,"U:>15% pod maximom,U:rok v strate,T1,V1"
PARR,Par Pacific Holdings Inc.  Common Stock,4.39,Energy,2026-10-09,81.89,-6.57,89.21,82.58,81.81,80.08,60.82,4.44,979382,89.45,33.21,126.34,15.47,11.55,False,False,"U:objem,T4,V1"
HCA,HCA Healthcare Inc. Common Stock,96.35,Health Care,2026-10-09,451.09,1.37,446.48,431.98,425.71,420.71,445.2,11.76,1443185,556.52,353.99,7.69,15.45,11.53,False,False,U:>15% pod maximom
MEDP,Medpace Holdings Inc. Common Stock,16.82,Health Care,2026-10-09,612.05,1.55,604.56,613.65,608.49,602.49,524.95,19.73,272271,677.9,373.0,18.0,15.44,11.52,False,False,U:objem
AVPT,AvePoint Inc. Class A Common Stock,3.05,Technology,2026-10-09,14.63,1.53,14.52,13.76,13.38,13.48,11.73,0.54,2079726,15.48,8.84,-3.62,15.38,11.46,False,False,U:rok v strate
CNQ,Canadian Natural Resources Limited Common Stock,101.48,Energy,2026-10-09,49.65,1.22,49.18,48.59,49.14,48.87,44.41,1.15,6466339,52.31,29.68,51.79,15.33,11.41,True,False,T2
AMGN,Amgen Inc. Common Stock,220.28,Health Care,2026-10-09,414.87,1.82,411.84,402.18,399.21,411.89,366.57,10.93,2764614,447.03,288.0,40.43,15.1,11.18,True,True,
ASO,Academy Sports and Outdoors Inc. Common Stock,3.25,Consumer Discretionary,2026-10-09,53.49,1.38,54.13,50.05,49.41,48.19,52.4,1.78,1663255,62.44,41.29,1.69,15.06,11.14,True,False,V1
GILD,Gilead Sciences Inc. Common Stock,182.4,Health Care,2026-10-09,151.17,2.77,147.59,148.77,148.66,144.71,137.32,3.53,5997442,157.29,114.02,29.49,15.05,11.13,True,True,
SMMT,Summit Therapeutics Inc. Common Stock ,13.73,Health Care,2026-10-09,17.59,2.45,17.64,17.03,17.02,15.46,16.36,1.18,5905271,29.23,12.07,-22.34,14.97,11.05,False,False,"U:>15% pod maximom,U:rok v strate,T4,V1"
TRMB,Trimble Inc. Common Stock,13.96,Industrials,2026-10-09,60.09,0.4,59.99,58.42,57.94,58.59,62.16,1.56,2932560,84.42,47.92,-24.12,14.92,11.0,False,False,"U:>15% pod maximom,U:rok v strate,T1"
NG,Novagold Resources Inc.,2.76,Basic Materials,2026-10-09,6.71,6.85,6.54,6.91,7.24,7.52,8.51,0.36,5518684,14.4,5.08,-31.18,14.9,10.98,False,False,"U:>15% pod maximom,U:rok v strate,T1,T2,T4"
XMTR,Xometry Inc. Class A Common Stock,6.1,Consumer Discretionary,2026-10-09,111.07,4.31,108.0,101.33,96.22,94.35,73.59,5.83,750382,112.94,35.86,114.55,14.9,10.98,False,False,"U:objem,T4"
TDW,Tidewater Inc. Common Stock,4.21,Consumer Discretionary,2026-10-09,85.42,0.85,84.86,85.14,87.38,88.33,77.17,2.61,603325,101.58,46.65,67.23,14.89,10.97,False,False,"U:objem,U:>15% pod maximom,T1,T2"
GDDY,GoDaddy Inc. Class A Common Stock,13.07,Technology,2026-10-09,104.35,1.12,104.0,98.95,97.93,96.78,92.78,4.73,2175701,137.93,71.59,-22.01,14.85,10.93,False,False,"U:>15% pod maximom,U:rok v strate"
SONO,Sonos Inc. Common Stock,2.01,Consumer Staples,2026-10-09,17.26,1.83,17.09,17.02,16.4,16.13,15.26,0.61,1946576,19.82,12.44,-2.65,14.76,10.84,False,False,U:rok v strate
GEF,Greif Inc. Class A Common Stock,3.78,,2026-10-09,81.82,-0.07,82.95,82.27,82.71,84.63,73.65,1.77,321658,90.57,55.75,40.13,14.66,10.74,False,False,"U:objem,T1,T2,V1"
FRPT,Freshpet Inc. Common Stock,3.13,Consumer Staples,2026-10-09,64.07,-1.7,65.56,60.74,61.6,66.24,63.59,2.08,1190436,86.0,46.45,28.11,14.57,10.65,False,False,"U:>15% pod maximom,T1,T2,V1"
NDSN,Nordson Corporation Common Stock,18.21,Industrials,2026-10-09,328.17,0.4,329.18,322.85,318.83,318.73,289.43,6.06,376552,339.12,223.29,40.39,14.51,10.59,False,False,"U:objem,V1"
CME,CME Group Inc. Class A Common Stock,99.4,Finance,2026-10-09,280.56,1.49,278.21,270.31,271.13,271.8,278.48,6.43,2044949,329.16,218.31,4.36,14.47,10.55,True,False,T2
SXT,Sensient Technologies Corporation Common Stock,5.62,Industrials,2026-10-09,130.37,-1.26,132.76,129.44,129.69,131.14,111.09,3.03,407328,138.82,82.6,40.93,14.36,10.44,False,False,"U:objem,T1,T2,V1"
HNGE,Hinge Health Inc. Class A Common Stock,7.91,Technology,2026-10-09,102.9,5.0,98.75,95.75,93.63,90.95,62.43,3.77,1817241,103.28,30.08,104.33,14.33,10.41,True,True,
OGC,OceanaGold Corporation Common Shares,5.98,,2026-10-09,27.6,3.49,27.08,27.77,28.67,28.54,30.52,1.03,573642,43.33,20.18,18.3,14.29,10.37,False,False,"U:objem,U:>15% pod maximom,T1,T2"
B,Barrick Mining Corporation Common Shares,65.82,Basic Materials,2026-10-09,41.06,2.68,40.0,41.66,42.64,42.71,42.66,1.23,9568131,54.69,30.35,24.27,14.25,10.33,False,False,"U:>15% pod maximom,T1,T2"
BTE,Baytex Energy Corp Common Shares,3.36,Energy,2026-10-09,4.81,1.48,4.77,4.7,4.76,4.66,4.25,0.16,16619338,5.36,2.18,87.89,14.25,10.33,True,False,T2
MDB,MongoDB Inc. Class A Common Stock,29.91,Technology,2026-10-09,385.93,3.93,372.96,378.94,377.89,395.17,341.42,26.13,2159966,473.1,215.68,16.43,14.19,10.27,False,False,"U:>15% pod maximom,T1,T4"
DGII,Digi International Inc. Common Stock,2.84,Telecommunications,2026-10-09,75.63,0.93,75.45,74.12,72.7,75.08,60.71,2.79,370687,86.84,34.41,106.53,14.19,10.27,False,False,U:objem
LDOS,Leidos Holdings Inc. Common Stock,14.96,Technology,2026-10-09,121.68,2.06,119.48,123.54,126.45,130.85,145.61,3.85,1377769,205.77,98.86,-37.29,14.17,10.25,False,False,"U:>15% pod maximom,U:rok v strate,T1,T2"
LFST,LifeStance Health Group Inc. Common Stock,4.61,Health Care,2026-10-09,12.42,2.99,12.16,12.29,12.45,12.16,8.93,0.41,4366663,13.56,4.77,131.72,14.15,10.23,True,False,T2
BAH,Booz Allen Hamilton Holding Corporation Common Stock,8.77,Consumer Discretionary,2026-10-09,73.94,1.47,73.08,73.45,74.28,74.39,77.4,2.66,1899073,109.1,59.5,-25.86,14.1,10.18,False,False,"U:>15% pod maximom,U:rok v strate,T1,T2"
GGB,Gerdau S.A. Common Stock,9.73,Industrials,2026-10-09,5.12,4.07,5.12,4.94,4.94,4.85,4.38,0.18,12974717,5.48,3.13,57.06,14.03,10.11,True,False,"T2,V1"
TGT,Target Corporation Common Stock,70.31,Consumer Discretionary,2026-10-09,153.64,-0.72,156.1,156.16,157.64,156.78,130.2,3.63,3982804,170.75,83.44,72.44,14.0,10.08,True,False,"T1,T2,V1"
AGI,Alamos Gold Inc. Class A Common Shares,13.53,Basic Materials,2026-10-09,32.9,2.11,32.31,33.78,34.79,34.33,38.87,1.13,4111890,55.41,27.05,0.43,14.0,10.08,False,False,"U:>15% pod maximom,T1,T2"
FFIV,F5 Inc. Common Stock,26.14,Telecommunications,2026-10-09,479.83,3.94,470.32,446.73,429.65,418.55,350.3,12.49,587439,482.47,223.76,40.16,13.99,10.07,False,False,U:objem
COIN,Coinbase Global Inc. Class A Common Stock,45.38,Finance,2026-10-09,179.39,4.3,179.05,186.76,185.86,174.57,183.78,9.53,9172498,402.16,139.11,-53.65,13.99,10.07,False,False,"U:>15% pod maximom,U:rok v strate,T1,T4"
HGTY,Hagerty Inc. Class A Common Stock,5.14,Finance,2026-10-09,14.21,0.07,14.26,13.76,13.62,13.34,11.87,0.38,349538,14.36,9.36,18.32,13.95,10.03,False,False,"U:objem,V1"
DSGX,Descartes Systems Group Inc. (The) Common Stock,6.96,Technology,2026-10-09,82.82,1.81,81.63,79.85,78.44,78.54,74.52,2.65,588726,98.35,62.56,-14.72,13.83,9.91,False,False,"U:objem,U:>15% pod maximom,U:rok v strate"
AMD,Advanced Micro Devices Inc. Common Stock,1013.24,Technology,2026-10-09,608.1,-2.03,643.85,598.07,566.49,528.92,385.32,22.18,23108582,658.52,188.22,161.11,13.79,9.87,True,False,V1
SEI,Solaris Energy Infrastructure Inc. Class A Common Stock,5.6,Consumer Discretionary,2026-10-09,76.4,4.54,75.45,70.24,67.13,62.45,62.14,4.12,3011853,86.19,38.5,60.2,13.78,9.86,True,False,T4
SVM,Silvercorp Metals Inc. Common Shares,2.28,Basic Materials,2026-10-09,10.49,1.75,10.31,11.09,11.57,11.65,11.26,0.44,2274044,15.77,5.95,52.92,13.77,9.85,False,False,"U:>15% pod maximom,T1,T2"
PATH,UiPath Inc. Class A Common Stock,6.91,Technology,2026-10-09,13.48,1.74,13.39,13.22,13.44,14.72,12.6,0.53,63580798,19.84,9.2,-27.17,13.76,9.84,False,False,"U:>15% pod maximom,U:rok v strate,T1,T2"
TNET,TriNet Group Inc. Common Stock,3.05,Consumer Discretionary,2026-10-09,65.45,-1.56,67.51,65.56,66.1,67.26,52.69,2.3,364192,73.08,33.61,2.59,13.71,9.79,False,False,"U:objem,T1,T2,V1"
CVE,Cenovus Energy Inc Common Stock,59.04,Energy,2026-10-09,31.39,-0.32,31.74,31.74,32.2,31.51,26.32,1.02,7141698,34.16,15.63,73.62,13.69,9.77,True,False,"T1,T2,V1"
MTRN,Materion Corporation,5.77,Industrials,2026-10-09,280.45,1.21,290.58,269.54,258.67,259.44,203.68,14.41,316209,324.99,109.61,123.75,13.66,9.74,False,False,"U:objem,T4,V1"
RUSHB,Rush Enterprises Inc. Class B,6.55,Consumer Discretionary,2026-10-09,57.34,2.16,56.42,55.1,53.6,53.11,46.67,1.64,157458,57.43,31.81,55.93,13.54,9.62,False,False,U:objem
ICE,Intercontinental Exchange Inc. Common Stock,87.21,Finance,2026-10-09,156.19,0.54,155.96,154.1,155.04,155.55,154.84,3.4,3354682,176.05,121.79,-1.95,13.45,9.53,False,False,"U:rok v strate,T2"
NCNO,nCino Inc. Common Stock,2.08,Technology,2026-10-09,19.73,0.25,19.79,19.83,20.47,20.45,18.56,0.9,2329920,27.5,13.8,-22.63,13.39,9.47,False,False,"U:>15% pod maximom,U:rok v strate,T1,T2,V1"
ABNB,Airbnb Inc. Class A Common Stock,97.74,Consumer Discretionary,2026-10-09,165.87,1.62,164.65,161.82,164.31,171.04,144.2,5.53,4713588,193.45,110.81,38.05,13.35,9.43,True,False,"T1,T2"
AEO,American Eagle Outfitters Inc. Common Stock,3.01,Consumer Discretionary,2026-10-09,18.17,1.11,18.07,16.68,16.25,16.78,19.0,0.69,5652452,28.46,14.06,19.93,13.35,9.43,False,False,"U:>15% pod maximom,T1"
HRMY,Harmony Biosciences Holdings Inc. Common Stock,2.31,Health Care,2026-10-09,40.28,1.72,39.89,40.67,41.18,39.93,34.67,1.33,893209,43.49,25.52,50.41,13.34,9.42,False,False,"U:objem,T2"
HCC,Warrior Met Coal Inc. Common Stock,4.74,Energy,2026-10-09,93.07,3.64,92.38,90.61,93.44,95.72,90.51,3.51,629553,111.42,61.87,42.03,13.33,9.41,False,False,"U:objem,U:>15% pod maximom,T1,T2"
DUOL,Duolingo Inc. Class A Common Stock,7.08,Technology,2026-10-09,149.92,-0.86,152.18,146.74,145.78,144.03,126.49,5.88,1150185,353.0,87.89,-55.54,13.28,9.36,False,False,"U:>15% pod maximom,U:divoký,U:rok v strate,V1"
DV,DoubleVerify Holdings Inc. Common Stock,2.09,Technology,2026-10-09,13.49,-0.07,13.51,13.46,13.43,13.21,11.14,0.04,3559736,13.65,7.64,18.75,13.27,9.35,True,False,V1
E,ENI S.p.A. Common Stock,87.51,Energy,2026-10-09,56.0,0.68,56.11,54.89,55.0,54.92,50.36,1.04,360712,58.0,34.03,58.15,13.27,9.35,False,False,"U:objem,T2,V1"
BP,BP p.l.c. Common Stock,121.37,Energy,2026-10-09,46.25,-0.24,46.56,44.78,44.77,44.04,41.9,1.12,8776334,48.27,32.72,34.88,13.27,9.35,True,False,V1
TFPM,Triple Flag Precious Metals Corp. Common Shares,6.33,Industrials,2026-10-09,31.21,1.93,30.72,31.66,32.43,32.32,33.12,0.91,506987,41.7,26.61,5.55,13.12,9.2,False,False,"U:objem,U:>15% pod maximom,T1,T2"
OVV,Ovintiv Inc. (DE),17.91,Energy,2026-10-09,63.88,0.8,63.8,61.37,61.86,62.88,55.33,1.75,3352584,67.51,35.47,63.17,13.04,9.12,True,False,T2
ARW,Arrow Electronics Inc. Common Stock,11.54,Technology,2026-10-09,227.9,0.51,232.6,226.46,222.58,217.72,183.22,7.6,555517,249.43,101.79,93.45,12.94,9.02,False,False,"U:objem,V1"
DXPE,DXP Enterprises Inc. Common Stock,2.77,Industrials,2026-10-09,180.92,1.31,182.61,186.29,186.44,186.54,157.06,6.94,132215,208.0,84.04,46.58,12.93,9.01,False,False,"U:objem,T1,T2,V1"
G,Genpact Limited Common Stock,5.8,Consumer Discretionary,2026-10-09,34.4,-0.78,34.86,34.0,34.37,35.13,36.2,1.07,2160084,48.64,26.85,-14.39,12.86,8.94,False,False,"U:>15% pod maximom,U:rok v strate,T1,T2,V1"
RRC,Range Resources Corporation Common Stock,9.53,Energy,2026-10-09,40.89,0.29,40.91,38.98,39.41,40.03,39.49,1.06,2753876,48.31,32.68,6.02,12.83,8.91,False,False,"U:>15% pod maximom,T2,V1"
LH,Labcorp Holdings Inc. Common Stock,25.48,Health Care,2026-10-09,312.15,-0.65,315.48,313.03,314.66,319.83,281.78,6.69,750849,341.8,244.52,12.37,12.82,8.9,False,False,"U:objem,T1,T2,V1"
IOT,Samsara Inc. Class A Common Stock,24.14,Technology,2026-10-09,41.55,0.8,41.44,40.0,39.42,39.63,33.71,1.7,6003036,47.47,23.38,3.69,12.82,8.9,True,True,
SOLV,Solventum Corporation Common Stock,14.71,Health Care,2026-10-09,87.29,1.02,86.79,88.32,88.93,88.42,78.1,1.58,1041907,94.16,62.38,21.57,12.75,8.83,True,False,"T1,T2"
DDOG,Datadog Inc. Class A Common Stock,98.31,Technology,2026-10-09,293.26,7.11,278.9,259.2,244.11,246.88,188.31,11.36,4021079,294.0,98.01,78.74,12.69,8.77,True,False,T3
CCC,CCC Intelligent Solutions Holdings Inc. Common Stock,3.87,Technology,2026-10-09,7.02,6.85,6.64,6.64,6.72,6.88,6.11,0.28,10591265,9.45,4.08,-24.68,12.68,8.76,False,False,"U:>15% pod maximom,U:rok v strate,T2"
NVDA,NVIDIA Corporation Common Stock,5554.57,Technology,2026-10-09,229.28,-0.52,237.07,226.73,223.79,222.08,202.15,5.2,120305479,243.37,164.27,19.06,12.65,8.73,True,False,V1
HMY,Harmony Gold Mining Company Limited,10.69,Basic Materials,2026-10-09,16.88,0.24,16.9,18.33,19.19,19.32,18.25,0.65,3567382,26.06,13.03,-6.79,12.61,8.69,False,False,"U:>15% pod maximom,U:rok v strate,T1,T2,V1"
REGN,Regeneron Pharmaceuticals Inc. Common Stock,76.14,Health Care,2026-10-09,746.54,0.94,744.5,766.46,782.81,789.69,735.55,21.63,737214,859.34,541.0,30.99,12.59,8.67,False,False,"U:objem,T1,T2"
IFF,International Flavors & Fragrances Inc. Common Stock,21.6,Industrials,2026-10-09,84.55,-0.12,85.07,84.35,84.53,84.53,76.81,1.65,1666463,89.32,59.14,40.57,12.58,8.66,True,False,"T2,V1"
DIS,Walt Disney Company (The) Common Stock,184.79,Consumer Discretionary,2026-10-09,108.05,0.96,107.41,105.01,104.98,105.15,103.7,1.98,9394992,117.09,92.19,-2.65,12.55,8.63,False,False,U:rok v strate
SA,Seabridge Gold Inc. Common Shares New,2.93,Basic Materials,2026-10-09,28.08,3.54,27.23,29.06,30.13,30.48,30.31,1.3,625009,40.06,21.67,17.29,12.55,8.63,False,False,"U:objem,U:>15% pod maximom,T1,T2"
APPF,AppFolio Inc. Class A Common Stock,6.99,Technology,2026-10-09,202.2,2.41,199.93,207.19,208.99,209.05,184.91,7.55,370628,265.02,142.56,-12.36,12.4,8.48,False,False,"U:objem,U:>15% pod maximom,U:rok v strate,T1,T2"
VRSN,VeriSign Inc. Common Stock,26.89,Technology,2026-10-09,303.74,2.0,298.39,293.99,292.07,290.64,267.19,7.29,811480,312.48,208.86,15.95,12.37,8.45,False,False,U:objem
MTSI,MACOM Technology Solutions Holdings Inc. Common Stock,24.61,Technology,2026-10-09,330.06,2.44,338.51,290.68,276.18,283.68,277.28,15.68,1364861,418.9,121.97,148.2,12.17,8.25,False,False,"U:>15% pod maximom,T3,V1"
FIVE,Five Below Inc. Common Stock,11.55,Consumer Discretionary,2026-10-09,214.73,2.38,210.32,225.08,234.32,234.79,215.5,9.03,1114922,263.88,137.77,42.24,12.11,8.19,False,False,"U:>15% pod maximom,T1,T2"
EHC,Encompass Health Corporation Common Stock,12.09,Health Care,2026-10-09,123.33,0.64,123.59,122.36,121.99,121.35,108.56,3.11,908184,127.99,92.77,0.14,12.08,8.16,False,False,"U:objem,V1"
BTX,BlackRock Technology and Private Equity Term Trust Common Shares of Beneficial Interest,2.18,,2026-10-09,9.4,1.73,9.38,9.02,8.9,8.9,7.89,0.16,512806,9.49,6.13,36.23,12.04,8.12,False,False,U:objem
RDNT,RadNet Inc. Common Stock,5.37,Health Care,2026-10-09,70.91,3.96,68.5,72.08,72.97,73.17,65.4,2.44,717695,85.84,50.82,-2.65,12.0,8.08,False,False,"U:objem,U:>15% pod maximom,U:rok v strate,T1,T2"
HL,Hecla Mining Company Common Stock,11.24,Industrials,2026-10-09,17.07,2.03,16.77,17.74,18.62,18.46,19.12,0.72,38363634,34.17,11.81,33.46,11.93,8.01,False,False,"U:>15% pod maximom,T1,T2"
SBLK,Star Bulk Carriers Corp. Common Shares,3.4,Consumer Discretionary,2026-10-09,29.7,-2.53,30.52,30.46,30.76,30.15,25.86,0.88,1611933,32.88,16.72,67.89,11.91,7.99,True,False,"T1,T2,V1"
RNW,ReNew Energy Global plc Class A Ordinary Shares,2.51,Utilities,2026-10-09,6.88,-0.29,6.9,6.85,6.84,6.75,5.87,0.02,2182647,8.16,4.39,-15.06,11.87,7.95,False,False,"U:>15% pod maximom,U:rok v strate,V1"
APH,Amphenol Corporation Common Stock,210.4,Technology,2026-10-09,87.24,2.25,87.41,83.21,81.91,82.31,74.68,2.61,12331971,89.93,59.01,38.2,11.85,7.93,True,False,V1
STNE,StoneCo Ltd. Class A Common Shares,2.86,Technology,2026-10-09,12.46,7.41,11.99,10.09,9.67,10.07,12.49,0.61,5621120,19.64,8.95,-30.39,11.75,7.83,False,False,"U:>15% pod maximom,U:rok v strate,T1,T3"
CAMT,Camtek Ltd. Ordinary Shares,7.01,Technology,2026-10-09,152.81,1.53,152.09,149.12,147.2,148.93,156.93,7.72,444482,215.99,91.91,33.93,11.72,7.8,False,False,"U:objem,U:>15% pod maximom,T1,T4"
PM,Philip Morris International Inc Common Stock,312.5,Health Care,2026-10-09,201.19,0.34,202.7,191.94,189.91,189.88,178.82,4.51,4658963,207.76,142.11,28.27,11.65,7.73,True,False,V1
FOXA,Fox Corporation Class A Common Stock,26.81,Industrials,2026-10-09,62.41,-1.82,63.92,63.87,64.45,64.85,62.93,1.67,4800123,76.39,48.34,6.01,11.65,7.73,False,False,"U:>15% pod maximom,T1,T2,V1"
PEGA,Pegasystems Inc. Common Stock,5.83,Technology,2026-10-09,35.65,0.45,35.57,34.98,35.26,34.42,38.91,1.26,2563233,68.1,25.1,-36.6,11.62,7.7,False,False,"U:>15% pod maximom,U:rok v strate,T1,T2"
WSM,Williams-Sonoma Inc. Common Stock (DE),28.15,Consumer Discretionary,2026-10-09,241.78,1.16,242.66,230.86,227.39,234.41,210.15,6.37,1065771,254.89,165.51,27.73,11.6,7.68,True,False,V1
CLBK,Columbia Financial Inc. Common Stock,2.97,Finance,2026-10-09,10.8,-1.91,11.06,11.24,11.38,11.36,9.26,0.29,6300233,12.0,6.21,63.86,11.6,7.68,True,False,"T1,T2,V1"
LXP,LXP Industrial Trust Common Stock (Maryland REIT),3.6,Real Estate,2026-10-09,61.0,-0.02,61.03,60.9,60.86,60.81,53.66,0.08,844185,61.61,44.0,36.01,11.58,7.66,False,False,"U:objem,V1"
TPC,Tutor Perini Corporation Common Stock,4.43,Consumer Discretionary,2026-10-09,83.36,-1.04,85.79,84.98,85.58,88.3,80.83,2.84,658466,102.3,57.9,35.0,11.53,7.61,False,False,"U:objem,U:>15% pod maximom,T1,T2,V1"
DOX,Amdocs Limited Ordinary Shares,6.5,Technology,2026-10-09,58.84,-2.34,60.34,59.12,59.56,59.57,64.16,1.47,1129942,85.63,49.74,-28.07,11.52,7.6,False,False,"U:>15% pod maximom,U:rok v strate,T1,T2,V1"
ABBV,AbbVie Inc. Common Stock,481.4,Health Care,2026-10-09,276.47,1.49,272.52,265.31,261.09,258.89,232.65,5.77,4825782,277.6,190.75,19.84,11.48,7.56,True,True,
TW,Tradeweb Markets Inc. Class A Common Stock,25.67,Finance,2026-10-09,111.08,1.28,110.68,103.57,102.23,104.25,108.38,2.91,1405987,127.69,91.42,2.12,11.44,7.52,True,True,
TSCO,Tractor Supply Company Common Stock,17.44,Consumer Discretionary,2026-10-09,33.7,0.66,33.57,32.35,32.72,33.68,39.42,0.99,10568647,58.21,28.36,-37.85,11.44,7.52,False,False,"U:>15% pod maximom,U:rok v strate,T1,T2"
DGX,Quest Diagnostics Incorporated Common Stock,25.48,Health Care,2026-10-09,230.97,0.07,231.08,236.4,237.64,237.47,207.39,5.58,1053644,248.84,171.18,27.3,11.39,7.47,True,False,"T1,T2,V1"
SII,Sprott Inc. Common Shares,2.97,Finance,2026-10-09,115.76,0.49,115.65,122.13,125.42,123.08,126.46,3.99,158057,169.63,78.79,39.84,11.34,7.42,False,False,"U:objem,U:>15% pod maximom,T1,T2"
FOX,Fox Corporation Class B Common Stock,24.02,Industrials,2026-10-09,55.89,-1.9,57.25,57.17,57.62,57.91,56.54,1.47,1136960,68.18,44.08,6.13,11.29,7.37,False,False,"U:>15% pod maximom,T1,T2,V1"
QTWO,Q2 Holdings Inc. Common Stock,3.66,Technology,2026-10-09,58.6,-0.15,58.81,57.52,58.17,61.03,55.08,1.73,745731,76.24,40.79,-7.47,11.28,7.36,False,False,"U:objem,U:>15% pod maximom,U:rok v strate,T1,T2,V1"
FROG,JFrog Ltd. Ordinary Shares,11.99,Technology,2026-10-09,102.23,5.12,99.87,94.41,91.58,91.83,69.22,4.55,1958500,105.76,34.05,113.65,11.1,7.18,True,True,
VIAV,Viavi Solutions Inc. Common Stock,10.92,Technology,2026-10-09,45.46,3.11,46.29,40.32,38.23,39.32,37.5,2.58,5043098,60.43,12.23,259.08,11.09,7.17,False,False,"U:>15% pod maximom,U:divoký,T3,T4,V1"
ADSK,Autodesk Inc. Common Stock,48.82,Technology,2026-10-09,235.35,0.75,236.0,219.36,214.56,233.48,237.32,7.27,2169519,320.0,185.5,-24.16,10.9,6.98,False,False,"U:>15% pod maximom,U:rok v strate,T1,V1"
CHT,Chunghwa Telecom Co. Ltd.,35.84,Telecommunications,2026-10-09,45.99,-0.45,46.27,45.84,45.42,44.17,43.35,0.55,211598,46.48,39.28,6.98,10.87,6.95,False,False,"U:objem,V1"
MRX,Marex Group Limited Ordinary Shares,5.28,Finance,2026-10-09,71.92,1.05,72.36,72.23,72.89,70.88,54.83,3.17,721984,79.11,29.82,128.17,10.86,6.94,False,False,"U:objem,T2,V1"
BGR,BlackRock Energy and Resources Trust,2.38,Finance,2026-10-09,17.71,0.91,17.6,17.28,17.31,17.09,15.98,0.3,94670,17.92,12.92,30.8,10.83,6.91,False,False,"U:objem,T2"
MUR,Murphy Oil Corporation Common Stock,5.53,Energy,2026-10-09,38.68,0.21,38.76,37.44,37.4,36.84,36.09,1.29,1638128,43.34,26.49,30.63,10.83,6.91,True,False,V1
EQH,Equitable Holdings Inc. Common Stock,14.6,Finance,2026-10-09,52.92,-1.05,53.74,53.14,52.88,51.78,45.43,1.49,2837496,55.22,35.19,6.05,10.71,6.79,True,False,V1
PTGX,Protagonist Therapeutics Inc. Common Stock,9.05,Health Care,2026-10-09,143.73,2.73,142.18,141.8,143.12,145.46,112.55,5.13,619623,160.81,65.56,114.39,10.66,6.74,False,False,"U:objem,T1,T2"
PPTA,Perpetua Resources Corp. Common Shares,2.52,Basic Materials,2026-10-09,20.64,2.64,20.22,22.05,23.06,23.4,26.21,1.04,1094269,37.37,16.43,-13.78,10.61,6.69,False,False,"U:>15% pod maximom,U:rok v strate,T1,T2,T4"
CRBG,Corebridge Financial Inc. Common Stock,15.36,Finance,2026-10-09,34.09,-1.04,34.63,34.36,34.25,33.62,29.5,0.91,4437457,35.64,22.19,5.94,10.61,6.69,True,False,V1
WCC,WESCO International Inc. Common Stock,17.35,Consumer Discretionary,2026-10-09,365.69,2.74,364.92,359.66,355.59,355.48,321.55,13.21,581574,388.64,207.39,64.67,10.53,6.61,False,False,U:objem
VRNS,Varonis Systems Inc. Common Stock,5.61,Technology,2026-10-09,50.12,2.54,49.25,47.9,47.06,45.2,34.4,1.6,1765907,63.9,19.7,-20.7,10.45,6.53,False,False,"U:>15% pod maximom,U:rok v strate"
DVN,Devon Energy Corporation Common Stock,53.81,Energy,2026-10-09,48.26,-1.35,49.44,48.03,48.26,47.36,44.9,1.47,10912923,52.71,31.47,40.49,10.36,6.44,True,False,"T2,V1"
EMBJ,Embraer S.A. Common Stock,12.83,Industrials,2026-10-09,71.16,0.23,72.26,74.98,75.37,74.29,67.31,2.56,1295960,80.75,53.56,23.46,10.36,6.44,True,False,"T1,T2,V1"
ALLE,Allegion plc Ordinary Shares,12.75,Consumer Discretionary,2026-10-09,150.48,0.33,151.36,153.27,153.88,157.67,150.06,3.78,1271423,183.11,125.0,-14.23,10.35,6.43,False,False,"U:>15% pod maximom,U:rok v strate,T1,T2,V1"
EXK,Endeavour Silver Corporation Ordinary Shares (Canada),2.54,Basic Materials,2026-10-09,8.65,0.93,8.58,9.2,9.76,9.84,9.92,0.46,7989820,15.15,6.6,13.97,10.33,6.41,False,False,"U:>15% pod maximom,T1,T2,T4"
SPOT,Spotify Technology S.A. Ordinary Shares,108.35,Consumer Discretionary,2026-10-09,529.14,0.52,528.39,511.63,516.73,516.58,498.69,16.68,1683461,700.12,405.0,-21.45,10.27,6.35,False,False,"U:>15% pod maximom,U:rok v strate,T2"
COKE,Coca-Cola Consolidated Inc. Common Stock,12.77,Consumer Staples,2026-10-09,196.24,2.28,193.75,192.76,191.91,191.0,182.93,5.66,492122,219.65,119.81,59.29,10.24,6.32,False,False,U:objem
STNG,Scorpio Tankers Inc. Common Shares,4.56,Consumer Discretionary,2026-10-09,85.14,-3.41,88.44,84.85,84.16,81.17,74.6,3.09,878466,90.06,48.93,53.32,10.17,6.25,False,False,"U:objem,V1"
GRMN,Garmin Ltd. Common Stock (Switzerland),51.77,Industrials,2026-10-09,268.36,-0.03,272.76,281.99,282.1,288.81,248.12,7.67,918346,314.28,186.67,4.62,10.16,6.24,False,False,"U:objem,T1,T2,V1"
CTAS,Cintas Corporation Common Stock,79.86,Industrials,2026-10-09,202.41,0.64,201.23,197.71,198.15,200.42,188.32,3.86,2112060,219.17,161.16,5.56,10.16,6.24,True,False,T2
PAY,Paymentus Holdings Inc. Class A Common Stock,4.02,Consumer Discretionary,2026-10-09,31.88,-0.13,31.94,32.47,33.54,35.92,28.66,1.31,1154630,45.31,20.11,-0.09,10.16,6.24,False,False,"U:>15% pod maximom,U:rok v strate,T1,T2,V1"
DXCM,DexCom Inc. Common Stock,31.85,Health Care,2026-10-09,84.11,-0.36,84.54,86.53,86.57,87.45,73.51,2.08,4435349,92.59,54.11,23.55,10.16,6.24,True,False,"T1,T2,V1"
TEL,TE Connectivity plc Ordinary Shares,62.05,Technology,2026-10-09,218.29,1.86,214.94,212.63,210.03,210.24,214.1,5.4,2161036,252.56,190.27,-1.87,10.15,6.23,False,False,U:rok v strate
BZ,KANZHUN LIMITED American Depository Shares,7.03,Technology,2026-10-09,15.73,3.62,15.22,14.81,15.13,15.85,15.56,0.44,6252993,24.45,12.57,-32.81,10.15,6.23,False,False,"U:>15% pod maximom,U:rok v strate,T1,T2"
BSY,Bentley Systems Incorporated Class B Common Stock,10.52,Technology,2026-10-09,34.97,0.43,35.47,32.68,31.92,34.33,34.43,1.27,2622295,52.85,28.08,-31.06,10.14,6.22,False,False,"U:>15% pod maximom,U:rok v strate,V1"
EXPD,Expeditors International of Washington Inc. Common Stock,25.18,Industrials,2026-10-09,193.24,-0.24,195.05,190.03,189.1,187.05,163.76,4.25,1077038,195.73,112.95,66.27,10.11,6.19,True,False,V1
JBS,JBS N.V. Class A Common Shares,13.65,Consumer Staples,2026-10-09,12.98,1.8,12.76,11.9,11.99,12.84,14.23,0.43,5576169,18.65,10.61,2.69,10.0,6.08,False,False,"U:>15% pod maximom,T1,T2"
MATX,Matson Inc. Common Stock,6.81,Consumer Discretionary,2026-10-09,225.67,-0.93,228.1,228.47,228.57,221.96,185.1,7.29,290766,240.87,86.97,139.72,10.0,6.08,False,False,"U:objem,T2,V1"
J,Jacobs Solutions Inc. Common Stock,16.22,Industrials,2026-10-09,139.15,0.4,139.08,140.08,141.22,143.48,133.23,3.91,848136,168.44,105.68,-10.48,9.97,6.05,False,False,"U:objem,U:>15% pod maximom,U:rok v strate,T1,T2"
STGW,Stagwell Inc. Class A Common Stock,2.14,Consumer Discretionary,2026-10-09,8.65,-1.26,8.79,8.43,8.44,8.67,6.88,0.27,1338307,9.55,4.29,66.35,9.91,5.99,True,False,"T1,T2,V1"
CPAY,Corpay Inc. Common Stock,26.4,Consumer Discretionary,2026-10-09,397.92,-1.03,403.76,399.06,400.82,403.55,349.03,8.43,503319,427.46,252.84,36.81,9.9,5.98,False,False,"U:objem,T1,T2,V1"
VNT,Vontier Corporation Common Stock ,4.35,Industrials,2026-10-09,32.24,0.12,32.48,31.71,31.7,32.49,34.06,0.8,1416038,48.2,27.25,-18.61,9.88,5.96,False,False,"U:>15% pod maximom,U:rok v strate,T1,V1"
CDE,Coeur Mining Inc. Common Stock,17.34,Basic Materials,2026-10-09,17.13,1.54,16.97,18.46,19.42,19.1,19.25,0.81,35748969,27.77,13.55,-14.56,9.88,5.96,False,False,"U:>15% pod maximom,U:rok v strate,T1,T2"
LB,LandBridge Company LLC Class A Shares Representing Limited Liability Company Interests,6.74,Energy,2026-10-09,86.25,-1.38,88.99,84.21,84.53,83.5,71.12,2.8,269276,91.69,43.75,62.4,9.83,5.91,False,False,"U:objem,T2,V1"
MU,Micron Technology Inc. Common Stock,1169.87,Technology,2026-10-09,1029.0,-0.66,1088.5,1038.25,1025.0,976.19,701.68,43.97,32437373,1255.0,179.61,435.02,9.82,5.9,False,False,"U:>15% pod maximom,U:divoký,V1"
DHR,Danaher Corporation Common Stock,152.87,Industrials,2026-10-09,219.81,1.08,218.23,217.27,213.56,211.05,201.44,6.64,4773765,242.8,160.93,7.5,9.82,5.9,True,True,
EXPO,Exponent Inc. Common Stock,3.32,Consumer Discretionary,2026-10-09,69.81,0.04,70.1,67.32,66.91,68.1,66.4,1.98,517292,81.95,51.91,6.94,9.78,5.86,False,False,"U:objem,V1"
ECPG,Encore Capital Group Inc Common Stock,2.12,Finance,2026-10-09,99.77,-0.29,100.59,97.94,97.63,98.26,79.75,3.0,342838,104.98,39.95,131.59,9.75,5.83,False,False,"U:objem,V1"
CBOE,Cboe Global Markets Inc. Common Stock,32.88,Finance,2026-10-09,304.16,3.43,298.0,273.59,274.42,286.89,288.03,12.3,1092265,371.18,227.15,26.33,9.75,5.83,False,False,"U:>15% pod maximom,T2,T3"
NWL,Newell Brands Inc. Common Stock,2.44,Industrials,2026-10-09,5.64,-1.57,5.79,5.56,5.66,5.85,4.72,0.2,7496231,7.13,3.07,13.25,9.73,5.81,False,False,"U:>15% pod maximom,T1,T2,V1"
OXY,Occidental Petroleum Corporation Common Stock,60.26,Energy,2026-10-09,60.11,-0.28,60.3,58.31,58.78,58.73,54.5,1.54,8422284,67.45,38.8,35.02,9.67,5.75,True,False,"T2,V1"
MHK,Mohawk Industries Inc. Common Stock,8.09,Consumer Discretionary,2026-10-09,118.07,-1.15,120.49,123.83,125.56,129.02,115.51,4.14,1013647,140.3,92.99,-1.25,9.67,5.75,False,False,"U:>15% pod maximom,U:rok v strate,T1,T2,V1"
MA,Mastercard Incorporated Common Stock,503.5,Consumer Discretionary,2026-10-09,589.14,2.5,581.59,565.72,565.07,572.11,532.26,10.68,2852179,601.23,464.52,4.36,9.57,5.65,True,True,
BR,Broadridge Financial Solutions Inc. Common Stock,18.65,Consumer Discretionary,2026-10-09,165.45,0.15,165.33,163.41,165.27,169.15,169.47,3.51,1099533,237.39,133.83,-29.33,9.54,5.62,False,False,"U:>15% pod maximom,U:rok v strate,T1,T2"
QGEN,Qiagen N.V. Common Shares,9.18,Health Care,2026-10-09,45.38,1.91,44.8,44.1,43.44,43.43,42.45,1.48,2536325,57.82,32.53,-3.3,9.51,5.59,False,False,"U:>15% pod maximom,U:rok v strate"
TRI,Thomson Reuters Corporation Common Shares,43.99,Consumer Discretionary,2026-10-09,103.21,1.63,101.69,98.98,98.74,101.58,97.73,3.34,1851582,164.3,76.28,-31.24,9.46,5.54,False,False,"U:>15% pod maximom,U:rok v strate"
META,Meta Platforms Inc. Class A Common Stock,1836.47,Technology,2026-10-09,718.67,-0.31,724.95,719.18,695.92,639.73,630.13,22.01,18607996,779.82,520.26,-2.02,9.43,5.51,False,False,"U:rok v strate,V1"
WAB,Westinghouse Air Brake Technologies Corporation Common Stock,47.43,Industrials,2026-10-09,285.43,1.65,281.87,285.67,284.65,289.35,263.26,6.48,912679,306.64,186.06,45.91,9.42,5.5,False,False,"U:objem,T1"
ABM,ABM Industries Incorporated Common Stock,2.92,Consumer Discretionary,2026-10-09,49.63,-0.52,49.92,49.28,49.32,48.45,44.17,0.99,451160,51.29,36.96,10.34,9.41,5.49,False,False,"U:objem,T2,V1"
JCI,Johnson Controls International plc Ordinary Share,93.28,Industrials,2026-10-09,157.44,2.23,155.71,148.59,145.7,147.44,138.58,3.6,3222980,160.41,104.49,46.1,9.39,5.47,True,True,
BJ,BJ's Wholesale Club Holdings Inc. Common Stock,12.51,Consumer Discretionary,2026-10-09,98.58,-0.46,99.95,94.21,92.7,93.81,93.62,2.86,1805290,105.78,83.21,11.28,9.39,5.47,True,False,V1
DOCN,DigitalOcean Holdings Inc. Common Stock,14.57,Technology,2026-10-09,134.82,8.81,129.23,133.92,132.5,126.16,107.53,7.95,2813011,187.5,37.09,240.97,9.33,5.41,False,False,"U:>15% pod maximom,U:deň >+8%,U:divoký,T4"
ROG,Rogers Corporation Common Stock,2.65,Industrials,2026-10-09,147.41,-0.48,152.58,142.11,136.67,135.12,124.68,6.94,241779,169.0,75.14,75.22,9.33,5.41,False,False,"U:objem,V1"
CNH,CNH Industrial N.V. Common Shares,15.01,Industrials,2026-10-09,11.39,-6.1,12.31,13.18,13.5,12.27,11.19,0.54,18417071,14.46,9.0,8.58,9.31,5.39,False,False,"U:>15% pod maximom,T1,T2,V1"
NHC,National HealthCare Corporation Common Stock,3.53,Health Care,2026-10-09,227.11,0.86,226.76,224.97,224.18,223.92,186.94,6.22,107150,239.29,116.42,91.03,9.26,5.34,False,False,U:objem
BRZE,Braze Inc. Class A Common Stock,3.23,Technology,2026-10-09,29.06,2.11,28.84,25.63,25.39,27.8,24.09,1.42,2494501,37.33,15.26,5.4,9.25,5.33,False,False,"U:>15% pod maximom,T3"
GFL,GFL Environmental Inc. Subordinate voting shares no par value,19.01,Utilities,2026-10-09,42.78,1.06,42.54,42.12,42.18,41.9,40.68,1.12,2640877,47.01,33.33,-5.31,9.24,5.32,False,False,"U:rok v strate,T2"
SDRL,Seadrill Limited Common Shares,2.85,Energy,2026-10-09,46.15,1.16,46.6,46.15,46.87,46.54,43.94,1.69,629261,55.47,28.1,47.77,9.2,5.28,False,False,"U:objem,U:>15% pod maximom,T1,T2,V1"
RAL,Ralliant Corporation Common Stock,7.95,Industrials,2026-10-09,73.2,1.86,72.79,70.02,68.08,67.56,57.28,1.98,1522149,75.41,37.27,69.37,9.17,5.25,True,True,
PWR,Quanta Services Inc. Common Stock,100.97,Industrials,2026-10-09,705.94,3.01,696.82,654.69,637.91,651.87,612.46,22.92,1017979,788.75,404.51,64.2,9.16,5.24,True,True,
FDS,FactSet Research Systems Inc. Common Stock,10.19,Technology,2026-10-09,287.18,0.23,288.45,275.68,275.57,283.52,248.85,11.6,869141,320.48,185.0,1.45,9.15,5.23,False,False,"U:objem,V1"
ACHR,Archer Aviation Inc. Class A Common Stock,3.67,Industrials,2026-10-09,4.96,5.08,4.75,5.19,5.41,5.59,6.12,0.26,31855544,14.62,4.3,-60.82,9.01,5.09,False,False,"U:>15% pod maximom,U:rok v strate,T1,T2,T4"
SEIC,SEI Investments Company Common Stock,12.39,Finance,2026-10-09,104.7,1.4,103.79,104.18,105.37,106.21,91.48,2.47,769668,112.15,75.08,24.48,8.86,4.94,False,False,"U:objem,T1,T2"
BVN,Buenaventura Mining Company Inc.,7.98,Basic Materials,2026-10-09,32.46,3.28,31.64,32.67,33.31,33.5,33.96,1.25,1076841,44.67,21.0,30.2,8.85,4.93,False,False,"U:>15% pod maximom,T1,T2"
SNX,TD SYNNEX Corporation Common Stock,21.34,Technology,2026-10-09,273.37,2.21,270.16,268.89,265.7,261.34,218.61,12.76,789158,298.77,142.22,74.61,8.78,4.86,False,False,U:objem
SKM,SK Telecom Co. Ltd. Common Stock,13.04,Telecommunications,2026-10-09,34.24,0.74,35.16,35.7,36.34,36.57,33.02,1.03,1843625,47.18,19.66,59.78,8.63,4.71,False,False,"U:>15% pod maximom,T1,T2,V1"
GKOS,Glaukos Corporation Common Stock,9.51,Health Care,2026-10-09,165.69,2.73,170.86,162.43,165.19,172.75,136.29,8.13,846204,191.62,73.16,90.4,8.49,4.57,False,False,"U:objem,T1,T2,V1"
SJM,The J.M. Smucker Company Common Stock,12.76,Consumer Staples,2026-10-09,119.83,0.35,119.95,120.05,121.45,122.06,109.08,2.63,1327460,135.89,88.25,13.99,8.41,4.49,True,False,"T1,T2,V1"
PAAS,Pan American Silver Corp. Common Stock,18.79,Basic Materials,2026-10-09,46.27,2.12,45.32,47.13,48.58,49.06,52.65,1.65,4043644,69.99,33.08,20.03,8.36,4.44,False,False,"U:>15% pod maximom,T1,T2"
ABT,Abbott Laboratories Common Stock,170.43,Health Care,2026-10-09,99.6,1.13,99.2,100.74,102.21,106.17,103.34,2.23,9611658,135.13,81.97,-25.29,8.13,4.21,False,False,"U:>15% pod maximom,U:rok v strate,T1,T2"
TRV,The Travelers Companies Inc. Common Stock,77.23,Finance,2026-10-09,368.75,-0.41,372.13,366.69,367.88,369.24,321.95,6.47,1660928,398.7,252.26,34.38,7.98,4.06,True,False,"T1,T2,V1"
BIIB,Biogen Inc. Common Stock,32.27,Health Care,2026-10-09,225.71,3.33,223.09,222.36,220.55,217.05,196.44,6.0,1037668,230.49,138.0,50.87,7.98,4.06,True,True,
ADP,Automatic Data Processing Inc. Common Stock,107.28,Technology,2026-10-09,270.88,0.06,271.73,266.57,267.48,271.78,238.09,5.84,2231598,291.34,188.16,-5.25,7.9,3.98,False,False,"U:rok v strate,T1,T2,V1"
BAX,Baxter International Inc. Common Stock,12.36,Health Care,2026-10-09,24.35,1.88,24.14,23.64,23.75,25.24,20.96,0.68,6626130,30.0,15.73,8.17,7.89,3.97,False,False,"U:>15% pod maximom,T1,T2"
VAC,Marriott Vacations Worldwide Corporation Common Stock,3.58,Finance,2026-10-09,105.34,1.08,105.54,102.88,102.64,106.98,82.55,3.53,461971,131.34,44.58,62.44,7.88,3.96,False,False,"U:objem,U:>15% pod maximom,T1,V1"
FAST,Fastenal Company Common Stock,57.94,Consumer Discretionary,2026-10-09,50.75,0.51,50.82,50.07,49.75,50.19,46.44,0.93,7359914,52.92,38.97,8.65,7.86,3.94,True,False,V1
GM,General Motors Company Common Stock,72.17,Industrials,2026-10-09,82.73,0.58,82.48,82.2,83.24,84.83,80.67,2.34,6779684,91.85,54.33,47.94,7.83,3.91,True,False,"T1,T2"
HRB,H&R Block Inc. Common Stock,5.46,Consumer Discretionary,2026-10-09,44.05,-1.21,44.72,43.13,43.82,46.99,38.8,1.42,2105692,58.67,28.16,-11.24,7.81,3.89,False,False,"U:>15% pod maximom,U:rok v strate,T1,T2,V1"
MSGE,Madison Square Garden Entertainment Corp. Class A Common Stock,3.86,Consumer Discretionary,2026-10-09,80.84,-1.0,83.2,80.15,79.19,79.64,68.7,2.64,434339,90.41,41.65,93.03,7.8,3.88,False,False,"U:objem,V1"
SANM,Sanmina Corporation Common Stock,11.28,Technology,2026-10-09,217.49,3.33,218.0,214.1,210.54,205.25,190.28,10.26,680033,288.68,118.1,66.85,7.78,3.86,False,False,"U:objem,U:>15% pod maximom,V1"
V,Visa Inc.,670.21,Consumer Discretionary,2026-10-09,385.45,2.76,379.99,368.77,367.56,369.73,338.15,6.84,6484473,386.84,293.89,11.07,7.74,3.82,True,True,
WEX,WEX Inc. common stock,5.94,Consumer Discretionary,2026-10-09,172.43,-1.14,174.49,180.96,185.36,187.78,162.19,5.94,645533,203.99,125.29,9.98,7.72,3.8,False,False,"U:objem,U:>15% pod maximom,T1,T2,V1"
DAN,Dana Incorporated Common Stock ,3.12,Consumer Discretionary,2026-10-09,29.34,1.1,29.04,28.77,29.4,29.5,31.02,1.04,1386834,39.56,17.74,59.72,7.71,3.79,False,False,"U:>15% pod maximom,T1,T2"
MXL,MaxLinear Inc. Common Stock,8.5,Technology,2026-10-09,96.16,2.63,105.0,88.88,80.51,76.5,55.74,7.97,3119019,128.3,12.77,502.51,7.68,3.76,False,False,"U:>15% pod maximom,U:divoký,T4,V1"
BNTX,BioNTech SE American Depositary Share,23.13,Health Care,2026-10-09,96.96,5.32,94.45,97.43,98.23,98.9,97.79,3.31,1180315,124.0,79.52,-7.2,7.65,3.73,False,False,"U:>15% pod maximom,U:rok v strate,T1,T2"
AMG,Affiliated Managers Group Inc. Common Stock,10.01,Finance,2026-10-09,387.26,0.07,393.42,367.19,361.42,366.04,326.08,11.04,279938,393.42,230.26,60.14,7.64,3.72,False,False,"U:objem,V1"
VTRS,Viatris Inc. Common Stock,20.03,Health Care,2026-10-09,17.64,1.15,17.52,17.4,17.16,16.93,15.46,0.51,9322607,18.43,9.69,76.58,7.63,3.71,True,True,
SHAK,Shake Shack Inc. Class A Common Stock,2.88,Consumer Discretionary,2026-10-09,66.9,-0.61,68.08,59.82,59.81,66.0,76.51,2.59,1559565,107.46,51.6,-26.5,7.59,3.67,False,False,"U:>15% pod maximom,U:rok v strate,T1,T3,V1"
MLI,Mueller Industries Inc. Common Stock,13.38,Industrials,2026-10-09,60.71,0.36,60.83,60.8,61.0,63.16,62.47,1.43,1487612,71.12,48.26,23.97,7.57,3.65,True,False,"T1,T2,V1"
RGA,Reinsurance Group of America Incorporated Common Stock,16.71,Finance,2026-10-09,255.98,0.02,258.53,249.03,247.83,246.62,220.13,5.5,355933,258.53,178.21,31.48,7.55,3.63,False,False,"U:objem,V1"
TSM,Taiwan Semiconductor Manufacturing Company Ltd.,2375.37,Technology,2026-10-09,453.31,-1.02,471.19,450.47,441.12,432.47,391.77,11.25,11290317,487.47,266.82,51.16,7.53,3.61,True,False,V1
TILE,Interface Inc. Common Stock,2.01,Consumer Discretionary,2026-10-09,34.73,-0.29,35.15,34.75,34.8,36.17,31.59,0.89,472436,40.5,24.4,30.27,7.52,3.6,False,False,"U:objem,T1,T2,V1"
AMT,American Tower Corporation (REIT) Common Stock,77.69,Real Estate,2026-10-09,182.24,9.3,167.42,170.1,171.88,172.56,176.71,4.6,2722876,196.08,160.06,-1.66,7.52,3.6,False,False,"U:deň >+8%,U:rok v strate,T2"
ORCL,Oracle Corporation Common Stock,411.34,Technology,2026-10-09,141.4,4.21,142.78,142.07,145.98,145.75,161.74,6.11,31278601,322.54,114.5,-52.38,7.5,3.58,False,False,"U:>15% pod maximom,U:rok v strate,T1,T2,V1"
NUE,Nucor Corporation Common Stock,55.84,Industrials,2026-10-09,250.33,1.7,249.03,247.71,249.95,255.23,216.87,6.72,1349944,280.11,131.32,81.18,7.44,3.52,True,False,"T1,T2"
JXN,Jackson Financial Inc. Class A Common Stock ,9.01,Finance,2026-10-09,129.71,-2.52,133.82,132.19,133.79,132.83,116.51,3.65,687731,140.9,89.67,29.72,7.38,3.46,False,False,"U:objem,T1,T2,V1"
ROKU,Roku Inc. Class A Common Stock,22.83,Telecommunications,2026-10-09,152.85,-0.62,154.07,153.53,153.93,154.09,124.34,1.85,2223068,159.89,78.53,57.35,7.38,3.46,True,False,"T1,T2,V1"
MPWR,Monolithic Power Systems Inc. Common Stock,67.32,Technology,2026-10-09,1386.29,1.2,1416.62,1326.41,1272.96,1316.85,1295.61,57.06,737520,1714.09,833.18,41.57,7.35,3.43,False,False,"U:objem,U:>15% pod maximom,V1"
RXO,RXO Inc. Common Stock,4.77,Consumer Discretionary,2026-10-09,29.08,0.52,29.0,22.36,20.17,21.76,19.93,1.32,2413736,29.9,10.43,64.67,7.35,3.43,True,False,T3
MSA,MSA Safety Incorporated Common Stock,6.87,Health Care,2026-10-09,180.71,1.47,178.49,180.3,181.4,185.82,177.03,3.94,259050,208.92,151.11,5.94,7.21,3.29,False,False,"U:objem,T1,T2"
AME,AMETEK Inc.,56.75,Industrials,2026-10-09,248.58,0.43,249.67,245.27,242.14,244.81,231.45,4.85,1328809,261.16,179.24,35.61,7.1,3.18,True,False,V1
ASH,Ashland Inc. Common Stock,3.24,Consumer Discretionary,2026-10-09,70.57,-0.17,71.16,69.47,69.83,71.79,62.86,1.6,682803,78.25,47.12,45.51,7.05,3.13,False,False,"U:objem,T1,T2,V1"
LTC,LTC Properties Inc. Common Stock,2.27,Real Estate,2026-10-09,42.46,0.98,42.18,42.76,42.73,41.34,38.88,0.76,597347,43.6,33.64,23.65,7.03,3.11,False,False,U:objem
PK,Park Hotels & Resorts Inc. Common Stock ,3.06,Consumer Discretionary,2026-10-09,15.17,-0.26,15.36,15.26,15.27,15.26,12.83,0.39,3805312,16.2,9.84,41.12,6.98,3.06,True,False,"T1,T2,V1"
TTEK,Tetra Tech Inc. Common Stock,8.55,Consumer Discretionary,2026-10-09,33.34,-0.21,33.43,34.46,35.11,35.25,33.0,1.01,2499150,43.14,25.81,-2.8,6.96,3.04,False,False,"U:>15% pod maximom,U:rok v strate,T1,T2,V1"
GPN,Global Payments Inc. Common Stock,21.9,Consumer Discretionary,2026-10-09,82.2,-0.69,83.1,84.02,85.81,87.68,76.49,2.36,2776093,95.88,61.16,-5.71,6.96,3.04,False,False,"U:rok v strate,T1,T2,V1"
JOE,St. Joe Company (The) Common Stock,3.71,Real Estate,2026-10-09,64.86,-0.6,65.27,65.17,65.01,66.13,65.5,1.44,236966,73.54,46.37,36.89,6.91,2.99,False,False,"U:objem,T1,V1"
EXEL,Exelixis Inc. Common Stock,14.62,Health Care,2026-10-09,59.86,1.42,60.08,58.06,57.76,56.14,49.47,1.72,2323922,61.14,33.76,55.2,6.82,2.9,True,False,V1
BDC,Belden Inc Common Stock,4.22,Industrials,2026-10-09,109.15,1.12,109.64,110.99,113.42,119.09,119.01,3.8,439553,159.99,98.0,-4.3,6.74,2.82,False,False,"U:objem,U:>15% pod maximom,U:rok v strate,T1,T2,V1"
BLCO,Bausch + Lomb Corporation Common Shares,6.13,Health Care,2026-10-09,17.3,0.87,17.5,17.08,17.19,17.16,16.65,0.38,394539,18.92,13.77,19.97,6.72,2.8,False,False,"U:objem,T2,V1"
FTDR,Frontdoor Inc. Common Stock,5.48,Consumer Discretionary,2026-10-09,79.8,0.26,80.27,77.05,77.6,80.11,67.66,2.74,539122,93.43,48.47,22.19,6.7,2.78,False,False,"U:objem,T1,T2,V1"
ETN,Eaton Corporation PLC Ordinary Shares,164.88,Technology,2026-10-09,429.65,1.21,439.01,427.26,423.24,426.44,391.93,12.95,2102169,478.0,311.92,13.91,6.65,2.73,True,False,V1
MTCH,Match Group Inc. Common Stock,9.53,Technology,2026-10-09,41.09,-0.99,41.63,41.47,41.68,40.59,35.69,1.1,3209555,44.94,28.81,26.51,6.62,2.7,True,False,"T2,V1"
BBY,Best Buy Co. Inc. Common Stock,18.54,Consumer Discretionary,2026-10-09,87.01,-1.57,89.23,90.15,90.87,87.43,73.32,2.88,3598141,96.53,55.1,15.66,6.56,2.64,True,False,"T1,T2,V1"
TPG,TPG Inc. Class A Common Stock,17.1,Finance,2026-10-09,45.26,0.04,45.53,45.24,46.37,48.69,47.28,1.45,2714990,70.38,36.95,-22.21,6.54,2.62,False,False,"U:>15% pod maximom,U:rok v strate,T1,T2,V1"
ALRM,Alarm.com Holdings Inc. Common Stock,2.71,Technology,2026-10-09,55.65,0.71,55.67,54.52,54.52,55.59,49.37,1.3,422655,58.15,41.49,6.55,6.53,2.61,False,False,"U:objem,T2,V1"
BTU,Peabody Energy Corporation Common Stock ,3.05,Energy,2026-10-09,25.13,0.52,25.85,25.63,26.58,26.11,28.74,1.07,2342812,41.14,20.06,-21.07,6.48,2.56,False,False,"U:>15% pod maximom,U:rok v strate,T1,T2,V1"
ZM,Zoom Communications Inc. Class A Common Stock,27.62,Technology,2026-10-09,97.74,3.24,95.17,92.16,92.66,97.61,91.27,2.69,3092103,114.74,70.7,18.19,6.38,2.46,True,False,T2
HUM,Humana Inc. Common Stock,46.49,Health Care,2026-10-09,431.87,11.56,399.19,390.63,390.2,388.02,296.89,19.25,1313446,456.5,163.11,48.61,6.37,2.45,False,False,"U:deň >+8%,T3"
EQT,EQT Corporation Common Stock,33.11,Energy,2026-10-09,52.83,-0.21,53.07,51.05,51.66,52.81,55.47,1.31,7083857,68.24,47.94,-3.81,6.26,2.34,False,False,"U:>15% pod maximom,U:rok v strate,T1,T2,V1"
MSI,Motorola Solutions Inc. Common Stock,74.0,Technology,2026-10-09,444.18,-0.66,450.65,455.17,458.65,463.32,432.97,7.56,921714,494.85,359.36,-2.94,6.25,2.33,False,False,"U:objem,U:rok v strate,T1,T2,V1"
AVNT,Avient Corporation Common Stock,3.76,Industrials,2026-10-09,37.79,-7.78,41.11,40.77,41.18,42.22,37.89,1.25,780609,46.64,27.48,19.51,6.24,2.32,False,False,"U:objem,U:>15% pod maximom,T1,T2,V1"
DRH,Diamondrock Hospitality Company Common Stock,2.58,Real Estate,2026-10-09,12.62,0.16,12.66,12.41,12.31,12.47,10.97,0.28,2812568,13.79,7.48,64.75,6.23,2.31,True,False,V1
VRTX,Vertex Pharmaceuticals Incorporated Common Stock,127.55,Health Care,2026-10-09,510.08,1.36,507.87,513.81,518.88,520.46,474.9,11.56,1149401,560.25,402.58,22.95,6.21,2.29,True,False,"T1,T2"
EOG,EOG Resources Inc. Common Stock,77.9,Energy,2026-10-09,148.16,-0.24,148.93,143.64,143.8,144.57,133.09,3.29,3025922,154.16,101.59,32.38,6.12,2.2,True,False,"T2,V1"
AMZN,Amazon.com Inc. Common Stock,2740.37,Consumer Discretionary,2026-10-09,262.43,3.29,259.86,252.02,251.64,259.1,242.15,5.63,39308841,287.2,196.0,15.23,6.11,2.19,True,True,
TENB,Tenable Holdings Inc. Common Stock,4.3,Technology,2026-10-09,41.59,6.61,40.07,36.75,35.07,35.89,27.27,1.84,4128725,43.67,15.73,40.51,6.1,2.18,True,False,T3
AAPL,Apple Inc. Common Stock,4968.15,Technology,2026-10-09,336.64,-1.11,341.57,335.39,331.89,322.39,290.74,6.46,45300115,345.34,243.42,32.51,6.09,2.17,True,False,V1
TM,Toyota Motor Corporation Common Stock,242.43,Industrials,2026-10-09,185.3,-0.38,186.05,188.48,190.79,190.56,200.59,2.85,353831,248.9,166.1,-3.66,6.04,2.12,False,False,"U:objem,U:>15% pod maximom,U:rok v strate,T1,T2,V1"
TTE,TotalEnergies SE Ordinary Shares,187.68,Energy,2026-10-09,86.11,0.1,87.45,88.45,89.89,88.47,83.35,1.88,1759100,94.17,57.39,46.92,6.03,2.11,True,False,"T1,T2,V1"
DE,Deere & Company Common Stock,175.95,Industrials,2026-10-09,620.93,-4.85,657.21,678.93,684.42,652.86,592.45,20.52,1230460,721.22,433.0,36.1,6.03,2.11,True,False,"T1,T2,V1"
NVT,nVent Electric plc Ordinary Shares ,26.58,Industrials,2026-10-09,167.43,1.97,168.91,161.04,158.76,159.81,142.2,6.54,2197784,184.64,93.22,71.32,5.95,2.03,True,False,V1
HOG,Harley-Davidson Inc. Common Stock,2.78,Consumer Discretionary,2026-10-09,26.9,0.56,27.58,26.03,26.19,26.68,23.43,0.97,2144636,28.86,17.09,1.51,5.95,2.03,True,False,"T2,V1"
MDT,Medtronic plc. Ordinary Shares,112.24,Health Care,2026-10-09,88.48,0.83,88.48,89.33,90.54,90.11,88.38,2.25,13685720,106.33,73.31,-8.31,5.88,1.96,False,False,"U:>15% pod maximom,U:rok v strate,T1,T2,V1"
HSAI,Hesai Group American Depositary Share,2.45,Industrials,2026-10-09,16.01,2.56,15.99,16.26,16.8,17.31,20.7,0.54,1380858,29.35,14.29,-35.44,5.82,1.9,False,False,"U:>15% pod maximom,U:rok v strate,T1,T2"
GGG,Graco Inc. Common Stock,12.69,Industrials,2026-10-09,78.21,-0.2,78.77,77.54,77.15,79.09,81.71,1.36,1830449,95.69,72.51,-4.42,5.8,1.88,False,False,"U:>15% pod maximom,U:rok v strate,T1,V1"
KNTK,Kinetik Holdings Inc. Class A Common Stock,8.84,Utilities,2026-10-09,53.46,-1.75,54.6,52.86,53.08,52.94,47.31,1.53,1143620,56.92,31.33,43.59,5.8,1.88,True,False,"T2,V1"
CVLT,Commvault Systems Inc. Common Stock,6.26,Technology,2026-10-09,157.25,4.14,152.44,148.44,143.23,140.52,116.24,5.7,599114,178.36,71.75,-10.92,5.79,1.87,False,False,"U:objem,U:rok v strate"
COR,Cencora Inc. Common Stock,61.32,Health Care,2026-10-09,323.85,0.78,322.58,313.52,314.91,318.14,317.62,8.04,1321669,377.54,244.82,3.1,5.79,1.87,True,False,T2
IEX,IDEX Corporation Common Stock,17.08,Industrials,2026-10-09,234.29,1.1,233.81,228.57,226.06,230.53,212.31,4.63,649317,243.8,159.27,41.27,5.78,1.86,False,False,U:objem
REXR,Rexford Industrial Realty Inc. Common Stock,8.3,Real Estate,2026-10-09,36.74,-1.32,37.35,37.52,37.66,37.21,36.57,0.82,2803387,44.38,32.14,-10.93,5.73,1.81,False,False,"U:>15% pod maximom,U:rok v strate,T1,T2,V1"
GH,Guardant Health Inc. Common Stock,22.22,Health Care,2026-10-09,167.47,1.15,167.28,175.36,172.47,167.86,125.75,7.83,1976750,191.05,61.0,156.62,5.73,1.81,True,False,T1
FLS,Flowserve Corporation Common Stock,8.85,Industrials,2026-10-09,72.28,3.78,70.28,73.43,74.23,76.59,76.4,2.5,1701844,92.41,48.71,40.21,5.73,1.81,False,False,"U:>15% pod maximom,T1,T2"
MET,MetLife Inc. Common Stock,62.58,Finance,2026-10-09,98.33,-0.14,98.75,96.64,96.45,96.53,84.13,2.14,3405517,100.93,67.33,19.94,5.7,1.78,True,False,V1
HLNE,Hamilton Lane Incorporated Class A Common Stock,4.72,Finance,2026-10-09,85.67,0.01,86.56,87.6,90.83,96.35,101.98,3.22,660307,155.66,71.88,-27.92,5.69,1.77,False,False,"U:objem,U:>15% pod maximom,U:rok v strate,T1,T2,V1"
LNG,Cheniere Energy Inc. Common Stock,57.39,Utilities,2026-10-09,278.18,0.11,279.25,272.22,273.3,273.77,249.04,6.81,1837215,300.89,186.2,20.23,5.66,1.74,True,False,"T2,V1"
OSCR,Oscar Health Inc. Class A Common Stock,10.22,Health Care,2026-10-09,33.37,0.82,33.42,31.44,31.36,31.05,22.37,1.43,5243073,34.48,10.69,62.46,5.6,1.68,True,False,V1
VICR,Vicor Corporation Common Stock,12.09,Technology,2026-10-09,266.07,1.43,277.26,261.17,237.45,227.95,220.99,20.97,881912,382.65,48.53,405.64,5.52,1.6,False,False,"U:objem,U:>15% pod maximom,U:divoký,T4,V1"
FLYW,Flywire Corporation Voting Common Stock,2.24,Consumer Discretionary,2026-10-09,18.76,1.79,18.46,17.67,17.58,18.01,15.19,0.52,1701095,19.73,10.55,45.09,5.51,1.59,True,True,
CNR,Core Natural Resources Inc. Common Stock,4.4,Energy,2026-10-09,88.46,-0.1,91.69,90.41,92.81,92.96,91.05,3.05,522847,114.8,74.75,-9.5,5.5,1.58,False,False,"U:objem,U:>15% pod maximom,U:rok v strate,T1,T2,V1"
FRHC,Freedom Holding Corp. Common Stock,10.63,Finance,2026-10-09,169.65,1.77,174.73,170.16,168.1,163.97,145.4,6.05,109184,178.0,107.97,-0.69,5.49,1.57,False,False,"U:objem,U:rok v strate,V1"
RIO,Rio Tinto Plc Common Stock,117.24,Basic Materials,2026-10-09,94.78,1.54,93.51,95.38,97.25,98.92,96.03,1.91,2227736,112.58,65.35,41.46,5.49,1.57,False,False,"U:>15% pod maximom,T1,T2"
CRSP,CRISPR Therapeutics AG Common Shares,4.88,Health Care,2026-10-09,53.39,5.85,53.54,54.89,54.91,54.99,53.23,3.28,1600807,78.38,44.12,-28.74,5.45,1.53,False,False,"U:>15% pod maximom,U:rok v strate,T1,T2,T4,V1"
WGS,GeneDx Holdings Corp. Class A Common Stock,2.02,Health Care,2026-10-09,67.33,-0.59,67.94,83.4,87.21,82.01,76.67,6.39,730461,170.87,32.21,-46.9,5.45,1.53,False,False,"U:objem,U:>15% pod maximom,U:divoký,U:rok v strate,T1,T2,T4,V1"
CET,Central Securities Corporation Common Stock,13.42,Finance,2026-10-09,55.87,0.74,55.95,55.89,55.79,55.3,52.86,0.96,27639,57.39,47.82,8.25,5.45,1.53,False,False,"U:objem,V1"
AVY,Avery Dennison Corporation Common Stock,12.7,Consumer Discretionary,2026-10-09,167.82,0.12,168.05,170.13,170.77,173.94,172.41,3.61,908374,199.54,152.42,4.36,5.39,1.47,False,False,"U:objem,U:>15% pod maximom,T1,T2,V1"
KWR,Quaker Houghton Common Stock,2.72,Industrials,2026-10-09,155.95,-1.37,159.07,157.89,157.65,162.26,149.41,4.0,147055,183.01,112.18,21.75,5.39,1.47,False,False,"U:objem,T1,V1"
AG,First Majestic Silver Corp. Ordinary Shares (Canada),8.37,Basic Materials,2026-10-09,17.28,1.77,17.02,18.33,19.16,19.09,20.18,0.78,10022925,32.04,10.19,25.76,5.37,1.45,False,False,"U:>15% pod maximom,T1,T2"
GPOR,Gulfport Energy Corporation Common Shares,2.91,Energy,2026-10-09,162.66,-1.2,165.36,159.71,163.55,166.94,181.18,4.39,292019,225.78,149.18,-11.69,5.3,1.38,False,False,"U:objem,U:>15% pod maximom,U:rok v strate,T1,T2,V1"
KT,KT Corporation Common Stock,8.94,Telecommunications,2026-10-09,18.3,-1.35,19.21,19.23,19.48,19.14,19.98,0.38,1543490,24.58,17.13,-3.23,5.29,1.37,False,False,"U:>15% pod maximom,U:rok v strate,T1,T2,V1"
ADI,Analog Devices Inc. Common Stock,196.7,Technology,2026-10-09,406.19,0.06,410.78,391.58,380.01,380.12,362.97,10.79,3516331,445.91,223.47,70.75,5.23,1.31,True,False,V1
CNX,CNX Resources Corporation Common Stock,5.0,Energy,2026-10-09,34.03,0.59,34.2,33.0,33.83,34.89,36.43,0.86,1732146,43.62,30.78,4.42,5.23,1.31,False,False,"U:>15% pod maximom,T1,T2,V1"
VAL,Valaris Limited Common Shares,5.83,Energy,2026-10-09,83.65,-0.37,84.92,81.96,82.54,83.64,83.06,2.63,1079090,114.12,46.7,65.38,5.13,1.21,False,False,"U:>15% pod maximom,T2,V1"
DEO,Diageo plc Common Stock,48.42,Consumer Staples,2026-10-09,86.73,-0.29,87.17,86.13,86.54,89.48,85.36,1.42,1086228,102.74,72.45,-9.1,5.13,1.21,False,False,"U:>15% pod maximom,U:rok v strate,T1,T2,V1"
USLM,United States Lime & Minerals Inc. Common Stock,3.13,Industrials,2026-10-09,108.58,-0.43,110.08,112.13,113.77,115.38,116.41,3.15,147112,141.44,96.27,-11.23,5.08,1.16,False,False,"U:objem,U:>15% pod maximom,U:rok v strate,T1,T2,V1"
ADBE,Adobe Inc. Common Stock,93.82,Technology,2026-10-09,242.27,0.51,241.19,242.72,247.05,257.88,256.98,8.05,5082452,363.7,190.12,-30.28,5.06,1.14,False,False,"U:>15% pod maximom,U:rok v strate,T1,T2"
NBIS,Nebius Group N.V. Class A Ordinary Shares,59.73,Technology,2026-10-09,221.07,0.62,234.15,229.37,229.51,224.42,171.46,15.18,20310911,299.86,73.52,66.67,5.02,1.1,False,False,"U:>15% pod maximom,U:divoký,T1,T2,T4,V1"
ADUS,Addus HomeCare Corporation Common Stock,2.13,Health Care,2026-10-09,114.33,0.06,115.85,114.25,115.5,116.47,105.67,2.79,214060,124.44,87.95,-0.04,5.02,1.1,False,False,"U:objem,U:rok v strate,T1,T2,V1"
NWSA,News Corporation Class A Common Stock,15.66,Consumer Discretionary,2026-10-09,29.12,0.52,29.16,29.15,29.37,29.44,26.63,0.73,3968350,31.66,22.2,10.05,5.01,1.09,True,False,"T1,T2,V1"
GSAT,Globalstar Inc. Common Stock,10.78,Consumer Discretionary,2026-10-09,83.82,0.72,83.54,82.81,82.45,82.66,74.46,0.6,773688,84.85,40.5,78.11,5.0,1.08,False,False,U:objem
NDAQ,Nasdaq Inc. Common Stock,51.63,Finance,2026-10-09,93.65,1.39,92.69,92.4,92.75,94.72,90.6,2.03,3259834,101.79,76.55,2.46,4.98,1.06,True,False,"T1,T2"
BLK,BlackRock Inc. Common Stock,164.99,Finance,2026-10-09,1082.39,1.6,1070.38,1067.38,1070.8,1109.05,1060.95,22.13,613550,1219.94,917.39,-7.28,4.93,1.01,False,False,"U:objem,U:rok v strate,T1,T2"
VSXY,Victorias Secret & Co. Common Stock ,6.91,Consumer Discretionary,2026-10-09,82.87,-4.32,86.68,83.4,80.85,85.25,67.21,4.01,1784080,102.46,28.15,180.06,4.93,1.01,False,False,"U:>15% pod maximom,T1,V1"
CLS,Celestica Inc. Common Stock,40.99,Technology,2026-10-09,362.16,1.58,370.46,356.33,345.66,334.33,332.83,19.35,2536088,474.03,238.23,39.41,4.92,1.0,False,False,"U:>15% pod maximom,T4,V1"
HUBS,HubSpot Inc. Common Stock,11.56,Technology,2026-10-09,228.3,-1.53,232.57,221.17,223.62,230.05,242.27,12.45,1781047,497.96,169.63,-49.6,4.92,1.0,False,False,"U:>15% pod maximom,U:rok v strate,T1,T2,T4,V1"
TYL,Tyler Technologies Inc. Common Stock,13.56,Technology,2026-10-09,329.55,-0.48,332.37,332.54,336.26,337.11,342.34,9.96,831680,524.43,270.71,-34.93,4.88,0.96,False,False,"U:objem,U:>15% pod maximom,U:rok v strate,T1,T2,V1"
KSPI,Joint Stock Company Kaspi.kz American Depository Shares,17.58,,2026-10-09,92.99,0.17,92.98,95.19,97.53,98.31,85.49,2.5,556882,109.94,68.59,22.84,4.87,0.95,False,False,"U:objem,U:>15% pod maximom,T1,T2"
CLOV,Clover Health Investments Corp. Class A Common Stock,2.43,Health Care,2026-10-09,4.79,4.59,4.6,4.54,4.5,4.42,3.38,0.23,4342001,5.59,1.58,79.4,4.81,0.89,True,True,
HCI,HCI Group Inc. Common Stock,2.39,Finance,2026-10-09,191.69,-0.34,193.63,183.05,182.58,183.89,169.4,4.88,161269,210.5,144.75,2.65,4.78,0.86,False,False,"U:objem,V1"
CXW,CoreCivic Inc. Common Stock,3.23,Real Estate,2026-10-09,32.93,0.67,32.73,33.17,33.7,33.08,24.88,1.93,1747268,36.55,15.74,79.85,4.77,0.85,True,False,"T1,T2,T4"
LFUS,Littelfuse Inc. Common Stock,10.8,Energy,2026-10-09,426.5,0.28,435.89,423.24,419.12,428.59,391.36,14.3,260161,500.57,233.36,66.74,4.73,0.81,False,False,"U:objem,T1,V1"
AR,Antero Resources Corporation Common Stock,11.09,Energy,2026-10-09,35.9,-0.44,36.36,35.28,36.14,36.69,36.36,1.11,4084552,45.75,29.1,6.85,4.73,0.81,False,False,"U:>15% pod maximom,T1,T2,V1"
KN,Knowles Corporation Common Stock,3.17,Consumer Staples,2026-10-09,37.56,1.13,38.13,37.04,36.43,36.59,32.11,1.14,793369,42.93,20.57,60.03,4.62,0.7,False,False,"U:objem,V1"
BILL,BILL Holdings Inc. Common Stock,3.84,Technology,2026-10-09,44.83,-0.33,45.03,45.41,46.27,47.21,43.02,1.56,2125153,57.21,31.41,-12.22,4.6,0.68,False,False,"U:>15% pod maximom,U:rok v strate,T1,T2,V1"
PVH,PVH Corp. Common Stock,3.74,Industrials,2026-10-09,81.35,0.26,82.52,75.53,73.53,77.44,76.31,2.57,940738,100.75,59.6,0.76,4.59,0.67,False,False,"U:objem,U:>15% pod maximom,V1"
SHOO,Steven Madden Ltd. Common Stock,3.23,Consumer Discretionary,2026-10-09,44.3,0.23,44.8,43.95,43.47,44.97,41.33,1.29,1034509,49.7,31.33,30.33,4.58,0.66,True,False,"T1,V1"
BGC,BGC Group Inc. Class A Common Stock,5.34,Finance,2026-10-09,11.48,2.23,11.35,11.89,12.02,11.63,10.66,0.45,3138639,12.89,8.27,26.71,4.55,0.63,True,False,"T1,T2"
RACE,Ferrari N.V. Common Shares,90.84,Industrials,2026-10-09,389.91,0.42,388.7,400.88,406.19,408.23,367.48,7.63,433214,437.15,312.51,-4.29,4.54,0.62,False,False,"U:objem,U:rok v strate,T1,T2"
TOST,Toast Inc. Class A Common Stock,17.65,Technology,2026-10-09,31.31,2.55,30.89,30.41,30.96,32.84,29.64,0.99,9094823,39.72,22.26,-15.06,4.51,0.59,False,False,"U:>15% pod maximom,U:rok v strate,T1,T2"
KO,Coca-Cola Company (The) Common Stock,377.63,Consumer Staples,2026-10-09,88.05,0.32,88.04,87.41,87.7,87.98,80.43,1.27,15910346,92.49,66.0,32.67,4.51,0.59,True,False,T2
INTU,Intuit Inc. Common Stock,81.21,Technology,2026-10-09,302.75,-0.37,304.0,294.72,300.8,321.7,384.38,10.91,3875558,689.17,252.84,-53.06,4.48,0.56,False,False,"U:>15% pod maximom,U:rok v strate,T1,T2,V1"
MSM,MSC Industrial Direct Company Inc. Common Stock,7.2,Industrials,2026-10-09,129.51,0.46,129.97,124.55,122.16,122.49,106.41,3.18,686215,132.33,78.8,46.19,4.45,0.53,False,False,"U:objem,V1"
RS,Reliance Inc. Common Stock,20.26,Industrials,2026-10-09,402.45,1.4,400.78,392.63,391.39,399.67,359.82,8.95,318480,433.02,260.31,44.08,4.42,0.5,False,False,U:objem
GLBE,Global-E Online Ltd. Ordinary Shares,6.73,Technology,2026-10-09,40.39,0.6,40.71,39.37,38.73,39.6,35.56,1.52,1462614,43.99,26.84,16.06,4.42,0.5,True,False,V1
ATI,ATI Inc. Common Stock,25.62,Industrials,2026-10-09,191.84,1.97,190.19,188.54,191.81,202.79,169.06,6.6,1661468,243.57,79.29,133.16,4.4,0.48,False,False,"U:>15% pod maximom,T1,T2"
CLH,Clean Harbors Inc. Common Stock,16.75,Industrials,2026-10-09,316.93,-0.13,319.36,315.72,315.9,315.59,292.87,5.66,433109,335.94,201.34,36.48,4.38,0.46,False,False,"U:objem,T2,V1"
PEB,Pebblebrook Hotel Trust Common Shares of Beneficial Interest,2.14,Real Estate,2026-10-09,19.12,0.74,19.07,18.54,18.26,18.38,15.43,0.49,2171949,19.93,9.99,81.75,4.37,0.45,True,True,
VLTO,Veralto Corp Common Stock ,23.52,Industrials,2026-10-09,96.93,0.47,96.57,95.8,95.4,96.63,92.88,1.75,1665936,105.75,80.03,-5.77,4.33,0.41,False,False,U:rok v strate
DCO,Ducommun Incorporated Common Stock,2.54,Industrials,2026-10-09,170.56,1.34,171.2,170.04,169.54,179.21,148.6,5.66,241928,210.39,84.76,75.96,4.32,0.4,False,False,"U:objem,U:>15% pod maximom,T1,V1"
RMBS,Rambus Inc. Common Stock,11.76,Technology,2026-10-09,107.47,-0.92,111.55,100.84,94.87,95.51,108.3,5.62,2388182,174.1,77.89,8.86,4.23,0.31,False,False,"U:>15% pod maximom,T1,T4,V1"
LOPE,Grand Canyon Education Inc. Common Stock,4.18,Real Estate,2026-10-09,159.8,-0.31,160.48,152.61,151.18,150.15,158.37,4.59,331711,223.04,134.27,-22.8,4.19,0.27,False,False,"U:objem,U:>15% pod maximom,U:rok v strate,V1"
MSGS,Madison Square Garden Sports Corp. Class A Common Stock (New),9.8,Consumer Discretionary,2026-10-09,402.3,-1.2,412.1,401.6,398.83,398.24,349.28,11.75,248190,438.93,207.9,84.05,4.19,0.27,False,False,"U:objem,V1"
ISRG,Intuitive Surgical Inc. Common Stock,146.76,Health Care,2026-10-09,423.96,2.06,416.72,400.65,387.37,386.1,443.41,10.87,2940888,603.88,328.57,-4.46,4.14,0.22,False,False,"U:>15% pod maximom,U:rok v strate,T1"
CBC,Central Bancompany Inc. Class A Common Stock,7.75,Finance,2026-10-09,32.42,0.15,32.44,31.87,31.92,32.31,27.92,0.67,1019003,33.82,22.5,,4.01,0.09,True,False,"T2,V1"
AWI,Armstrong World Industries Inc Common Stock,6.89,Industrials,2026-10-09,161.87,-0.75,163.92,162.18,163.27,171.02,171.68,3.53,423803,206.08,150.28,-16.85,3.97,0.05,False,False,"U:objem,U:>15% pod maximom,U:rok v strate,T1,T2,V1"
BCPC,Balchem Corporation Common Stock,5.38,Industrials,2026-10-09,167.83,-0.47,169.63,166.87,167.24,172.22,168.25,3.17,202515,183.9,139.17,19.62,3.96,0.04,False,False,"U:objem,T1,T2,V1"
LECO,Lincoln Electric Holdings Inc. Common Shares,14.1,Industrials,2026-10-09,261.13,0.91,261.12,264.16,263.94,272.18,264.71,7.2,423268,310.0,216.22,11.08,3.95,0.03,False,False,"U:objem,U:>15% pod maximom,T1"
BRK-A,Berkshire Hathaway Inc.,1127.99,,2026-10-09,774295.0,0.97,769676.0,761019.25,760414.65,761572.28,739456.46,6973.0,182,806103.0,698000.0,3.97,3.95,0.03,False,False,U:objem
KR,Kroger Company (The) Common Stock,36.27,Consumer Staples,2026-10-09,61.64,0.37,61.66,59.78,59.19,58.33,63.44,1.55,6978049,76.58,54.15,-8.76,3.93,0.01,False,False,"U:>15% pod maximom,U:rok v strate,T1,V1"
IVZ,Invesco Ltd Common Stock,13.28,Finance,2026-10-09,29.51,-1.93,30.42,30.54,31.07,31.48,27.91,0.77,4489006,33.66,20.67,23.47,3.91,-0.01,True,False,"T1,T2,T5,V1"
AUPH,Aurinia Pharmaceuticals Inc Ordinary Shares,2.16,Health Care,2026-10-09,16.65,2.65,16.3,16.36,16.38,16.08,15.56,0.42,965969,19.25,10.9,43.29,3.87,-0.05,False,False,"U:objem,T2,T5"
BRK-B,Berkshire Hathaway Inc.,1127.54,,2026-10-09,515.62,0.89,513.15,507.15,506.82,507.77,492.97,5.05,4358538,537.74,464.01,3.8,3.78,-0.14,True,False,T5
BKE,Buckle Inc. (The) Common Stock,2.23,Consumer Discretionary,2026-10-09,44.16,1.96,43.72,42.06,41.51,43.08,48.03,0.99,455658,58.52,39.44,-18.13,3.78,-0.14,False,False,"U:objem,U:>15% pod maximom,U:rok v strate,T1,T5"
HTGC,Hercules Capital Inc. Common Stock,3.1,Finance,2026-10-09,16.51,-0.24,16.57,17.01,17.27,17.12,16.32,0.3,1466080,19.13,13.7,-3.22,3.71,-0.21,False,False,"U:rok v strate,T1,T2,T5,V1"
OII,Oceaneering International Inc. Common Stock,4.44,Energy,2026-10-09,44.81,0.52,44.94,45.53,46.96,48.72,39.07,1.48,968369,54.25,22.02,90.84,3.68,-0.24,False,False,"U:objem,U:>15% pod maximom,T1,T2,T5,V1"
ECL,Ecolab Inc. Common Stock,78.97,Consumer Discretionary,2026-10-09,281.83,0.05,282.74,276.01,274.91,279.17,274.25,5.32,1284092,309.27,243.15,3.41,3.67,-0.25,True,False,"T5,V1"
PLUS,ePlus inc. Common Stock,2.39,Technology,2026-10-09,93.3,1.86,92.59,91.93,91.19,90.22,85.24,2.42,232595,98.14,69.25,29.1,3.67,-0.25,False,False,"U:objem,T5"
DASH,DoorDash Inc. Class A Common Stock,83.07,Consumer Discretionary,2026-10-09,196.5,2.5,192.11,191.37,193.75,206.24,185.8,7.61,4036619,285.5,143.3,-28.66,3.66,-0.26,False,False,"U:>15% pod maximom,U:rok v strate,T1,T2,T5"
VSAT,ViaSat Inc. Common Stock,9.29,Consumer Discretionary,2026-10-09,72.01,6.82,70.05,72.12,73.09,74.82,61.78,4.35,1870971,93.03,29.13,102.73,3.55,-0.37,False,False,"U:>15% pod maximom,T1,T2,T4,T5"
CRK,Comstock Resources Inc. Common Stock,4.03,Energy,2026-10-09,13.71,0.0,14.0,13.26,13.63,13.84,16.81,0.57,2508206,28.1,12.12,-30.69,3.55,-0.37,False,False,"U:>15% pod maximom,U:rok v strate,T1,T2,T5,V1"
ITT,ITT Inc. Common Stock ,17.76,Industrials,2026-10-09,201.37,1.34,199.95,204.08,203.6,205.94,197.73,6.17,848153,230.32,166.96,16.39,3.53,-0.39,False,False,"U:objem,T1,T5"
LYFT,Lyft Inc. Class A Common Stock,6.11,Consumer Discretionary,2026-10-09,16.22,0.56,16.19,15.38,15.31,16.27,15.32,0.45,10677353,25.54,12.46,-17.75,3.51,-0.41,False,False,"U:>15% pod maximom,U:rok v strate,T1,T5"
BFH,Bread Financial Holdings Inc. Common Stock,3.87,Consumer Discretionary,2026-10-09,100.58,-0.15,101.24,102.28,104.48,105.9,89.73,3.55,550911,114.53,53.83,80.22,3.5,-0.42,False,False,"U:objem,T1,T2,T5,V1"
GIB,CGI Inc. Common Stock,16.16,Consumer Discretionary,2026-10-09,70.09,0.59,69.81,69.72,69.87,71.98,73.39,1.75,443155,95.2,59.63,-22.62,3.45,-0.47,False,False,"U:objem,U:>15% pod maximom,U:rok v strate,T1,T2,T5"
JHX,James Hardie Industries plc. Ordinary Shares,14.6,Industrials,2026-10-09,25.12,-0.12,25.19,25.93,26.94,28.1,24.02,0.88,9270719,31.43,16.46,14.6,3.42,-0.5,False,False,"U:>15% pod maximom,T1,T2,T5,V1"
SLB,SLB Limited Common Shares,72.69,Energy,2026-10-09,48.95,-0.06,49.04,50.77,52.65,52.8,50.77,1.45,12797809,60.46,31.64,47.75,3.36,-0.56,False,False,"U:>15% pod maximom,T1,T2,T5,V1"
RNR,RenaissanceRe Holdings Ltd. Common Stock,13.77,Finance,2026-10-09,331.38,0.01,335.61,326.52,326.22,325.32,305.15,6.86,310126,340.24,231.17,27.74,3.34,-0.58,False,False,"U:objem,T5,V1"
ING,ING Group N.V. Common Stock,97.03,Finance,2026-10-09,33.37,-0.18,33.46,35.63,36.36,35.67,30.95,0.71,2163233,37.52,23.64,38.81,3.31,-0.61,True,False,"T1,T2,T5,V1"
BVC,BitVentures Limited Ordinary Shares,2.17,Finance,2026-10-09,12.09,-6.46,13.05,12.62,13.57,13.31,10.33,0.99,43860,18.0,0.7,751.41,3.25,-0.67,False,False,"U:objem,U:>15% pod maximom,U:divoký,T1,T2,T4,T5,V1"
EXPE,Expedia Group Inc. Common Stock,30.93,Consumer Discretionary,2026-10-09,274.22,1.51,272.78,271.18,275.15,295.87,259.53,11.56,1823098,342.0,185.34,26.48,3.23,-0.69,False,False,"U:>15% pod maximom,T1,T2,T5"
EME,EMCOR Group Inc. Common Stock,34.33,Industrials,2026-10-09,789.45,1.44,787.73,763.9,756.62,777.67,777.16,24.28,402936,951.96,564.92,15.95,3.21,-0.71,False,False,"U:objem,U:>15% pod maximom,T5"
RVMD,Revolution Medicines Inc. Common Stock,40.32,Health Care,2026-10-09,189.76,0.87,199.64,199.26,201.56,203.43,148.91,8.83,1949906,224.31,47.28,298.53,3.16,-0.76,False,False,"U:>15% pod maximom,U:divoký,T1,T2,T5,V1"
ASML,ASML Holding N.V. New York Registry Shares,682.11,Technology,2026-10-09,1780.34,0.6,1842.53,1744.55,1721.85,1738.61,1561.82,48.75,1488544,1999.96,935.41,81.57,3.15,-0.77,True,False,"T5,V1"
CSGP,CoStar Group Inc. Common Stock,12.08,Finance,2026-10-09,29.67,-0.47,29.83,28.63,29.06,30.2,39.15,0.98,6950003,79.21,25.89,-61.73,3.13,-0.79,False,False,"U:>15% pod maximom,U:rok v strate,T1,T2,T5,V1"
DG,Dollar General Corporation Common Stock,27.42,Consumer Discretionary,2026-10-09,127.23,2.38,125.34,122.87,123.72,124.16,126.52,3.61,2362466,158.23,95.11,28.94,3.07,-0.85,False,False,"U:>15% pod maximom,T2,T5"
LPLA,LPL Financial Holdings Inc. Common Stock,25.83,Finance,2026-10-09,330.88,0.88,333.89,322.05,327.66,345.8,326.57,12.23,727701,400.16,260.15,1.05,3.06,-0.86,False,False,"U:objem,U:>15% pod maximom,T1,T2,T5,V1"
PDFS,PDF Solutions Inc. Common Stock,2.2,Technology,2026-10-09,54.4,4.25,53.76,49.25,47.51,47.86,43.68,2.3,565490,71.69,23.55,106.45,3.05,-0.87,False,False,"U:objem,U:>15% pod maximom,T3,T5"
STEP,StepStone Group Inc. Class A Common Stock,5.3,Finance,2026-10-09,44.1,0.43,44.13,45.63,46.95,47.84,51.39,1.73,1192679,77.79,38.85,-31.27,3.01,-0.91,False,False,"U:>15% pod maximom,U:rok v strate,T1,T2,T5,V1"
GEO,Geo Group Inc (The) REIT,4.07,Consumer Discretionary,2026-10-09,31.13,0.55,31.01,31.0,31.17,31.25,23.35,1.57,2205503,33.17,12.51,70.58,2.94,-0.98,True,False,"T1,T2,T4,T5"
LYB,LyondellBasell Industries NV Ordinary Shares Class A (Netherlands),19.49,Industrials,2026-10-09,60.03,-0.51,60.7,60.22,61.4,62.3,62.44,1.69,3933323,83.94,41.58,25.93,2.93,-0.99,False,False,"U:>15% pod maximom,T1,T2,T5,V1"
T,AT&T Inc.,170.42,Telecommunications,2026-10-09,22.18,-10.82,24.97,24.96,25.35,24.96,25.15,0.62,49681757,29.44,19.89,-15.02,2.92,-1.0,False,False,"U:>15% pod maximom,U:rok v strate,T1,T2,T5,V1"
BBVA,Banco Bilbao Vizcaya Argentaria S.A. Common Stock,148.35,Finance,2026-10-09,26.12,-0.19,26.22,27.9,28.58,28.42,24.64,0.62,1489658,29.64,17.9,41.34,2.88,-1.04,True,False,"T1,T2,T5,V1"
DIOD,Diodes Incorporated Common Stock,4.43,Technology,2026-10-09,94.94,-1.35,99.95,96.03,93.85,94.6,85.42,4.75,575960,125.99,42.28,80.87,2.87,-1.05,False,False,"U:objem,U:>15% pod maximom,T4,T5,V1"
HHH,Howard Hughes Holdings Inc. Common Stock,4.3,Real Estate,2026-10-09,73.73,2.5,72.02,68.19,65.77,66.51,69.38,2.76,585984,91.07,60.09,-9.66,2.87,-1.05,False,False,"U:objem,U:>15% pod maximom,U:rok v strate,T5"
GPC,Genuine Parts Company Common Stock,17.67,Consumer Discretionary,2026-10-09,127.02,-0.9,128.34,128.24,130.29,131.95,119.92,2.88,1190626,151.57,90.78,-3.42,2.83,-1.09,False,False,"U:>15% pod maximom,U:rok v strate,T1,T2,T5,V1"
TMDX,TransMedics Group Inc. Common Stock,2.74,Health Care,2026-10-09,77.87,-1.43,80.28,83.8,85.33,85.74,98.87,4.06,816392,156.0,60.1,-31.08,2.81,-1.11,False,False,"U:objem,U:>15% pod maximom,U:rok v strate,T1,T2,T4,T5,V1"
MFC,Manulife Financial Corporation Common Stock,70.29,Finance,2026-10-09,42.43,0.74,42.21,43.32,43.59,43.51,39.42,0.71,2098685,45.33,31.41,32.84,2.76,-1.16,True,False,"T1,T2,T5"
ROIV,Roivant Sciences Ltd. Common Shares,24.71,Health Care,2026-10-09,35.44,3.6,34.56,37.14,38.35,36.68,30.49,1.23,7063292,42.5,15.9,119.85,2.69,-1.23,False,False,"U:>15% pod maximom,T1,T2,T5"
MIR,Mirion Technologies Inc. Class A Common Stock,4.04,Industrials,2026-10-09,16.62,2.47,16.27,15.58,15.67,15.54,18.95,0.73,3992641,30.28,14.04,-28.94,2.66,-1.26,False,False,"U:>15% pod maximom,U:rok v strate,T1,T2,T5"
TXNM,TXNM Energy Inc. Common Stock,6.45,Utilities,2026-10-09,58.61,0.05,58.61,58.42,58.26,57.93,58.43,0.35,1252680,59.53,55.64,3.1,2.66,-1.26,True,False,"T5,V1"
SRCE,1st Source Corporation Common Stock,2.05,Finance,2026-10-09,83.9,-1.31,86.07,85.62,86.02,86.66,76.09,1.69,119525,91.46,56.89,39.65,2.64,-1.28,False,False,"U:objem,T1,T2,T5,V1"
ITRI,Itron Inc. Common Stock,3.69,Industrials,2026-10-09,85.58,1.6,85.24,89.15,91.34,95.22,91.56,2.62,751344,142.0,77.77,-32.41,2.63,-1.29,False,False,"U:objem,U:>15% pod maximom,U:rok v strate,T1,T2,T5"
MBIN,Merchants Bancorp Common Stock,2.29,Finance,2026-10-09,48.92,-1.77,50.28,51.0,51.82,52.73,46.5,1.48,188622,56.87,30.37,52.3,2.62,-1.3,False,False,"U:objem,T1,T2,T5,V1"
TTC,Toro Company (The) Common Stock,9.16,Consumer Discretionary,2026-10-09,95.79,-1.05,97.08,95.87,94.94,96.65,93.98,2.07,729647,105.19,67.64,29.03,2.61,-1.31,False,False,"U:objem,T1,T5,V1"
TRGP,Targa Resources Inc. Common Stock,61.86,Utilities,2026-10-09,286.7,-0.62,291.19,283.25,284.53,283.04,250.87,7.48,1196350,307.94,144.14,77.74,2.61,-1.31,True,False,"T2,T5,V1"
RIG,Transocean Ltd (Switzerland) Common Stock,6.19,Energy,2026-10-09,5.51,-0.54,5.61,5.45,5.52,5.59,5.72,0.18,41391252,7.66,3.07,65.47,2.61,-1.31,False,False,"U:>15% pod maximom,T1,T2,T5,V1"
IONQ,IonQ Inc. Common Stock,15.03,Technology,2026-10-09,39.89,1.12,42.01,41.61,40.85,41.33,43.27,2.66,21192907,84.64,25.89,-48.53,2.6,-1.32,False,False,"U:>15% pod maximom,U:rok v strate,T1,T4,T5,V1"
IHS,IHS Holding Limited Ordinary Shares,2.83,Telecommunications,2026-10-09,8.43,-0.12,8.44,8.42,8.42,8.38,8.18,0.05,1084004,8.95,5.71,25.63,2.55,-1.37,True,False,"T2,T5,V1"
UTHR,United Therapeutics Corporation Common Stock,22.85,Health Care,2026-10-09,549.16,3.07,545.0,512.41,501.83,512.59,526.12,24.16,682693,609.35,409.07,23.3,2.54,-1.38,False,False,"U:objem,T5"
UNM,Unum Group Common Stock,14.67,Finance,2026-10-09,91.67,-1.05,93.89,92.2,92.82,91.72,83.01,2.59,1638714,96.77,69.02,19.41,2.53,-1.39,True,False,"T1,T2,T5,V1"
CTVA,Corteva Inc. Common Stock ,9.17,Consumer Staples,2026-10-09,13.24,-3.71,14.47,12.41,12.23,12.27,11.92,0.79,35386304,14.62,9.08,40.63,2.53,-1.39,True,False,"T4,T5,V1"
GRDN,Guardian Pharmacy Services Inc. Class A Common Stock,2.64,Consumer Staples,2026-10-09,41.28,-0.77,41.8,42.92,43.28,40.9,37.39,1.48,480136,48.33,23.14,74.32,2.46,-1.46,False,False,"U:objem,T2,T5,V1"
FN,Fabrinet Ordinary Shares,17.46,Utilities,2026-10-09,486.28,-0.22,497.95,426.48,408.78,451.26,532.47,22.68,880006,748.89,361.19,27.22,2.45,-1.47,False,False,"U:objem,U:>15% pod maximom,T1,T3,T5,V1"
MNDY,monday.com Ltd. Ordinary Shares,3.81,Technology,2026-10-09,88.96,0.06,89.07,85.48,85.46,88.75,87.04,4.28,1386192,210.49,57.5,-53.33,2.44,-1.48,False,False,"U:>15% pod maximom,U:rok v strate,T5,V1"
EAT,Brinker International Inc. Common Stock,7.97,Consumer Discretionary,2026-10-09,193.87,1.93,193.0,200.09,207.15,218.45,170.95,8.97,1215036,254.99,100.3,55.79,2.43,-1.49,False,False,"U:>15% pod maximom,T1,T2,T5"
SWK,Stanley Black & Decker Inc. Common Stock,13.47,Consumer Discretionary,2026-10-09,88.57,-0.67,89.31,89.61,90.39,94.91,84.21,2.77,1794069,104.68,61.9,27.04,2.36,-1.56,False,False,"U:>15% pod maximom,T1,T2,T5,V1"
MAIN,Main Street Capital Corporation Common Stock,5.09,Finance,2026-10-09,53.74,-1.34,54.63,55.43,55.96,56.82,56.02,1.01,529185,65.23,48.95,-5.85,2.34,-1.58,False,False,"U:objem,U:>15% pod maximom,U:rok v strate,T1,T2,T5,V1"
OGN,Organon & Co. Common Stock ,3.61,Health Care,2026-10-09,13.81,0.44,13.8,13.71,13.7,13.7,11.06,0.05,2679533,13.83,5.69,39.21,2.3,-1.62,True,False,T5
UGI,UGI Corporation Common Stock,7.92,Utilities,2026-10-09,37.12,0.49,37.07,36.97,37.27,36.98,36.62,0.71,1956301,41.34,31.62,16.29,2.23,-1.69,True,False,"T2,T5"
COST,Costco Wholesale Corporation Common Stock,420.05,Consumer Discretionary,2026-10-09,946.92,-0.11,953.25,915.74,907.71,931.43,963.47,15.57,2063268,1096.5,844.06,0.43,2.21,-1.71,True,False,"T1,T5,V1"
MTDR,Matador Resources Company Common Stock,6.74,Energy,2026-10-09,54.28,-0.37,54.75,54.34,56.08,55.0,53.3,1.64,1892046,66.84,37.14,21.57,2.2,-1.72,False,False,"U:>15% pod maximom,T1,T2,T5,V1"
OWL,Blue Owl Capital Inc. Class A Common Stock,14.45,Finance,2026-10-09,9.49,2.37,9.31,9.51,9.95,10.77,10.77,0.36,19297428,17.33,7.95,-41.6,2.15,-1.77,False,False,"U:>15% pod maximom,U:rok v strate,T1,T2,T5"
CHKP,Check Point Software Technologies Ltd. Ordinary Shares,13.76,Technology,2026-10-09,137.18,1.81,135.31,133.62,133.79,132.07,144.16,4.4,1139561,210.66,112.23,-30.73,2.13,-1.79,False,False,"U:>15% pod maximom,U:rok v strate,T1,T2,T5"
VST,Vistra Corp. Common Stock,52.41,Utilities,2026-10-09,161.48,3.42,168.75,144.46,142.35,143.9,154.74,7.16,5307746,217.1,132.66,-23.1,2.12,-1.8,False,False,"U:>15% pod maximom,U:rok v strate,T3,T5,V1"
FLR,Fluor Corporation Common Stock,6.82,Industrials,2026-10-09,50.68,-0.65,51.26,51.74,52.74,52.68,49.05,1.9,2434563,58.35,39.33,16.48,2.12,-1.8,True,False,"T1,T2,T5,V1"
ECHO,EchoStar  Corporation Common Stock,27.15,Consumer Discretionary,2026-10-09,94.84,1.59,96.91,93.31,92.08,90.59,108.55,3.35,4019134,147.25,65.76,23.97,2.09,-1.83,False,False,"U:>15% pod maximom,T1,T5,V1"
DLO,DLocal Limited Class A Common Shares,4.42,Consumer Discretionary,2026-10-09,15.23,1.53,15.16,14.28,14.32,14.62,13.53,0.44,1983704,16.78,10.64,2.28,2.08,-1.84,True,False,"T2,T5"
PKG,Packaging Corporation of America Common Stock,20.49,Consumer Discretionary,2026-10-09,230.51,0.25,229.98,232.96,233.79,240.73,227.11,4.33,609887,259.98,191.5,9.04,2.06,-1.86,False,False,"U:objem,T1,T2,T5"
ENSG,The Ensign Group Inc. Common Stock,9.99,Health Care,2026-10-09,171.8,0.18,171.64,173.59,173.71,175.95,181.62,3.68,375366,218.0,141.58,-2.35,2.03,-1.89,False,False,"U:objem,U:>15% pod maximom,U:rok v strate,T1,T2,T5"
MUFG,Mitsubishi UFJ Financial Group Inc. Common Stock,266.79,Finance,2026-10-09,22.38,-0.44,22.48,23.07,23.29,22.86,19.76,0.49,2999374,24.26,14.62,45.89,2.01,-1.91,True,False,"T1,T2,T5,V1"
PG,Procter & Gamble Company (The) Common Stock,350.04,Consumer Discretionary,2026-10-09,151.23,0.42,150.76,147.14,146.09,145.91,147.74,2.51,8493722,167.25,137.62,0.43,1.93,-1.99,True,False,T5
NWS,News Corporation Class B Common Stock,17.25,Consumer Discretionary,2026-10-09,32.01,0.28,32.08,32.22,32.56,33.02,30.23,0.76,1136607,35.76,25.49,7.74,1.91,-2.01,True,False,"T1,T2,T5,V1"
MD,Pediatrix Medical Group Inc. Common Stock,2.13,Health Care,2026-10-09,26.64,1.52,26.35,26.07,26.26,26.34,23.39,0.75,775623,27.94,15.7,64.24,1.91,-2.01,False,False,"U:objem,T2,T5"
RELY,Remitly Global Inc. Common Stock,4.98,Consumer Discretionary,2026-10-09,24.13,2.59,23.56,22.01,22.12,23.87,19.74,0.98,3539874,27.48,12.08,55.88,1.9,-2.02,True,False,"T2,T5"
LW,Lamb Weston Holdings Inc. Common Stock ,6.81,Consumer Staples,2026-10-09,47.87,-3.21,49.83,45.67,45.91,49.75,45.73,2.04,1948657,67.07,37.62,-25.87,1.89,-2.03,False,False,"U:>15% pod maximom,U:rok v strate,T1,T2,T5,V1"
BFLY,Butterfly Network Inc. Class A Common Stock,2.14,Health Care,2026-10-09,8.25,2.74,8.17,8.59,8.29,8.5,5.8,0.78,6182922,10.21,1.9,221.01,1.85,-2.07,False,False,"U:>15% pod maximom,U:divoký,T1,T4,T5"
AIT,Applied Industrial Technologies Inc. Common Stock,12.2,Consumer Discretionary,2026-10-09,335.38,0.98,335.22,330.98,327.31,337.11,305.33,7.5,276974,374.8,238.34,33.6,1.83,-2.09,False,False,"U:objem,T1,T5"
ICL,ICL Group Ltd. Ordinary Shares,6.45,Industrials,2026-10-09,5.02,0.4,5.05,5.21,5.4,5.41,5.45,0.12,1158493,6.97,4.76,-25.3,1.83,-2.09,False,False,"U:>15% pod maximom,U:rok v strate,T1,T2,T5,V1"
KYMR,Kymera Therapeutics Inc. Common Stock,9.09,Health Care,2026-10-09,112.4,2.84,110.04,113.05,114.82,114.61,93.69,6.09,714136,130.05,55.26,97.12,1.81,-2.11,False,False,"U:objem,T1,T2,T4,T5"
STLD,Steel Dynamics Inc.,33.56,Industrials,2026-10-09,238.38,1.8,237.55,233.88,234.59,241.36,218.47,6.7,1099346,288.74,140.87,61.31,1.81,-2.11,False,False,"U:>15% pod maximom,T1,T2,T5"
MMS,Maximus Inc. Common Stock,3.08,Consumer Discretionary,2026-10-09,59.39,1.05,58.88,55.27,55.31,56.85,67.01,1.86,664593,100.0,51.04,-32.72,1.76,-2.16,False,False,"U:objem,U:>15% pod maximom,U:rok v strate,T1,T2,T5"
WST,West Pharmaceutical Services Inc. Common Stock,25.57,Health Care,2026-10-09,366.0,0.75,367.25,368.1,361.1,355.26,304.79,9.28,626596,386.0,223.83,38.86,1.75,-2.17,False,False,"U:objem,T5,V1"
AXTA,Axalta Coating Systems Ltd. Common Shares,7.02,Consumer Discretionary,2026-10-09,32.63,-0.55,32.99,32.67,33.15,34.85,32.19,0.83,1804465,38.61,24.94,22.03,1.75,-2.17,False,False,"U:>15% pod maximom,T1,T2,T5,V1"
ICUI,ICU Medical Inc. Common Stock,3.93,Health Care,2026-10-09,160.32,2.0,157.5,159.22,159.64,168.43,147.33,4.66,278187,192.85,112.5,37.15,1.73,-2.19,False,False,"U:objem,U:>15% pod maximom,T1,T2,T5"
WTS,Watts Water Technologies Inc. Class A Common Stock,11.59,Industrials,2026-10-09,352.72,1.61,349.75,354.62,355.29,363.21,325.69,8.17,196217,394.54,260.0,28.88,1.7,-2.22,False,False,"U:objem,T1,T2,T5"
COHR,Coherent Corp. Common Stock,59.21,Technology,2026-10-09,312.62,3.4,328.87,305.01,298.22,304.1,292.64,20.53,6556296,440.0,108.19,155.51,1.7,-2.22,False,False,"U:>15% pod maximom,U:divoký,T4,T5,V1"
CAH,Cardinal Health Inc. Common Stock,55.33,Health Care,2026-10-09,237.57,-0.58,241.96,228.2,229.35,233.25,218.89,5.98,1850969,258.3,151.87,51.12,1.67,-2.25,True,False,"T2,T5,V1"
GTES,Gates Industrial Corporation Ltd. Common Shares,6.77,Industrials,2026-10-09,26.67,-0.26,27.17,26.47,26.1,26.74,25.5,0.89,1857204,30.34,20.88,5.46,1.64,-2.28,True,False,"T1,T5,V1"
SITM,SiTime Corporation Common Stock,19.4,Technology,2026-10-09,612.37,-5.07,670.11,637.45,622.21,626.06,536.48,37.95,440480,901.81,243.68,97.58,1.63,-2.29,False,False,"U:objem,U:>15% pod maximom,T1,T4,T5,V1"
KDP,Keurig Dr Pepper Inc. Common Stock,42.54,Consumer Staples,2026-10-09,31.76,1.6,31.35,31.17,31.4,31.28,29.5,0.91,11132458,33.82,24.88,22.86,1.63,-2.29,True,False,"T2,T5"
CSW,CSW Industrials Inc. Common Stock,4.67,Industrials,2026-10-09,287.59,0.34,290.01,293.04,295.06,312.69,291.76,9.65,141698,355.48,230.45,19.93,1.6,-2.32,False,False,"U:objem,U:>15% pod maximom,T1,T2,T5,V1"
ACA,Arcosa Inc. Common Stock ,7.19,Industrials,2026-10-09,147.18,0.46,146.8,146.21,145.88,145.62,128.09,0.51,677425,147.24,89.03,61.47,1.56,-2.36,False,False,"U:objem,T5"
TECH,Bio-Techne Corp Common Stock,11.36,Health Care,2026-10-09,72.46,0.01,72.58,72.45,72.39,72.33,62.41,0.15,3096912,72.69,43.2,20.97,1.54,-2.38,True,False,"T5,V1"
INTC,Intel Corporation Common Stock,565.93,Technology,2026-10-09,104.7,-2.22,111.6,113.83,111.64,103.08,83.03,5.53,107236714,142.35,32.89,176.98,1.53,-2.39,False,False,"U:>15% pod maximom,U:divoký,T4,T5,V1"
CHE,Chemed Corp,6.51,Health Care,2026-10-09,499.82,0.32,499.73,505.27,508.62,521.54,456.92,11.37,159931,557.0,365.21,15.86,1.53,-2.39,False,False,"U:objem,T1,T2,T5"
PAG,Penske Automotive Group Inc. Common Stock,13.0,Consumer Discretionary,2026-10-09,196.16,-0.95,198.49,206.41,211.39,213.08,179.34,3.93,431496,227.0,140.12,17.07,1.52,-2.4,False,False,"U:objem,T1,T2,T5,V1"
CNO,CNO Financial Group Inc. Common Stock,4.95,Finance,2026-10-09,52.99,-1.05,53.98,54.09,54.55,54.59,47.64,1.08,880444,57.59,38.22,32.14,1.51,-2.41,False,False,"U:objem,T1,T2,T5,V1"
SLAB,Silicon Laboratories Inc. Common Stock,7.4,Technology,2026-10-09,222.04,0.13,222.28,221.3,220.74,219.88,204.8,0.98,290946,223.5,115.51,65.63,1.5,-2.42,False,False,"U:objem,T5,V1"
MMM,3M Company Common Stock,84.36,Health Care,2026-10-09,159.96,-2.21,164.23,165.06,165.85,171.88,160.65,3.47,3170919,184.9,139.34,4.63,1.43,-2.49,True,False,"T1,T2,T5,V1"
JNJ,Johnson & Johnson Common Stock,618.09,Health Care,2026-10-09,261.44,1.93,257.8,264.69,267.65,265.33,242.92,5.18,7026561,281.07,184.66,36.82,1.42,-2.5,True,False,"T1,T2,T5"
PLXS,Plexus Corp. Common Stock,6.97,Technology,2026-10-09,262.54,0.44,268.13,259.45,254.95,256.03,234.61,7.41,252892,307.06,132.03,78.3,1.36,-2.56,False,False,"U:objem,T5,V1"
NE,Noble Corporation plc A Ordinary Shares,6.73,Energy,2026-10-09,42.36,0.5,42.73,43.09,44.02,44.05,43.4,1.56,1318763,54.98,26.69,46.78,1.36,-2.56,False,False,"U:>15% pod maximom,T1,T2,T5,V1"
ROST,Ross Stores Inc. Common Stock,71.94,Consumer Discretionary,2026-10-09,222.41,-1.24,227.49,229.88,230.77,235.49,218.94,4.67,2299060,257.0,147.49,48.29,1.34,-2.58,True,False,"T1,T2,T5,V1"
NWE,NorthWestern Energy Group Inc. Common Stock,4.59,Utilities,2026-10-09,74.15,-0.64,74.78,69.58,69.18,70.09,69.62,1.97,443798,76.0,57.12,27.17,1.3,-2.62,False,False,"U:objem,T5,V1"
EXE,Expand Energy Corporation Common Stock,20.57,Energy,2026-10-09,88.22,-0.72,89.16,87.71,89.94,92.71,97.9,1.96,3161661,126.62,83.25,-16.76,1.29,-2.63,False,False,"U:>15% pod maximom,U:rok v strate,T1,T2,T5,V1"
HLT,Hilton Worldwide Holdings Inc. Common Stock ,72.76,Consumer Discretionary,2026-10-09,326.56,1.01,324.73,314.34,310.64,317.35,316.89,6.21,1829160,358.0,253.54,25.55,1.27,-2.65,True,False,T5
AES,The AES Corporation Common Stock,10.65,Industrials,2026-10-09,14.94,0.07,14.98,14.87,14.84,14.79,14.72,0.05,7579577,17.65,13.21,2.54,1.22,-2.7,False,False,"U:>15% pod maximom,T5,V1"
MELI,MercadoLibre Inc. Common Stock,94.13,Consumer Discretionary,2026-10-09,1889.85,1.79,1872.48,1801.0,1813.33,1862.36,1835.27,57.14,508019,2428.0,1495.0,-16.93,1.21,-2.71,False,False,"U:objem,U:>15% pod maximom,U:rok v strate,T2,T5"
PH,Parker-Hannifin Corporation Common Stock,119.42,Industrials,2026-10-09,962.56,1.65,953.51,957.28,953.76,987.08,947.19,19.52,602780,1099.94,715.37,30.3,1.19,-2.73,False,False,"U:objem,T1,T5"
ACT,Enact Holdings Inc. Common Stock,6.41,Finance,2026-10-09,45.97,-1.44,46.73,46.99,47.81,48.23,43.82,1.2,396539,50.56,34.64,29.24,1.17,-2.75,False,False,"U:objem,T1,T2,T5,V1"
MFG,Mizuho Financial Group Inc. Sponosred ADR (Japan),132.83,Finance,2026-10-09,10.61,-0.56,10.67,10.94,11.02,10.78,9.36,0.29,3345269,11.49,6.09,66.3,1.14,-2.78,True,False,"T1,T2,T5,V1"
THG,Hanover Insurance Group Inc,7.73,Finance,2026-10-09,219.33,-1.17,223.98,221.61,222.97,224.37,196.16,4.28,307295,236.07,166.54,22.18,1.14,-2.78,False,False,"U:objem,T1,T2,T5,V1"
OFG,OFG Bancorp Common Stock,2.15,Finance,2026-10-09,50.54,-0.75,51.08,51.49,51.96,52.17,46.03,0.96,268717,54.47,35.71,17.45,1.14,-2.78,False,False,"U:objem,T1,T2,T5,V1"
KGC,Kinross Gold Corporation Common Stock,27.87,Basic Materials,2026-10-09,23.74,1.71,23.39,25.62,27.21,27.61,29.36,0.99,7937066,39.11,22.01,-2.22,1.11,-2.81,False,False,"U:>15% pod maximom,U:rok v strate,T1,T2,T5"
WTTR,Select Water Solutions Inc. Class A common stock,2.71,Energy,2026-10-09,19.76,0.82,19.68,19.99,20.17,20.07,16.79,0.86,1732507,22.55,9.28,90.18,1.07,-2.85,True,False,"T1,T2,T5"
WTRG,Essential Utilities Inc. Common Stock,10.99,Utilities,2026-10-09,38.98,0.67,38.95,39.83,40.57,40.31,39.19,0.74,2282534,42.51,36.11,-3.68,1.01,-2.91,False,False,"U:rok v strate,T1,T2,T5"
CHD,Church & Dwight Company Inc. Common Stock,23.18,Consumer Discretionary,2026-10-09,98.11,0.39,98.28,95.59,95.27,98.26,96.3,1.43,1827788,106.04,81.33,11.97,0.98,-2.94,True,False,"T1,T5,V1"
ROP,Roper Technologies Inc. Common Stock,36.02,Industrials,2026-10-09,364.09,-0.04,364.86,365.12,373.01,388.5,367.01,8.94,798322,520.85,305.96,-29.72,0.97,-2.95,False,False,"U:objem,U:>15% pod maximom,U:rok v strate,T1,T2,T5,V1"
CIEN,Ciena Corporation Common Stock,60.4,Utilities,2026-10-09,449.77,5.6,443.99,373.51,349.95,380.65,396.64,22.23,2462006,637.51,153.27,174.9,0.97,-2.95,False,False,"U:>15% pod maximom,U:divoký,T3,T5"
MDLZ,Mondelez International Inc. Class A Common Stock,77.43,Consumer Staples,2026-10-09,60.41,-0.43,60.8,60.27,60.85,61.66,59.74,1.11,8221669,66.65,51.2,-0.97,0.92,-3.0,False,False,"U:rok v strate,T1,T2,T5,V1"
EFXT,Enerflex Ltd Common Shares,2.93,Industrials,2026-10-09,24.04,0.12,24.2,23.37,22.95,22.1,21.98,1.16,648701,29.15,10.57,109.41,0.88,-3.04,False,False,"U:objem,U:>15% pod maximom,T5,V1"
RPRX,Royalty Pharma plc Class A Ordinary Shares ,32.32,Health Care,2026-10-09,56.93,1.28,56.71,57.86,58.83,59.16,51.53,1.13,2937177,64.38,35.23,57.53,0.85,-3.07,True,False,"T1,T2,T5"
MAR,Marriott International Class A Common Stock,94.16,Consumer Discretionary,2026-10-09,365.88,1.33,363.83,351.09,344.09,349.96,350.65,6.9,1550433,410.98,256.76,37.48,0.83,-3.09,True,False,T5
KMI,Kinder Morgan Inc. Common Stock,71.81,Utilities,2026-10-09,32.49,0.74,32.43,31.25,31.07,31.48,31.6,0.69,11346017,34.81,25.6,18.06,0.78,-3.14,True,False,T5
GFF,Griffon Corporation Common Stock,4.17,Industrials,2026-10-09,90.59,-1.69,93.43,94.3,95.33,97.56,87.95,2.56,336042,108.57,65.01,20.66,0.7,-3.22,False,False,"U:objem,U:>15% pod maximom,T1,T2,T5,V1"
NATL,NCR Atleos Corporation Common Stock,3.37,Miscellaneous,2026-10-09,45.79,0.37,45.73,45.74,45.86,46.14,43.91,0.54,712117,48.5,33.31,15.28,0.7,-3.22,False,False,"U:objem,T1,T2,T5"
GEHC,GE HealthCare Technologies Inc. Common Stock ,29.01,Health Care,2026-10-09,65.74,2.37,64.5,65.13,65.32,68.67,70.83,1.47,4111519,89.77,58.75,-11.43,0.66,-3.26,False,False,"U:>15% pod maximom,U:rok v strate,T1,T2,T5"
TGTX,TG Therapeutics Inc. Common Stock,8.16,Health Care,2026-10-09,55.37,3.81,53.9,55.31,55.71,53.59,41.88,2.16,2021387,59.3,26.76,58.34,0.65,-3.27,True,False,"T2,T5"
AGM,Federal Agricultural Mortgage Corporation Common Stock,2.25,Finance,2026-10-09,203.9,-1.71,208.88,215.47,219.48,222.89,186.79,5.53,110569,248.29,136.57,26.32,0.61,-3.31,False,False,"U:objem,U:>15% pod maximom,T1,T2,T5,V1"
CSQ,Calamos Strategic Total Return Common Stock,3.25,Finance,2026-10-09,20.67,1.17,20.67,20.53,20.62,20.7,19.73,0.34,186349,21.17,16.41,6.66,0.58,-3.34,False,False,"U:objem,T1,T2,T5,V1"
SYNA,Synaptics Incorporated Common Stock $0.001 Par Value,4.73,Technology,2026-10-09,119.82,0.62,119.9,104.19,98.42,102.12,99.94,3.96,836566,149.11,58.28,78.38,0.56,-3.36,False,False,"U:objem,U:>15% pod maximom,T3,T5,V1"
PAYO,Payoneer Global Inc. Common Stock,2.43,Consumer Discretionary,2026-10-09,7.14,-0.28,7.17,7.14,7.14,7.13,6.0,0.02,3481009,7.19,4.08,17.82,0.56,-3.36,True,False,"T2,T5,V1"
OTEX,Open Text Corporation Common Shares,5.82,Technology,2026-10-09,23.7,1.98,23.42,22.92,22.93,23.85,24.35,0.66,1468065,39.9,19.78,-39.77,0.55,-3.37,False,False,"U:>15% pod maximom,U:rok v strate,T1,T2,T5"
BNS,Bank Nova Scotia Halifax Pfd 3 Ordinary Shares,107.45,Finance,2026-10-09,88.45,0.98,88.28,91.84,92.91,91.08,80.94,1.53,2141771,95.74,62.98,39.18,0.51,-3.41,True,False,"T1,T2,T5"
PPC,Pilgrim's Pride Corporation Common Stock,6.79,Consumer Staples,2026-10-09,28.65,0.53,28.85,28.33,28.82,29.03,33.29,1.17,1542963,44.84,25.0,-24.39,0.49,-3.43,False,False,"U:>15% pod maximom,U:rok v strate,T1,T2,T5,V1"
DRI,Darden Restaurants Inc. Common Stock,22.69,Consumer Discretionary,2026-10-09,197.66,-1.43,202.56,204.15,206.85,211.32,204.33,5.01,1199011,229.76,169.0,5.88,0.49,-3.43,True,False,"T1,T2,T5,V1"
SYM,Symbotic Inc. Class A Common Stock,25.44,Industrials,2026-10-09,42.63,1.36,42.8,43.06,42.92,42.26,50.04,1.57,1609174,87.88,37.68,-36.51,0.47,-3.45,False,False,"U:>15% pod maximom,U:rok v strate,T1,T5,V1"
SOLS,Solstice Advanced Materials Inc. Common Stock ,9.57,Industrials,2026-10-09,61.35,1.86,61.08,58.1,58.76,59.69,69.43,2.0,2838760,90.8,40.43,,0.47,-3.45,False,False,"U:>15% pod maximom,T1,T2,T5"
DLR,Digital Realty Trust Inc. Common Stock,65.15,Real Estate,2026-10-09,178.76,1.53,179.53,180.15,182.21,186.77,181.81,4.34,2273066,208.14,146.23,2.03,0.47,-3.45,True,False,"T1,T2,T5,V1"
TDS,Telephone and Data Systems Inc. Common Shares,3.93,Telecommunications,2026-10-09,33.53,-1.76,35.75,35.66,36.43,35.2,40.11,1.09,1366850,49.12,31.51,-15.33,0.42,-3.5,False,False,"U:>15% pod maximom,U:rok v strate,T1,T2,T5,V1"
BKH,Black Hills Corporation Common Stock,5.83,Utilities,2026-10-09,76.08,-0.58,76.72,71.42,71.12,72.28,72.74,2.02,953565,78.69,59.91,24.62,0.37,-3.55,False,False,"U:objem,T5,V1"
CMC,Commercial Metals Company Common Stock,6.98,Industrials,2026-10-09,63.89,1.25,63.84,64.34,65.5,67.61,69.71,1.86,1100295,84.87,53.08,8.29,0.35,-3.57,False,False,"U:>15% pod maximom,T1,T2,T5"
FSK,FS KKR Capital Corp. Common Stock,2.98,Finance,2026-10-09,10.84,0.46,10.93,11.22,11.53,11.69,11.64,0.26,2071257,16.31,9.72,-24.57,0.28,-3.64,False,False,"U:>15% pod maximom,U:rok v strate,T1,T2,T5,V1"
FANG,Diamondback Energy Inc. Common Stock,53.68,Energy,2026-10-09,192.13,0.23,192.38,189.84,193.57,196.59,185.58,4.33,2344958,216.9,137.03,33.23,0.28,-3.64,True,False,"T1,T2,T5,V1"
IR,Ingersoll Rand Inc. Common Stock,30.26,Industrials,2026-10-09,78.75,0.96,78.56,75.21,74.18,78.55,81.54,2.11,4328052,100.96,68.07,0.34,0.24,-3.68,False,False,"U:>15% pod maximom,T1,T5"
WTW,Willis Towers Watson Public Limited Company Ordinary Shares,27.66,Finance,2026-10-09,296.26,-0.54,299.59,299.44,306.43,321.49,297.84,6.78,538747,351.51,240.61,-12.19,0.24,-3.68,False,False,"U:objem,U:>15% pod maximom,U:rok v strate,T1,T2,T5,V1"
BATRA,Atlanta Braves Holdings Inc. Series A Common Stock,3.71,Consumer Discretionary,2026-10-09,57.57,-0.33,58.17,57.54,56.89,56.34,51.71,1.18,64369,60.48,41.5,32.44,0.21,-3.71,False,False,"U:objem,T5,V1"
FBP,First BanCorp. New Common Stock,4.07,Finance,2026-10-09,26.68,0.04,26.82,27.04,27.34,27.95,24.54,0.52,1400639,29.88,19.16,23.29,0.15,-3.77,True,False,"T1,T2,T5,V1"
PEN,Penumbra Inc. Common Stock,12.51,Health Care,2026-10-09,319.4,0.59,317.52,318.44,318.89,321.4,326.92,1.43,354568,362.41,221.26,22.19,0.14,-3.78,False,False,"U:objem,T1,T2,T5"
SLG,SL Green Realty Corp Common Stock,3.47,Real Estate,2026-10-09,48.41,-1.08,49.1,50.22,51.38,53.58,46.7,1.63,903638,60.09,34.77,-14.86,0.1,-3.82,False,False,"U:objem,U:>15% pod maximom,U:rok v strate,T1,T2,T5,V1"
SHO,Sunstone Hotel Investors Inc. Sunstone Hotel Investors Inc. Common Shares,2.11,Consumer Discretionary,2026-10-09,11.31,-0.35,11.39,11.18,11.1,11.16,10.32,0.2,2185638,12.07,8.69,25.53,0.09,-3.83,True,False,"T5,V1"
PACS,PACS Group Inc. Common Stock,6.92,Health Care,2026-10-09,43.3,-0.98,43.88,42.37,42.6,43.65,39.16,1.4,808801,49.49,10.31,230.53,0.07,-3.85,False,False,"U:objem,U:divoký,T1,T2,T5,V1"
CXT,Crane NXT Co. Common Stock,2.77,Industrials,2026-10-09,50.45,4.71,48.48,47.86,48.21,49.66,47.3,1.79,546552,69.0,35.71,-25.91,-0.04,-3.96,False,False,"U:objem,U:>15% pod maximom,U:rok v strate,T2,T5"
WMG,Warner Music Group Corp. Class A Common Stock,15.12,Consumer Discretionary,2026-10-09,28.72,-0.66,29.32,27.82,27.83,27.38,28.57,0.88,2089541,35.42,23.34,-10.53,-0.1,-4.02,False,False,"U:>15% pod maximom,U:rok v strate,T2,T5,V1"
RDW,Redwire Corporation Common Stock,2.44,Industrials,2026-10-09,9.58,-1.84,10.24,10.83,11.0,11.26,11.12,0.69,14745873,26.64,4.87,-0.73,-0.1,-4.02,False,False,"U:>15% pod maximom,U:divoký,U:rok v strate,T1,T2,T4,T5,V1"
IDYA,IDEAYA Biosciences Inc. Common Stock,3.48,Health Care,2026-10-09,36.11,0.14,36.32,37.63,38.08,38.06,34.14,1.6,781484,42.68,26.05,34.79,-0.11,-4.03,False,False,"U:objem,U:>15% pod maximom,T1,T2,T5,V1"
MGA,Magna International Inc. Common Stock,16.94,Consumer Discretionary,2026-10-09,63.99,0.27,64.06,64.15,64.59,66.63,61.98,1.51,1191452,73.22,43.11,43.67,-0.12,-4.04,True,False,"T1,T2,T5,V1"
APO,Apollo Global Management Inc. (New) Common Stock,68.09,Finance,2026-10-09,118.65,2.91,116.04,120.69,124.32,128.07,125.86,3.71,3344092,153.29,99.56,-3.96,-0.15,-4.07,False,False,"U:>15% pod maximom,U:rok v strate,T1,T2,T5"
KB,KB Financial Group Inc,43.76,Finance,2026-10-09,123.07,0.84,122.48,126.35,127.55,123.77,109.23,2.65,198644,133.29,77.44,49.37,-0.15,-4.07,False,False,"U:objem,T1,T2,T5"
DPZ,Domino's Pizza Inc Common Stock,10.21,Consumer Discretionary,2026-10-09,309.36,0.23,310.24,300.5,305.78,326.69,350.58,7.66,858196,442.35,282.0,-23.68,-0.16,-4.08,False,False,"U:objem,U:>15% pod maximom,U:rok v strate,T1,T2,T5,V1"
NTR,Nutrien Ltd. Common Shares,33.67,Industrials,2026-10-09,67.48,-3.42,71.11,73.13,75.6,72.71,70.54,2.06,2563668,85.36,53.03,10.42,-0.18,-4.1,False,False,"U:>15% pod maximom,T1,T2,T5,V1"
SSB,SouthState Bank Corporation Common Stock,9.75,Finance,2026-10-09,100.25,-0.32,100.83,102.0,103.5,105.32,99.71,1.79,764492,112.2,84.48,1.42,-0.19,-4.11,False,False,"U:objem,T1,T2,T5,V1"
BRKR,Bruker Corporation Common Stock,8.82,Industrials,2026-10-09,58.84,1.59,59.23,61.14,60.01,58.72,49.66,3.25,2256042,66.98,32.37,63.76,-0.22,-4.14,True,False,"T4,T5,V1"
LLY,Eli Lilly and Company Common Stock,1101.01,Health Care,2026-10-09,1179.27,0.83,1186.09,1161.32,1151.22,1173.97,1076.5,36.51,2485538,1292.65,783.85,37.87,-0.22,-4.14,True,False,"T5,V1"
VERX,Vertex Inc. Class A Common Stock,2.07,Technology,2026-10-09,12.95,1.41,12.82,12.12,12.17,12.66,13.71,0.52,1862668,26.54,10.21,-48.12,-0.23,-4.15,False,False,"U:>15% pod maximom,U:rok v strate,T1,T2,T5"
GOOGL,Alphabet Inc. Class A Common Stock,4259.59,Technology,2026-10-09,351.66,0.97,356.83,345.92,342.62,346.25,340.03,8.66,27144228,408.61,235.84,45.6,-0.24,-4.16,True,False,"T5,V1"
CCI,Crown Castle Inc. Common Stock,29.31,Real Estate,2026-10-09,79.64,15.6,69.29,70.28,71.43,73.36,82.58,2.5,3727093,100.5,65.32,-17.57,-0.25,-4.17,False,False,"U:>15% pod maximom,U:deň >+8%,U:rok v strate,T1,T2,T3,T5"
MO,Altria Group Inc.,119.25,Health Care,2026-10-09,71.68,0.36,71.84,69.1,68.79,68.14,67.64,1.29,8631296,77.06,54.7,9.07,-0.26,-4.18,True,False,"T5,V1"
OUST,Ouster Inc. Common Stock,2.85,Industrials,2026-10-09,39.9,0.94,41.71,39.49,38.02,39.72,31.92,2.78,2700911,63.79,16.4,29.34,-0.32,-4.24,False,False,"U:>15% pod maximom,T4,T5,V1"
WLY,John Wiley & Sons Inc. Common Stock,2.51,Consumer Discretionary,2026-10-09,49.64,0.49,49.67,48.37,48.08,50.26,41.78,1.37,483238,57.45,28.38,37.13,-0.32,-4.24,False,False,"U:objem,T1,T5,V1"
VFS,VinFast Auto Ltd. Ordinary Shares,7.18,Industrials,2026-10-09,3.06,-0.33,3.09,3.14,3.15,3.14,3.37,0.09,369804,5.28,2.78,-6.71,-0.33,-4.25,False,False,"U:objem,U:>15% pod maximom,U:rok v strate,T1,T2,T5,V1"
BMY,Bristol-Myers Squibb Company Common Stock,121.7,Health Care,2026-10-09,59.12,-0.77,59.94,61.81,63.14,64.12,59.53,1.44,11258085,68.64,42.52,32.32,-0.37,-4.29,True,False,"T1,T2,T5,V1"
APLE,Apple Hospitality REIT Inc. Common Shares,3.83,Real Estate,2026-10-09,16.31,0.55,16.28,16.0,15.81,16.04,14.24,0.3,2681728,17.28,10.85,42.2,-0.37,-4.29,True,False,T5
BHE,Benchmark Electronics Inc. Common Stock,2.92,Technology,2026-10-09,81.47,0.38,83.27,80.75,78.49,78.27,70.66,2.9,383800,100.41,35.91,116.96,-0.37,-4.29,False,False,"U:objem,U:>15% pod maximom,T5,V1"
TSEM,Tower Semiconductor Ltd. Ordinary Shares,25.86,Technology,2026-10-09,228.71,-0.02,242.98,228.19,221.42,227.44,199.85,14.54,1893022,319.94,70.9,208.32,-0.42,-4.34,False,False,"U:>15% pod maximom,U:divoký,T4,T5,V1"
FCFS,FirstCash Holdings Inc. Common Stock,9.17,Consumer Discretionary,2026-10-09,213.7,1.04,214.69,215.04,218.8,216.23,203.6,5.45,416539,238.93,146.77,38.4,-0.43,-4.35,False,False,"U:objem,T1,T2,T5,V1"
ARCC,Ares Capital Corporation Common Stock,13.46,Finance,2026-10-09,18.56,-0.96,18.78,19.13,19.42,19.53,19.15,0.3,4464061,21.14,17.4,-2.83,-0.43,-4.35,False,False,"U:rok v strate,T1,T2,T5,V1"
JPM,JP Morgan Chase & Co. Common Stock,880.98,Finance,2026-10-09,332.99,0.47,332.31,339.37,345.32,350.14,322.14,5.73,7282258,366.5,279.1,8.99,-0.46,-4.38,True,False,"T1,T2,T5"
CPRT,Copart Inc. (DE) Common Stock,25.46,Consumer Discretionary,2026-10-09,27.32,-0.58,27.57,28.34,29.5,30.23,33.2,0.67,10680977,45.89,26.39,-37.97,-0.47,-4.39,False,False,"U:>15% pod maximom,U:rok v strate,T1,T2,T5,V1"
M,Macy's Inc Common Stock,5.95,Consumer Discretionary,2026-10-09,22.67,-0.53,23.02,22.5,22.32,23.0,21.57,0.76,5825149,26.59,16.41,31.19,-0.48,-4.4,True,False,"T1,T5,V1"
IMO,Imperial Oil Limited Common Stock,59.38,Energy,2026-10-09,123.01,0.18,123.52,125.43,127.51,129.02,120.72,2.87,550382,139.44,83.27,39.64,-0.51,-4.43,False,False,"U:objem,T1,T2,T5,V1"
VNOM,Viper Energy Inc. Class A Common Stock,15.31,Energy,2026-10-09,42.99,0.84,42.78,41.8,42.55,42.96,43.82,1.06,1733131,51.13,35.1,13.64,-0.51,-4.43,False,False,"U:>15% pod maximom,T1,T2,T5"
CZR,Caesars Entertainment Inc. Common Stock,6.01,Consumer Discretionary,2026-10-09,29.5,-0.07,29.58,29.62,29.64,29.7,27.28,0.12,4096566,30.88,17.86,28.26,-0.54,-4.46,True,False,"T1,T2,T5,V1"
SYF,Synchrony Financial Common Stock,27.43,Finance,2026-10-09,72.8,-1.25,73.92,72.95,74.2,76.41,74.37,1.72,3225111,88.77,63.08,2.55,-0.56,-4.48,False,False,"U:>15% pod maximom,T1,T2,T5,V1"
TT,Trane Technologies plc,103.4,Industrials,2026-10-09,476.98,1.5,475.62,448.39,441.35,455.22,449.79,11.25,1158980,505.87,348.06,13.94,-0.61,-4.53,True,False,T5
SHC,Sotera Health Company Common Stock,5.09,Health Care,2026-10-09,18.06,1.29,18.25,18.47,18.57,18.68,17.02,0.51,2473931,19.85,13.09,14.45,-0.61,-4.53,True,False,"T1,T2,T5,V1"
HUBB,Hubbell Inc Common Stock,25.12,Technology,2026-10-09,474.11,-0.27,483.86,461.73,456.84,472.27,488.77,12.8,519443,565.5,403.82,13.18,-0.61,-4.53,False,False,"U:objem,U:>15% pod maximom,T1,T5,V1"
SKY,Champion Homes Inc. Common Stock,4.42,Consumer Discretionary,2026-10-09,79.63,-2.26,81.87,85.29,85.63,87.54,83.09,2.95,600971,99.17,63.69,22.72,-0.66,-4.58,False,False,"U:objem,U:>15% pod maximom,T1,T2,T5,V1"
RAMP,LiveRamp Holdings Inc. Common Stock,2.28,Technology,2026-10-09,37.56,-0.03,37.7,37.63,37.65,37.7,32.48,0.17,1080838,38.23,21.71,36.63,-0.69,-4.61,True,False,"T1,T2,T5,V1"
CRC,California Resources Corporation Common Stock,4.71,Energy,2026-10-09,52.96,-0.17,53.21,52.98,53.78,53.25,56.46,1.7,837088,71.98,43.24,2.0,-0.71,-4.63,False,False,"U:objem,U:>15% pod maximom,T1,T2,T5,V1"
CSCO,Cisco Systems Inc. Common Stock (DE),452.96,Telecommunications,2026-10-09,118.39,3.05,117.18,110.47,108.76,112.32,98.69,2.71,19231087,130.37,66.81,69.23,-0.72,-4.64,True,False,T5
HOOD,Robinhood Markets Inc. Class A Common Stock,96.21,Finance,2026-10-09,109.02,1.88,109.38,114.5,115.95,107.23,94.1,4.84,20912707,153.56,63.51,-28.49,-0.76,-4.68,False,False,"U:>15% pod maximom,U:rok v strate,T2,T5,V1"
ZWS,Zurn Elkay Water Solutions Corporation Common Stock,7.67,Industrials,2026-10-09,46.57,0.71,46.75,46.65,46.56,48.25,48.28,1.08,903974,55.0,43.06,-0.41,-0.77,-4.69,False,False,"U:objem,U:>15% pod maximom,U:rok v strate,T1,T5,V1"
CAAP,Corporacion America Airports SA Common Shares,4.03,Consumer Discretionary,2026-10-09,24.54,0.57,24.91,24.46,24.36,24.48,25.79,0.86,242947,30.5,17.48,36.18,-0.77,-4.69,False,False,"U:objem,U:>15% pod maximom,T1,T5,V1"
ZTS,Zoetis Inc. Class A Common Stock,30.2,Health Care,2026-10-09,74.81,2.37,73.75,71.71,72.03,73.97,97.09,1.84,5411157,148.3,68.77,-47.83,-0.77,-4.69,False,False,"U:>15% pod maximom,U:rok v strate,T1,T2,T5"
GOOG,Alphabet Inc. Class C Capital Stock,4217.64,Technology,2026-10-09,347.86,0.87,353.53,342.45,339.27,343.39,338.38,8.51,17923426,404.47,236.68,43.62,-0.8,-4.72,True,False,"T5,V1"
KVYO,Klaviyo Inc. Series A Common Stock,5.0,Technology,2026-10-09,17.32,-1.42,17.81,16.31,16.29,17.48,18.85,0.9,6064844,33.35,12.53,-32.37,-0.8,-4.72,False,False,"U:>15% pod maximom,U:rok v strate,T1,T4,T5,V1"
NOV,NOV Inc. Common Stock,6.77,Consumer Discretionary,2026-10-09,18.97,-0.11,19.05,19.65,20.23,20.27,19.47,0.57,3338865,21.93,12.29,44.26,-0.84,-4.76,True,False,"T1,T2,T5,V1"
RL,Ralph Lauren Corporation Common Stock,21.89,Industrials,2026-10-09,371.28,1.06,367.9,352.19,345.97,361.84,365.24,9.66,616342,421.6,306.55,14.97,-0.86,-4.78,False,False,"U:objem,T5"
SPNT,SiriusPoint Ltd. Common Shares,2.91,Finance,2026-10-09,24.96,-0.28,25.31,24.83,24.72,24.21,22.71,0.65,796311,26.5,17.39,34.92,-0.87,-4.79,False,False,"U:objem,T5,V1"
GNRC,Generac Holdlings Inc. Common Stock,13.24,Consumer Discretionary,2026-10-09,224.94,0.24,228.78,205.86,197.02,203.35,214.55,8.32,1227158,296.44,134.8,30.84,-0.89,-4.81,False,False,"U:>15% pod maximom,T5,V1"
FIX,Comfort Systems USA Inc. Common Stock,60.06,Industrials,2026-10-09,1715.69,0.55,1742.16,1662.17,1635.23,1664.61,1576.09,66.45,401342,2073.99,770.47,105.55,-0.94,-4.86,False,False,"U:objem,U:>15% pod maximom,T5,V1"
GHC,Graham Holdings Company Common Stock,5.02,Real Estate,2026-10-09,1173.16,-0.97,1197.47,1151.34,1142.14,1158.48,1130.84,25.34,30357,1262.35,929.76,15.53,-0.94,-4.86,False,False,"U:objem,T5,V1"
JKHY,Jack Henry & Associates Inc. Common Stock,10.45,Technology,2026-10-09,149.31,0.17,149.18,149.52,153.17,156.52,156.68,3.5,977315,193.39,121.04,-0.01,-0.94,-4.86,False,False,"U:objem,U:>15% pod maximom,U:rok v strate,T1,T2,T5"
ORLY,O'Reilly Automotive Inc. Common Stock,69.58,Consumer Discretionary,2026-10-09,86.45,0.51,86.68,85.33,85.59,87.96,90.78,1.76,6276038,104.06,82.59,-13.31,-0.95,-4.87,False,False,"U:>15% pod maximom,U:rok v strate,T1,T2,T5,V1"
CCL,Carnival Corporation Ltd. Common Shares,35.13,Consumer Discretionary,2026-10-09,26.35,0.84,26.23,23.74,22.94,25.14,27.39,0.97,21284449,34.03,21.45,-7.38,-0.98,-4.9,False,False,"U:>15% pod maximom,U:rok v strate,T1,T3,T5"
BATRK,Atlanta Braves Holdings Inc. Series C Common Stock,3.37,Consumer Discretionary,2026-10-09,52.0,-0.86,52.82,52.28,51.68,51.61,47.37,1.14,518295,54.86,37.76,28.05,-1.07,-4.99,False,False,"U:objem,T5,V1"
CART,Maplebear Inc. Common Stock,10.99,Consumer Discretionary,2026-10-09,47.76,3.15,46.55,45.1,45.67,47.51,42.61,1.51,3955642,52.68,32.73,22.18,-1.08,-5.0,True,False,"T2,T5"
CCU,Compania Cervecerias Unidas S.A. Common Stock,2.05,Consumer Staples,2026-10-09,10.91,-1.62,11.11,11.0,11.22,11.54,12.12,0.29,140788,15.36,10.25,-8.01,-1.09,-5.01,False,False,"U:objem,U:>15% pod maximom,U:rok v strate,T1,T2,T5,V1"
NBTB,NBT Bancorp Inc. Common Stock,2.63,Finance,2026-10-09,50.06,-0.93,50.72,51.0,51.29,51.73,47.01,0.85,348723,54.5,39.2,22.85,-1.09,-5.01,False,False,"U:objem,T1,T2,T5,V1"
NIC,Nicolet Bankshares Inc. Common Stock,3.44,Finance,2026-10-09,162.79,-0.76,164.74,165.94,167.87,170.12,153.85,3.37,166146,180.0,114.12,23.71,-1.09,-5.01,False,False,"U:objem,T1,T2,T5,V1"
KBR,KBR Inc. Common Stock,4.44,Industrials,2026-10-09,35.34,0.45,35.21,35.32,35.79,36.62,37.47,1.15,1484765,46.96,29.94,-21.92,-1.15,-5.07,False,False,"U:>15% pod maximom,U:rok v strate,T1,T2,T5"
ICLR,ICON plc Ordinary Shares,12.6,Health Care,2026-10-09,164.17,-0.2,164.95,167.92,167.67,166.6,146.09,7.27,836187,203.91,66.57,-12.54,-1.16,-5.08,False,False,"U:objem,U:>15% pod maximom,U:rok v strate,T1,T5,V1"
BUSE,First Busey Corporation Class A Common Stock,2.43,Finance,2026-10-09,28.93,-0.99,29.37,29.73,30.04,30.29,27.51,0.54,776117,31.7,22.0,24.22,-1.16,-5.08,False,False,"U:objem,T1,T2,T5,V1"
PENG,Penguin Solutions Inc. Common Stock,3.67,Technology,2026-10-09,76.28,6.58,75.63,57.5,52.93,55.19,40.96,4.69,2771012,89.86,16.04,246.1,-1.2,-5.12,False,False,"U:>15% pod maximom,U:divoký,T3,T4,T5"
STE,STERIS plc (Ireland) Ordinary Shares,20.55,Health Care,2026-10-09,214.4,1.73,210.92,209.72,211.06,222.49,227.12,3.84,683952,269.44,195.14,-10.45,-1.22,-5.14,False,False,"U:objem,U:>15% pod maximom,U:rok v strate,T1,T2,T5"
PBH,Prestige Consumer Healthcare Inc. Common Stock,2.27,Health Care,2026-10-09,48.23,0.75,47.94,46.53,47.0,49.54,55.17,1.23,549046,71.07,42.62,-23.19,-1.23,-5.15,False,False,"U:objem,U:>15% pod maximom,U:rok v strate,T1,T2,T5"
SAN,Banco Santander S.A. Sponsored ADR (Spain),195.12,Finance,2026-10-09,13.49,0.07,13.53,14.12,14.39,14.42,12.88,0.33,12564193,15.05,9.62,35.71,-1.24,-5.16,True,False,"T1,T2,T5,V1"
INCY,Incyte Corp. Common Stock,22.85,Health Care,2026-10-09,112.79,0.04,113.75,120.69,123.49,122.61,107.21,3.27,1623014,132.6,82.82,33.09,-1.26,-5.18,True,False,"T1,T2,T5,V1"
SKYW,SkyWest Inc. Common Stock,3.76,Consumer Discretionary,2026-10-09,96.52,-0.22,96.83,98.01,97.93,101.03,96.53,2.62,358155,117.72,77.89,-3.74,-1.29,-5.21,False,False,"U:objem,U:>15% pod maximom,U:rok v strate,T1,T5,V1"
EQIX,Equinix Inc. Common Stock REIT,99.77,Real Estate,2026-10-09,1026.06,1.47,1027.22,1024.1,1026.2,1042.19,994.38,24.79,543030,1128.68,720.62,26.94,-1.3,-5.22,False,False,"U:objem,T1,T2,T5,V1"
IESC,IES Holdings Inc. Common Stock,11.97,Industrials,2026-10-09,297.52,-0.97,310.5,321.39,324.74,337.79,293.07,14.11,321339,408.26,170.07,50.31,-1.31,-5.23,False,False,"U:objem,U:>15% pod maximom,T1,T2,T5,V1"
AMBP,Ardagh Metal Packaging S.A. Ordinary Shares,2.67,Industrials,2026-10-09,4.4,-1.35,4.47,4.49,4.61,4.84,4.45,0.12,2284658,5.47,3.29,19.89,-1.35,-5.27,False,False,"U:>15% pod maximom,T1,T2,T5,V1"
CCK,Crown Holdings Inc.,11.84,Industrials,2026-10-09,108.26,-0.57,109.01,108.42,109.78,114.06,107.55,2.26,965160,122.91,89.21,18.49,-1.35,-5.27,False,False,"U:objem,T1,T2,T5,V1"
ACLS,Axcelis Technologies Inc. Common Stock,4.12,Technology,2026-10-09,134.71,0.92,138.48,123.65,117.97,125.39,121.28,6.08,366438,193.78,73.6,59.21,-1.35,-5.27,False,False,"U:objem,U:>15% pod maximom,T5,V1"
TR,Tootsie Roll Industries Inc. Common Stock,2.82,Consumer Staples,2026-10-09,37.48,-0.29,37.7,37.73,38.02,39.13,39.43,0.66,159425,45.06,33.44,-10.43,-1.42,-5.34,False,False,"U:objem,U:>15% pod maximom,U:rok v strate,T1,T2,T5,V1"
PHI,PLDT Inc. Sponsored ADR,3.95,Telecommunications,2026-10-09,18.4,0.6,18.42,17.82,17.78,18.52,20.17,0.54,163698,24.51,16.71,-1.87,-1.45,-5.37,False,False,"U:objem,U:>15% pod maximom,U:rok v strate,T1,T5,V1"
CRWV,CoreWeave Inc. Class A Common Stock,44.99,Technology,2026-10-09,82.08,0.61,86.85,85.64,87.19,88.43,92.59,4.58,28353857,153.2,60.55,-42.63,-1.48,-5.4,False,False,"U:>15% pod maximom,U:rok v strate,T1,T2,T4,T5,V1"
VG,Venture Global Inc. Class A common stock,33.23,Utilities,2026-10-09,13.16,-0.98,13.55,13.49,13.95,13.87,12.23,0.66,14247200,17.62,5.72,4.61,-1.5,-5.42,False,False,"U:>15% pod maximom,T1,T2,T4,T5,V1"
UBSI,United Bankshares Inc. Common Stock,6.22,Finance,2026-10-09,45.46,-0.53,45.89,46.56,46.94,47.43,44.21,0.79,982031,49.62,34.1,22.83,-1.5,-5.42,False,False,"U:objem,T1,T2,T5,V1"
AFRM,Affirm Holdings Inc. Class A Common Stock,26.03,Finance,2026-10-09,80.7,4.6,77.18,72.11,70.57,73.78,66.81,3.23,4285474,90.44,42.1,4.18,-1.5,-5.42,True,False,"T3,T5"
CDW,CDW Corporation Common Stock,17.49,Consumer Discretionary,2026-10-09,142.17,1.64,141.86,140.57,142.93,142.0,131.51,5.25,1733057,161.1,97.12,-6.34,-1.52,-5.44,False,False,"U:rok v strate,T2,T5"
LNC,Lincoln National Corporation Common Stock,7.85,Finance,2026-10-09,40.23,-1.85,41.53,41.43,42.15,43.18,39.3,1.14,2048257,47.67,32.18,0.8,-1.52,-5.44,False,False,"U:>15% pod maximom,T1,T2,T5,V1"
BCC,Boise Cascade L.L.C. Common Stock,2.59,Consumer Discretionary,2026-10-09,73.57,-0.88,75.01,75.54,76.11,78.68,77.3,2.36,353944,91.97,65.0,-0.43,-1.54,-5.46,False,False,"U:objem,U:>15% pod maximom,U:rok v strate,T1,T2,T5,V1"
CGNX,Cognex Corporation Common Stock,10.25,Industrials,2026-10-09,62.92,3.3,61.27,60.95,60.78,62.24,56.43,2.4,1901641,72.88,34.6,35.11,-1.55,-5.47,True,False,T5
AFG,American Financial Group Inc. Common Stock,11.77,Finance,2026-10-09,141.08,-0.63,142.3,140.28,140.6,142.31,135.34,2.15,373865,148.71,123.09,-1.59,-1.58,-5.5,False,False,"U:objem,U:rok v strate,T1,T2,T5,V1"
NRIX,Nurix Therapeutics Inc. Common stock,2.3,Health Care,2026-10-09,22.35,0.63,22.6,23.91,24.74,25.18,19.69,1.03,1279947,28.23,9.0,105.8,-1.59,-5.51,False,False,"U:>15% pod maximom,T1,T2,T5,V1"
LAUR,Laureate Education Inc. Common Stock,5.4,Real Estate,2026-10-09,39.47,0.69,39.54,37.47,36.82,37.44,35.28,1.1,1043698,40.92,24.98,35.78,-1.6,-5.52,True,False,"T5,V1"
BAM,Brookfield Asset Management Inc Class A Limited Voting Shares,72.15,Real Estate,2026-10-09,45.88,1.57,45.26,45.24,46.05,49.03,48.32,1.05,2719142,59.33,42.2,-21.93,-1.61,-5.53,False,False,"U:>15% pod maximom,U:rok v strate,T1,T2,T5"
TKO,TKO Group Holdings Inc. Class A Common Stock,34.38,Consumer Discretionary,2026-10-09,178.01,-1.99,183.36,183.7,186.72,187.58,195.76,5.46,1089179,226.94,171.19,-4.54,-1.63,-5.55,False,False,"U:>15% pod maximom,U:rok v strate,T1,T2,T5,V1"
TDY,Teledyne Technologies Incorporated Common Stock,28.04,Industrials,2026-10-09,613.66,1.46,612.81,609.44,606.78,630.36,626.11,11.02,318385,697.67,483.02,6.46,-1.64,-5.56,False,False,"U:objem,T1,T5"
CCEP,Coca-Cola Europacific Partners plc Ordinary Shares,47.05,Consumer Staples,2026-10-09,104.25,0.59,104.07,101.79,102.29,105.08,99.05,2.07,1829826,113.67,84.66,18.97,-1.65,-5.57,True,False,"T1,T2,T5"
BKR,Baker Hughes Company Class A Common Stock,55.89,Consumer Discretionary,2026-10-09,56.7,0.71,56.47,56.72,58.05,60.38,59.64,1.38,7759766,70.41,43.92,18.4,-1.66,-5.58,False,False,"U:>15% pod maximom,T1,T2,T5"
AMCR,Amcor plc Ordinary Shares,19.36,Consumer Discretionary,2026-10-09,41.72,-0.38,41.88,42.15,42.62,44.6,42.81,0.88,3568114,50.94,36.25,6.7,-1.67,-5.59,False,False,"U:>15% pod maximom,T1,T2,T5,V1"
GNW,Genworth Financial Inc Common Stock,3.68,Finance,2026-10-09,9.4,-3.49,9.76,9.69,9.9,9.88,9.11,0.26,3553436,10.69,7.84,8.29,-1.67,-5.59,True,False,"T1,T2,T5,V1"
VRDN,Viridian Therapeutics Inc. Common Stock,2.08,Health Care,2026-10-09,18.66,1.74,18.44,20.44,21.43,21.84,22.49,0.9,1720306,34.29,13.18,-14.44,-1.74,-5.66,False,False,"U:>15% pod maximom,U:rok v strate,T1,T2,T5"
HLI,Houlihan Lokey Inc. Class A Common Stock,8.77,Finance,2026-10-09,130.16,3.69,127.22,129.45,131.68,129.88,148.25,4.27,871430,204.18,112.83,-31.42,-1.78,-5.7,False,False,"U:objem,U:>15% pod maximom,U:rok v strate,T1,T2,T5"
FCNCA,First Citizens BancShares Inc. Class A Common Stock,23.33,Finance,2026-10-09,2068.39,0.12,2078.95,2090.32,2112.36,2156.2,2059.85,43.79,66249,2296.3,1623.76,16.43,-1.79,-5.71,False,False,"U:objem,T1,T2,T5,V1"
HG,Hamilton Insurance Group Ltd. Class B Common Shares,2.92,Finance,2026-10-09,34.52,-1.65,35.13,34.16,34.27,34.8,31.72,0.79,386798,37.31,22.66,41.07,-1.79,-5.71,False,False,"U:objem,T1,T2,T5,V1"
STT,State Street Corporation Common Stock,48.1,Finance,2026-10-09,174.96,-0.07,175.61,179.41,183.73,185.49,156.1,3.64,1909500,195.93,104.64,49.25,-1.8,-5.72,True,False,"T1,T2,T5,V1"
OTTR,Otter Tail Corporation Common Stock,3.71,Utilities,2026-10-09,87.46,-0.98,88.71,88.52,88.72,90.14,88.32,1.74,243114,95.09,74.15,14.54,-1.8,-5.72,False,False,"U:objem,T1,T2,T5,V1"
HST,Host Hotels & Resorts Inc. Common Stock,15.44,Real Estate,2026-10-09,22.65,0.49,22.72,22.31,22.22,22.67,21.47,0.42,8860831,25.71,15.61,39.9,-1.82,-5.74,True,False,"T1,T5,V1"
AD,Array Digital Infrastructure Inc. Common Shares,2.91,Telecommunications,2026-10-09,33.39,-0.8,34.13,35.05,36.13,35.73,44.14,0.82,210160,60.82,32.68,-33.25,-1.85,-5.77,False,False,"U:objem,U:>15% pod maximom,U:rok v strate,T1,T2,T5,V1"
COF,Capital One Financial Corporation Common Stock,122.33,Finance,2026-10-09,199.26,-0.07,199.57,199.01,202.73,209.98,204.51,4.28,3646555,259.64,174.24,-5.45,-1.85,-5.77,False,False,"U:>15% pod maximom,U:rok v strate,T1,T2,T5,V1"
XYZ,Block Inc. Class A Common Stock,45.2,Technology,2026-10-09,77.24,2.67,75.7,76.05,77.01,79.16,70.43,2.24,4536726,86.92,48.21,-4.47,-1.88,-5.8,False,False,"U:rok v strate,T1,T2,T5"
SLF,Sun Life Financial Inc. Common Stock,42.68,Finance,2026-10-09,76.99,0.44,76.96,79.16,79.78,79.82,72.13,1.23,757641,84.38,57.22,26.57,-1.89,-5.81,False,False,"U:objem,T1,T2,T5"
PRIM,Primoris Services Corporation Common Stock,4.45,Industrials,2026-10-09,83.6,1.14,82.91,77.15,75.05,78.05,117.88,3.98,1300579,205.5,65.0,-39.2,-1.9,-5.82,False,False,"U:>15% pod maximom,U:rok v strate,T1,T5"
SYBT,Stock Yards Bancorp Inc. Common Stock,2.36,Finance,2026-10-09,75.09,-1.05,76.75,78.02,78.67,80.32,73.07,1.67,164276,89.22,61.51,8.76,-1.91,-5.83,False,False,"U:objem,U:>15% pod maximom,T1,T2,T5,V1"
STVN,Stevanato Group S.p.A. Ordinary Shares,5.24,Health Care,2026-10-09,19.4,0.99,19.55,20.95,21.19,21.02,18.22,0.77,370969,27.99,12.89,-20.36,-1.92,-5.84,False,False,"U:objem,U:>15% pod maximom,U:rok v strate,T1,T2,T5,V1"
CVNA,Carvana Co. Class A Common Stock,69.55,Consumer Discretionary,2026-10-09,63.73,0.84,63.65,64.53,66.77,68.73,71.28,2.93,8672430,97.38,54.46,-11.49,-1.94,-5.86,False,False,"U:>15% pod maximom,U:rok v strate,T1,T2,T5"
FIZZ,National Beverage Corp. Common Stock,2.89,Consumer Staples,2026-10-09,30.52,-1.04,30.92,30.53,30.79,31.3,33.5,0.83,394233,38.21,28.97,-18.35,-1.96,-5.88,False,False,"U:objem,U:>15% pod maximom,U:rok v strate,T1,T2,T5,V1"
ARQT,Arcutis Biotherapeutics Inc. Common Stock,3.08,Health Care,2026-10-09,26.58,8.53,24.57,25.72,25.47,25.39,25.11,1.37,2243647,31.77,19.3,28.34,-1.99,-5.91,False,False,"U:>15% pod maximom,U:deň >+8%,T4,T5"
AAOI,Applied Optoelectronics Inc. Common Stock,8.99,Technology,2026-10-09,109.64,3.53,119.91,105.98,103.17,113.89,110.96,9.17,9793861,233.67,18.5,238.71,-2.0,-5.92,False,False,"U:>15% pod maximom,U:divoký,T1,T4,T5,V1"
DD,DuPont de Nemours Inc. Common Stock,17.89,Industrials,2026-10-09,130.0,-1.87,132.64,129.97,129.35,134.72,137.86,2.29,1289369,157.98,92.49,33.05,-2.01,-5.93,False,False,"U:>15% pod maximom,T1,T5,V1"
AWK,American Water Works Company Inc. Common Stock,25.47,Utilities,2026-10-09,128.88,0.55,128.81,131.94,134.87,134.97,131.85,2.51,2093028,145.64,120.57,-8.63,-2.01,-5.93,False,False,"U:rok v strate,T1,T2,T5"
LTH,Life Time Group Holdings Inc. Common Stock,9.0,Consumer Discretionary,2026-10-09,40.62,0.84,40.84,40.28,40.71,42.42,34.13,1.43,3009380,47.24,24.14,57.5,-2.05,-5.97,True,False,"T1,T2,T5,V1"
BAP,Credicorp Ltd. Common Stock,30.21,Finance,2026-10-09,381.21,0.22,385.27,381.8,381.39,380.78,353.12,9.21,304569,413.25,230.45,45.92,-2.06,-5.98,False,False,"U:objem,T5,V1"
HSIC,Henry Schein Inc. Common Stock,9.43,Health Care,2026-10-09,84.01,-0.73,84.66,85.44,86.49,87.6,80.44,2.15,1220592,92.18,61.95,30.11,-2.07,-5.99,True,False,"T1,T2,T5,V1"
UMC,United Microelectronics Corporation (NEW) Common Stock,57.45,Technology,2026-10-09,22.96,0.61,23.32,24.01,23.7,21.41,16.19,0.96,12866168,28.96,6.97,206.95,-2.13,-6.05,False,False,"U:>15% pod maximom,U:divoký,T5,V1"
LMT,Lockheed Martin Corporation Common Stock,117.22,Industrials,2026-10-09,509.59,0.33,509.08,519.06,524.4,549.08,563.66,10.16,1144680,692.0,437.25,0.36,-2.13,-6.05,False,False,"U:>15% pod maximom,T1,T2,T5"
RCL,Royal Caribbean Cruises Ltd. Common Stock,75.26,Consumer Discretionary,2026-10-09,282.26,0.3,283.56,258.89,253.83,278.95,286.72,11.9,2428620,356.39,222.22,-8.06,-2.2,-6.12,False,False,"U:>15% pod maximom,U:rok v strate,T1,T5,V1"
YUMC,Yum China Holdings Inc. Common Stock,14.31,Consumer Discretionary,2026-10-09,42.92,2.73,41.98,41.19,41.59,44.34,47.09,0.8,1538544,58.39,39.72,1.15,-2.23,-6.15,False,False,"U:>15% pod maximom,T1,T2,T5"
IRDM,Iridium Communications Inc Common Stock,5.04,Consumer Discretionary,2026-10-09,47.47,-0.19,48.19,47.97,47.75,48.1,37.77,0.92,1135096,57.18,15.65,140.72,-2.3,-6.22,False,False,"U:>15% pod maximom,T1,T5,V1"
KNSL,Kinsale Capital Group Inc. Common Stock,7.74,Finance,2026-10-09,336.98,-0.79,341.77,342.1,349.43,361.23,353.77,9.76,245012,480.48,287.2,-29.26,-2.31,-6.23,False,False,"U:objem,U:>15% pod maximom,U:rok v strate,T1,T2,T5,V1"
CCJ,Cameco Corporation Common Stock,37.94,Basic Materials,2026-10-09,88.06,1.08,88.98,89.54,92.16,94.77,105.68,3.26,3215385,135.24,77.7,1.53,-2.37,-6.29,False,False,"U:>15% pod maximom,T1,T2,T5,V1"
WMB,Williams Companies Inc. (The) Common Stock,88.48,Utilities,2026-10-09,72.67,0.46,72.85,70.85,71.4,72.18,71.5,1.68,7100393,80.08,56.19,15.17,-2.4,-6.32,True,False,"T2,T5,V1"
VZ,Verizon Communications Inc. Common Stock,192.57,Telecommunications,2026-10-09,41.65,-10.14,46.55,47.0,48.26,48.13,46.53,1.14,22847347,51.68,38.39,2.01,-2.41,-6.33,False,False,"U:>15% pod maximom,T1,T2,T5,V1"
BCH,Banco De Chile ADS,19.57,Finance,2026-10-09,38.89,0.36,38.79,40.41,41.25,41.14,40.02,1.0,314163,46.77,30.4,24.17,-2.41,-6.33,False,False,"U:objem,U:>15% pod maximom,T1,T2,T5"
SKWD,Skyward Specialty Insurance Group Inc. Common Stock,2.63,Finance,2026-10-09,58.32,-1.67,60.02,55.98,55.8,57.68,50.76,1.49,441288,65.69,40.6,19.93,-2.41,-6.33,False,False,"U:objem,T5,V1"
LGND,Ligand Pharmaceuticals Incorporated Common Stock,5.88,Health Care,2026-10-09,301.81,2.31,296.48,296.24,293.36,292.04,244.3,10.75,259342,326.63,175.89,65.54,-2.41,-6.33,False,False,"U:objem,T5"
TREX,Trex Company Inc. Common Stock,4.53,Basic Materials,2026-10-09,44.78,0.77,45.12,43.82,43.99,45.59,42.32,1.56,1837647,54.3,29.77,-14.69,-2.44,-6.36,False,False,"U:>15% pod maximom,U:rok v strate,T1,T2,T5,V1"
GJS,Goldman Sachs Group Securities STRATS Trust for Goldman Sachs Group Securities Series 2006-2,7.18,Finance,2026-10-09,23.14,0.56,23.19,23.23,23.27,23.34,23.45,0.21,1219,24.68,22.7,0.61,-2.45,-6.37,False,False,"U:objem,T1,T2,T5,V1"
SBAC,SBA Communications Corporation Class A Common Stock,18.04,Real Estate,2026-10-09,182.49,7.34,171.14,170.91,174.78,179.26,190.77,5.74,975798,224.46,156.6,-2.67,-2.46,-6.38,False,False,"U:objem,U:>15% pod maximom,U:rok v strate,T1,T2,T5"
TOWN,TowneBank Common Stock,2.63,Finance,2026-10-09,34.96,-0.88,35.37,36.2,36.66,37.0,35.52,0.6,583757,39.03,31.91,3.8,-2.48,-6.4,False,False,"U:objem,T1,T2,T5,V1"
NWBI,Northwest Bancshares Inc. Common Stock,2.17,Finance,2026-10-09,14.67,-1.21,14.94,15.14,15.3,15.37,13.98,0.29,1018315,16.16,11.25,17.64,-2.52,-6.44,True,False,"T1,T2,T5,V1"
EBAY,eBay Inc. Common Stock,49.83,Consumer Discretionary,2026-10-09,112.19,0.19,112.1,108.51,107.42,106.86,101.69,2.95,4469773,119.31,78.03,24.48,-2.52,-6.44,True,False,T5
EG,Everest Group Ltd. Common Stock,14.31,Finance,2026-10-09,368.37,-1.27,375.43,371.26,372.45,371.92,349.2,6.67,364887,401.07,302.44,4.72,-2.52,-6.44,False,False,"U:objem,T1,T2,T5,V1"
BUD,Anheuser-Busch Inbev SA Sponsored ADR (Belgium),152.66,Consumer Staples,2026-10-09,77.33,-0.1,77.58,76.77,77.48,78.86,76.55,1.52,2084236,86.6,58.82,30.67,-2.52,-6.44,True,False,"T1,T2,T5,V1"
BEN,Franklin Templeton Inc. Common Stock,16.46,Finance,2026-10-09,32.0,-1.23,32.57,32.78,33.21,33.61,29.74,0.78,4043530,36.28,21.11,35.42,-2.53,-6.45,True,False,"T1,T2,T5,V1"
NGVT,Ingevity Corporation Common Stock ,2.45,Industrials,2026-10-09,69.76,-2.31,72.17,70.67,69.99,71.58,70.55,2.14,251304,79.29,45.85,29.19,-2.57,-6.49,False,False,"U:objem,T1,T5,V1"
OKE,ONEOK Inc. Common Stock,56.92,Utilities,2026-10-09,89.8,-0.54,90.92,90.25,92.01,92.11,87.17,2.37,3663814,99.85,64.02,26.04,-2.59,-6.51,True,False,"T1,T2,T5,V1"
FCF,First Commonwealth Financial Corporation Common Stock,2.03,Finance,2026-10-09,19.89,-0.85,20.09,20.64,20.93,21.01,19.18,0.37,907993,22.34,15.0,19.82,-2.6,-6.52,False,False,"U:objem,T1,T2,T5,V1"
APG,APi Group Corporation Common Stock,17.28,Consumer Discretionary,2026-10-09,40.32,0.85,40.41,38.67,38.21,40.06,41.92,1.01,3049779,49.99,33.52,15.17,-2.61,-6.53,False,False,"U:>15% pod maximom,T1,T5,V1"
WRB,W.R. Berkley Corporation Common Stock,26.75,Finance,2026-10-09,71.91,-0.19,72.5,69.27,69.05,69.63,68.93,1.35,2501749,78.96,62.87,-7.24,-2.61,-6.53,False,False,"U:rok v strate,T5,V1"
ADM,Archer-Daniels-Midland Company Common Stock,39.74,Consumer Staples,2026-10-09,79.89,-3.1,83.07,82.48,83.53,81.79,74.99,1.89,3658626,88.75,55.58,30.31,-2.62,-6.54,True,False,"T1,T2,T5,V1"
DCI,Donaldson Company Inc. Common Stock,10.1,Industrials,2026-10-09,86.93,-0.26,87.56,87.28,87.71,91.05,91.11,1.64,672263,112.84,79.42,6.74,-2.63,-6.55,False,False,"U:objem,U:>15% pod maximom,T1,T2,T5,V1"
PRU,Prudential Financial Inc. Common Stock,39.17,Finance,2026-10-09,113.09,-0.39,114.0,116.03,117.57,119.2,108.65,2.36,1703395,127.72,91.89,10.27,-2.65,-6.57,True,False,"T1,T2,T5,V1"
URI,United Rentals Inc. Common Stock,65.36,Consumer Discretionary,2026-10-09,1056.37,0.59,1054.14,1032.63,1019.28,1061.16,954.09,34.5,478400,1179.18,701.59,7.75,-2.67,-6.59,False,False,"U:objem,T1,T5"
ARES,Ares Management Corporation Class A Common Stock,38.4,Finance,2026-10-09,117.22,0.83,116.38,121.03,125.6,132.3,128.56,3.89,2181350,181.19,95.8,-20.4,-2.68,-6.6,False,False,"U:>15% pod maximom,U:rok v strate,T1,T2,T5"
ITW,Illinois Tool Works Inc. Common Stock,75.39,Industrials,2026-10-09,264.13,-0.22,264.93,267.14,267.89,276.41,269.02,5.51,1312096,303.16,238.82,6.38,-2.71,-6.63,True,False,"T1,T2,T5,V1"
FHI,Federated Hermes Inc. Common Stock,4.18,Finance,2026-10-09,56.52,1.02,56.75,57.02,58.23,60.68,57.14,1.3,608480,67.2,46.66,7.58,-2.75,-6.67,False,False,"U:objem,U:>15% pod maximom,T1,T2,T5,V1"
MT,Arcelor Mittal NY Registry Shares NEW,46.66,Industrials,2026-10-09,64.11,4.58,61.71,68.93,72.17,72.03,62.57,2.04,1429847,79.68,36.7,62.22,-2.75,-6.67,False,False,"U:>15% pod maximom,T1,T2,T5"
CUBI,Customers Bancorp Inc Common Stock,2.52,Finance,2026-10-09,74.04,-0.75,74.8,76.25,77.39,78.65,75.66,1.69,277307,84.38,59.34,13.79,-2.77,-6.69,False,False,"U:objem,T1,T2,T5,V1"
NFG,National Fuel Gas Company Common Stock,7.43,Utilities,2026-10-09,78.66,0.58,79.11,78.64,79.83,80.89,83.4,1.52,712234,97.06,75.03,-8.33,-2.78,-6.7,False,False,"U:objem,U:>15% pod maximom,U:rok v strate,T1,T2,T5,V1"
STN,Stantec Inc Common Stock,7.63,Consumer Discretionary,2026-10-09,66.86,-1.49,67.87,68.75,69.79,71.4,81.67,1.52,380287,114.52,65.35,-39.82,-2.78,-6.7,False,False,"U:objem,U:>15% pod maximom,U:rok v strate,T1,T2,T5,V1"
CVSA,Covista Inc. Common Shares,4.41,Real Estate,2026-10-09,129.38,-0.7,131.23,124.83,124.24,128.28,118.18,3.6,354874,156.26,86.97,-9.9,-2.85,-6.77,False,False,"U:objem,U:>15% pod maximom,U:rok v strate,T5,V1"
DAR,Darling Ingredients Inc. Common Stock,9.82,Consumer Staples,2026-10-09,60.26,-3.2,62.7,62.54,63.78,63.57,56.87,2.31,2368614,69.98,29.15,92.22,-2.85,-6.77,True,False,"T1,T2,T5,V1"
CHH,Choice Hotels International Inc. Common Stock,4.74,Consumer Discretionary,2026-10-09,105.64,0.78,105.97,101.12,100.06,103.69,106.38,3.25,544652,123.82,84.04,5.88,-2.85,-6.77,False,False,"U:objem,T1,T5,V1"
FSS,Federal Signal Corporation Common Stock,6.87,Industrials,2026-10-09,113.57,0.85,115.38,114.23,114.6,118.98,115.71,3.79,425947,134.51,101.19,-3.62,-2.88,-6.8,False,False,"U:objem,U:>15% pod maximom,U:rok v strate,T1,T2,T5,V1"
HWKN,Hawkins Inc. Common Stock,2.67,Consumer Discretionary,2026-10-09,130.0,1.73,132.6,126.57,125.26,126.19,144.14,3.63,166823,177.91,116.05,-23.81,-2.89,-6.81,False,False,"U:objem,U:>15% pod maximom,U:rok v strate,T1,T5,V1"
NXE,Nexgen Energy Ltd. Common Shares,5.81,Basic Materials,2026-10-09,8.75,0.92,8.92,9.24,9.61,9.94,10.9,0.36,4836280,13.96,7.33,-0.23,-2.89,-6.81,False,False,"U:>15% pod maximom,U:rok v strate,T1,T2,T5,V1"
ORKA,Oruka Therapeutics Inc. Common Stock,5.12,Health Care,2026-10-09,82.11,6.25,80.19,87.16,90.1,94.66,65.19,4.62,909773,115.52,21.66,221.37,-2.9,-6.82,False,False,"U:objem,U:>15% pod maximom,U:divoký,T1,T2,T4,T5"
RSG,Republic Services Inc. Common Stock,66.4,Utilities,2026-10-09,216.88,0.02,218.16,215.01,216.67,216.73,215.22,3.32,1468284,233.42,196.41,-2.17,-2.91,-6.83,False,False,"U:rok v strate,T2,T5,V1"
HOMB,Home BancShares Inc. Common Stock,5.7,Finance,2026-10-09,28.25,-0.81,28.55,29.0,29.37,29.84,28.45,0.5,1575253,31.7,25.5,1.62,-2.92,-6.84,True,False,"T1,T2,T5,V1"
SHW,Sherwin-Williams Company (The) Common Stock,77.93,Consumer Discretionary,2026-10-09,319.36,-0.52,321.39,322.91,324.22,337.15,333.09,7.97,1783049,377.77,289.86,-4.16,-2.92,-6.84,False,False,"U:>15% pod maximom,U:rok v strate,T1,T2,T5,V1"
ELV,Elevance Health Inc. Common Stock,86.95,Health Care,2026-10-09,412.7,2.93,407.37,402.05,403.5,399.59,367.23,10.05,1205636,436.24,274.84,15.24,-2.93,-6.85,True,False,"T2,T5"
GCMG,GCM Grosvenor Inc. Class A Common Stock,2.63,Finance,2026-10-09,13.2,1.77,13.05,12.97,12.95,13.27,11.79,0.39,504896,14.87,9.3,13.99,-2.94,-6.86,False,False,"U:objem,T1,T5"
AER,AerCap Holdings N.V. Ordinary Shares,22.05,Consumer Discretionary,2026-10-09,144.72,1.34,142.91,143.73,143.34,146.44,144.29,3.17,1074957,158.81,118.96,19.12,-2.96,-6.88,True,False,"T1,T5"
NSC,Norfolk Southern Corporation Common Stock,71.2,Industrials,2026-10-09,317.79,0.25,318.06,314.9,317.08,328.81,312.01,4.63,1121885,358.6,277.8,7.77,-2.99,-6.91,True,False,"T1,T2,T5,V1"
WMT,Walmart Inc. Common Stock,877.15,Consumer Discretionary,2026-10-09,111.35,0.71,111.13,107.61,107.09,108.51,118.17,2.3,23773049,135.16,98.88,9.41,-2.99,-6.91,False,False,"U:>15% pod maximom,T1,T5"
MGRC,McGrath RentCorp Common Stock,2.75,Consumer Discretionary,2026-10-09,113.64,0.81,113.77,113.5,112.42,115.03,113.4,2.83,153496,125.83,94.99,-1.94,-3.01,-6.93,False,False,"U:objem,U:rok v strate,T1,T5,V1"
CDLR,Cadeler A/S American Depositary Share (each representing four (4) Ordinary Shares),2.08,Consumer Discretionary,2026-10-09,21.8,1.35,21.56,23.44,24.36,23.86,23.99,0.66,71873,30.01,15.37,2.06,-3.02,-6.94,False,False,"U:objem,U:>15% pod maximom,T1,T2,T5"
TSLA,Tesla Inc. Common Stock,1481.08,Industrials,2026-10-09,382.7,2.05,375.96,368.66,364.87,354.74,390.6,11.03,37689100,498.83,297.38,-12.13,-3.06,-6.98,False,False,"U:>15% pod maximom,U:rok v strate,T1,T5"
WSFS,WSFS Financial Corporation Common Stock,3.85,Finance,2026-10-09,75.39,-0.03,75.51,77.34,78.28,78.95,71.14,1.41,373492,82.94,49.92,41.21,-3.09,-7.01,False,False,"U:objem,T1,T2,T5,V1"
BANR,Banner Corporation Common Stock,2.45,Finance,2026-10-09,66.43,-0.66,67.12,68.65,69.63,70.18,65.79,1.25,329738,74.84,57.05,5.65,-3.12,-7.04,False,False,"U:objem,T1,T2,T5,V1"
MRSH,Marsh Common Stock,84.31,Finance,2026-10-09,175.76,-0.52,176.86,173.05,174.5,182.32,176.85,3.48,2523604,207.83,156.6,-14.68,-3.18,-7.1,False,False,"U:>15% pod maximom,U:rok v strate,T1,T2,T5,V1"
ONTO,Onto Innovation Inc. Common Stock,14.36,Industrials,2026-10-09,294.53,0.64,306.35,286.77,279.12,288.35,257.42,13.84,983544,386.46,118.97,115.61,-3.18,-7.1,False,False,"U:objem,U:>15% pod maximom,T5,V1"
HQY,HealthEquity Inc. Common Stock,7.7,Consumer Discretionary,2026-10-09,92.61,-0.47,93.54,91.77,92.41,97.47,88.62,2.43,838731,107.62,72.76,-0.18,-3.19,-7.11,False,False,"U:objem,U:rok v strate,T1,T2,T5,V1"
RHP,Ryman Hospitality Properties Inc. (REIT),8.27,Real Estate,2026-10-09,120.28,0.28,121.63,121.01,121.5,123.95,111.04,2.61,687268,137.46,83.82,35.36,-3.28,-7.2,False,False,"U:objem,T1,T2,T5,V1"
AWR,American States Water Company Common Stock,3.24,Utilities,2026-10-09,82.26,0.53,82.65,83.47,85.0,86.25,79.29,1.48,246807,91.72,69.45,12.33,-3.28,-7.2,False,False,"U:objem,T1,T2,T5,V1"
ONDS,Ondas Inc. Common Stock,3.99,Technology,2026-10-09,6.73,-1.75,7.14,7.33,7.4,7.95,9.41,0.39,78021900,15.28,4.95,-35.84,-3.3,-7.22,False,False,"U:>15% pod maximom,U:rok v strate,T1,T2,T4,T5,V1"
AEIS,Advanced Energy Industries Inc. Common Stock,11.38,Technology,2026-10-09,288.66,1.56,293.16,277.68,275.23,290.59,307.24,12.84,579517,397.44,169.36,60.38,-3.3,-7.22,False,False,"U:objem,U:>15% pod maximom,T1,T5,V1"
AVAV,AeroVironment Inc. Common Stock,6.99,Industrials,2026-10-09,137.11,-0.36,139.62,149.2,150.78,157.05,198.76,6.59,1619352,417.86,134.25,-65.58,-3.31,-7.23,False,False,"U:>15% pod maximom,U:rok v strate,T1,T2,T5,V1"
LRCX,Lam Research Corporation Common Stock,401.19,Technology,2026-10-09,318.84,-0.55,331.79,310.85,305.42,310.69,279.16,12.08,9276323,438.5,131.02,126.13,-3.36,-7.28,False,False,"U:>15% pod maximom,T5,V1"
RDY,Dr. Reddy's Laboratories Ltd Common Stock,10.18,Health Care,2026-10-09,12.48,2.3,12.29,12.28,12.16,12.19,13.25,0.29,2864601,15.67,11.36,-11.93,-3.41,-7.33,False,False,"U:>15% pod maximom,U:rok v strate,T1,T5"
AMP,Ameriprise Financial Inc. Common Stock,44.87,Finance,2026-10-09,500.51,0.29,500.46,511.55,526.48,539.14,493.29,13.4,541179,572.56,422.37,1.86,-3.42,-7.34,False,False,"U:objem,T1,T2,T5"
SCI,Service Corporation International Common Stock,10.49,Consumer Discretionary,2026-10-09,76.91,0.18,77.39,77.83,78.88,81.11,79.84,1.39,999034,90.99,68.41,-4.57,-3.43,-7.35,False,False,"U:objem,U:>15% pod maximom,U:rok v strate,T1,T2,T5,V1"
SFNC,Simmons First National Corporation Class A Common Stock,3.23,Finance,2026-10-09,22.18,-0.89,22.53,22.75,22.95,23.08,21.46,0.46,1413123,24.32,17.0,16.37,-3.48,-7.4,True,False,"T1,T2,T5,V1"
MTG,MGIC Investment Corporation Common Stock,5.72,Finance,2026-10-09,27.43,-1.58,27.87,28.38,29.24,29.84,27.81,0.78,2033260,31.89,24.69,2.05,-3.48,-7.4,True,False,"T1,T2,T5,V1"
AIG,American International Group Inc. New Common Stock,40.29,Finance,2026-10-09,77.04,-0.01,77.63,75.32,75.14,76.22,76.86,1.49,3961936,87.29,71.25,-7.37,-3.58,-7.5,False,False,"U:rok v strate,T5,V1"
LSCC,Lattice Semiconductor Corporation Common Stock,17.75,Technology,2026-10-09,126.05,0.86,130.67,121.89,118.56,121.77,113.81,5.21,1737809,157.01,60.5,69.01,-3.59,-7.51,False,False,"U:>15% pod maximom,T5,V1"
MTN,Vail Resorts Inc. Common Stock,5.21,Consumer Discretionary,2026-10-09,146.03,-0.04,147.03,140.38,137.9,142.75,137.23,4.8,763247,163.34,118.51,-2.72,-3.59,-7.51,False,False,"U:objem,U:rok v strate,T5,V1"
ATR,AptarGroup Inc. Common Stock,7.74,Industrials,2026-10-09,120.38,-1.17,122.42,122.91,123.83,128.34,126.74,2.21,460306,146.91,103.23,-7.83,-3.61,-7.53,False,False,"U:objem,U:>15% pod maximom,U:rok v strate,T1,T2,T5,V1"
GEV,GE Vernova Inc. Common Stock,266.16,Technology,2026-10-09,1004.73,0.54,1027.0,958.41,944.66,968.71,926.3,36.05,2319053,1195.94,530.16,58.41,-3.63,-7.55,False,False,"U:>15% pod maximom,T5,V1"
PSO,Pearson Plc Common Stock,10.01,Consumer Discretionary,2026-10-09,16.97,2.04,16.8,16.12,15.92,16.22,14.78,0.23,727014,17.75,12.02,22.17,-3.63,-7.55,False,False,"U:objem,T5"
AUR,Aurora Innovation Inc. Class A Common Stock,11.48,Technology,2026-10-09,5.83,1.75,5.83,5.98,6.15,6.22,5.58,0.3,28875549,8.56,3.6,6.78,-3.64,-7.56,False,False,"U:>15% pod maximom,T1,T2,T4,T5,V1"
ZGN,Ermenegildo Zegna N.V. Ordinary Shares,3.36,Consumer Discretionary,2026-10-09,12.68,1.28,12.57,12.38,12.23,13.13,12.2,0.4,1092479,15.95,8.64,30.59,-3.65,-7.57,False,False,"U:>15% pod maximom,T1,T5"
NMIH,NMI Holdings Inc. Common Stock,3.05,Finance,2026-10-09,40.01,-1.48,40.73,41.09,42.2,43.33,40.16,1.18,570733,46.74,34.84,11.67,-3.66,-7.58,False,False,"U:objem,T1,T2,T5,V1"
BWA,BorgWarner Inc. Common Stock,12.57,Consumer Discretionary,2026-10-09,61.3,-0.68,62.21,61.63,62.75,64.35,59.87,1.92,2278730,78.82,40.5,47.21,-3.68,-7.6,False,False,"U:>15% pod maximom,T1,T2,T5,V1"
PAM,Pampa Energia S.A.,4.4,Utilities,2026-10-09,80.34,-0.42,81.98,80.39,81.85,81.71,83.05,2.27,173795,94.5,58.5,22.53,-3.7,-7.62,False,False,"U:objem,T1,T2,T5,V1"
UBER,Uber Technologies Inc. Common Stock,143.47,Consumer Discretionary,2026-10-09,71.51,1.81,70.32,69.81,70.58,73.08,74.48,1.58,18223500,100.35,65.41,-25.51,-3.7,-7.62,False,False,"U:>15% pod maximom,U:rok v strate,T1,T2,T5"
HASI,HA Sustainable Infrastructure Capital Inc. Common Stock,4.67,Finance,2026-10-09,36.49,0.39,36.63,36.43,36.88,38.48,37.84,0.78,1027034,44.13,27.28,19.21,-3.72,-7.64,False,False,"U:>15% pod maximom,T1,T2,T5,V1"
UNP,Union Pacific Corporation Common Stock,165.27,Industrials,2026-10-09,278.34,0.05,279.03,276.76,279.17,288.6,265.81,3.9,2666701,315.99,215.53,20.21,-3.73,-7.65,True,False,"T1,T2,T5,V1"
SBCF,Seacoast Banking Corporation of Florida Common Stock,3.09,Finance,2026-10-09,31.74,-0.41,31.94,32.81,33.33,33.93,32.45,0.62,899263,36.27,28.58,1.41,-3.73,-7.65,False,False,"U:objem,T1,T2,T5,V1"
BCO,Brinks Company (The) Common Stock,4.22,Industrials,2026-10-09,103.4,1.02,103.85,104.79,106.27,108.85,111.49,3.23,479909,136.37,91.05,-8.72,-3.74,-7.66,False,False,"U:objem,U:>15% pod maximom,U:rok v strate,T1,T2,T5,V1"
ESNT,Essent Group Ltd. Common Shares,5.72,Finance,2026-10-09,62.49,-1.73,63.63,63.99,65.58,66.58,62.86,1.66,676747,70.37,55.34,5.93,-3.76,-7.68,False,False,"U:objem,T1,T2,T5,V1"
OLED,Universal Display Corporation Common Stock,3.35,Technology,2026-10-09,74.96,2.83,74.84,77.05,78.29,82.16,94.88,2.91,754379,153.38,70.77,-47.26,-3.82,-7.74,False,False,"U:objem,U:>15% pod maximom,U:rok v strate,T1,T2,T5"
CB,Chubb Limited  Common Stock,132.63,Finance,2026-10-09,341.2,-0.75,344.97,335.97,336.39,340.6,330.58,5.17,1749625,365.91,265.3,20.0,-3.82,-7.74,True,False,"T2,T5,V1"
USFD,US Foods Holding Corp. Common Stock,21.01,Consumer Discretionary,2026-10-09,97.43,0.32,98.16,94.33,95.04,101.02,92.66,2.24,2274025,111.42,69.88,29.44,-3.83,-7.75,True,False,"T1,T2,T5,V1"
CSL,Carlisle Companies Incorporated Common Stock,12.76,Industrials,2026-10-09,320.36,-0.28,323.23,323.04,327.02,346.39,351.95,11.06,533303,432.91,293.43,-0.61,-3.85,-7.77,False,False,"U:objem,U:>15% pod maximom,U:rok v strate,T1,T2,T5,V1"
LOGI,Logitech International S.A. Ordinary Shares,14.53,Technology,2026-10-09,98.27,-3.18,102.25,101.82,101.62,101.4,99.38,2.58,880628,129.66,83.32,-10.08,-3.86,-7.78,False,False,"U:objem,U:>15% pod maximom,U:rok v strate,T1,T5,V1"
WELL,Welltower Inc. Common Stock,160.75,Real Estate,2026-10-09,225.47,1.09,224.75,229.55,232.6,233.64,214.98,4.82,2813080,255.2,163.75,34.79,-3.87,-7.79,True,False,"T1,T2,T5"
WFRD,Weatherford International plc Ordinary Shares,5.5,Consumer Discretionary,2026-10-09,77.92,1.33,77.33,81.49,84.89,87.67,93.16,2.85,1057500,113.15,60.84,21.09,-3.92,-7.84,False,False,"U:>15% pod maximom,T1,T2,T5"
GRND,Grindr Inc. Common Stock,2.6,Technology,2026-10-09,15.03,0.6,15.03,15.15,15.37,15.66,13.58,0.75,1605504,18.5,9.73,21.8,-3.96,-7.88,False,False,"U:>15% pod maximom,T1,T2,T5,V1"
BSAC,Banco Santander - Chile ADS,15.05,Finance,2026-10-09,32.22,0.88,32.23,33.49,34.31,34.46,33.41,0.78,312649,37.72,26.27,20.4,-3.99,-7.91,False,False,"U:objem,T1,T2,T5,V1"
GDV,Gabelli Dividend & Income Trust Common Shares of Beneficial Interest,2.55,Finance,2026-10-09,28.58,0.95,28.38,28.71,29.04,29.62,28.93,0.33,89110,31.0,26.14,5.62,-4.0,-7.92,False,False,"U:objem,T1,T2,T5"
FIGR,Figure Technology Solutions Inc. Class A Common Stock,6.19,Finance,2026-10-09,28.54,3.41,28.22,31.34,33.57,32.81,36.18,1.79,4265604,78.0,24.11,-40.58,-4.03,-7.95,False,False,"U:>15% pod maximom,U:rok v strate,T1,T2,T4,T5"
SBRA,Sabra Health Care REIT Inc. Common Stock,4.81,Real Estate,2026-10-09,18.96,0.64,19.0,19.61,20.06,20.23,19.95,0.34,2619277,22.77,17.17,6.04,-4.05,-7.97,False,False,"U:>15% pod maximom,T1,T2,T5,V1"
WH,Wyndham Hotels & Resorts Inc. Common Stock ,5.44,Consumer Discretionary,2026-10-09,74.06,0.95,73.61,70.38,69.67,72.26,78.12,2.02,1256400,90.35,66.87,-4.33,-4.05,-7.97,False,False,"U:>15% pod maximom,U:rok v strate,T1,T5"
SKYD,Skydance Corporation Class B Common Stock,46.79,Industrials,2026-10-09,9.16,-1.29,9.53,10.0,10.31,10.03,10.46,0.61,18203598,18.65,7.62,-49.03,-4.08,-8.0,False,False,"U:>15% pod maximom,U:rok v strate,T1,T2,T4,T5,V1"
CVCO,Cavco Industries Inc. Common Stock When Issued,4.22,Consumer Discretionary,2026-10-09,532.43,-2.97,550.32,551.36,548.12,564.09,556.92,19.92,111228,713.01,443.34,5.05,-4.08,-8.0,False,False,"U:objem,U:>15% pod maximom,T1,T5,V1"
CATY,Cathay General Bancorp Common Stock,3.98,Finance,2026-10-09,59.12,-0.81,59.72,60.79,61.37,62.04,56.52,1.11,459822,65.26,44.57,20.63,-4.12,-8.04,False,False,"U:objem,T1,T2,T5,V1"
KMX,CarMax Inc,7.64,Consumer Discretionary,2026-10-09,52.61,-2.19,53.88,56.66,58.47,58.82,48.55,2.84,2589857,65.28,30.26,19.27,-4.12,-8.04,False,False,"U:>15% pod maximom,T1,T2,T4,T5,V1"
CELH,Celsius Holdings Inc. Common Stock,6.93,Consumer Staples,2026-10-09,28.58,4.31,27.63,27.93,28.13,29.27,36.05,1.16,9163411,66.74,23.56,-55.52,-4.19,-8.11,False,False,"U:>15% pod maximom,U:rok v strate,T1,T2,T5"
WFG,West Fraser Timber Co. Ltd Common stock,5.03,Basic Materials,2026-10-09,64.25,0.06,64.23,69.36,70.41,69.04,66.94,2.08,224982,76.99,57.34,-6.27,-4.19,-8.11,False,False,"U:objem,U:>15% pod maximom,U:rok v strate,T1,T2,T5"
PLGO,Pelagos Insurance Capital Limited Common Shares,2.11,Finance,2026-10-09,24.28,-0.7,24.47,24.07,24.3,24.36,21.91,0.48,450938,26.34,17.58,32.61,-4.22,-8.14,False,False,"U:objem,T1,T2,T5,V1"
KALU,Kaiser Aluminum Corporation Common Stock,2.45,Industrials,2026-10-09,151.51,1.18,150.85,151.64,154.24,160.87,152.38,5.64,237630,199.89,76.46,95.32,-4.28,-8.2,False,False,"U:objem,U:>15% pod maximom,T1,T2,T5"
CVBF,CVB Financial Corporation Common Stock,3.83,Finance,2026-10-09,21.49,-1.2,21.8,22.21,22.36,22.43,20.93,0.41,1314538,23.41,17.95,14.86,-4.28,-8.2,True,False,"T1,T2,T5,V1"
INGR,Ingredion Incorporated Common Stock,6.0,Consumer Staples,2026-10-09,95.09,-0.02,95.48,96.72,98.04,100.84,106.82,1.84,648487,123.49,93.72,-20.46,-4.28,-8.2,False,False,"U:objem,U:>15% pod maximom,U:rok v strate,T1,T2,T5,V1"
ACHC,Acadia Healthcare Company Inc. Common Stock,2.65,Health Care,2026-10-09,29.25,2.7,29.06,28.31,28.1,28.97,24.53,1.12,1978374,35.83,11.43,16.16,-4.29,-8.21,False,False,"U:>15% pod maximom,T5"
CNC,Centene Corporation Common Stock,31.88,Health Care,2026-10-09,65.36,1.27,65.32,64.2,64.39,64.9,53.43,1.99,4598222,69.63,31.63,72.77,-4.29,-8.21,True,False,"T2,T5"
BSX,Boston Scientific Corporation Common Stock,60.93,Health Care,2026-10-09,42.73,1.64,42.27,43.5,44.14,46.54,60.41,1.08,19995238,105.65,41.39,-56.08,-4.3,-8.22,False,False,"U:>15% pod maximom,U:rok v strate,T1,T2,T5"
AGYS,Agilysys Inc. Common Stock (DE),2.89,Technology,2026-10-09,105.03,2.38,102.79,101.03,102.41,107.28,92.11,3.6,264139,145.25,61.5,-4.62,-4.3,-8.22,False,False,"U:objem,U:>15% pod maximom,U:rok v strate,T1,T2,T5"
SW,Smurfit WestRock plc Ordinary Shares,21.74,Consumer Discretionary,2026-10-09,41.29,-0.39,41.53,44.03,44.47,45.96,43.35,1.17,4601714,52.65,32.73,-3.73,-4.31,-8.23,False,False,"U:>15% pod maximom,U:rok v strate,T1,T2,T5,V1"
VOYA,Voya Financial Inc. Common Stock,8.76,Finance,2026-10-09,94.67,-2.04,97.21,97.89,99.45,99.7,84.8,2.59,1044682,105.64,64.5,27.01,-4.34,-8.26,True,False,"T1,T2,T5,V1"
INGM,Ingram Micro Holding Corporation Common Stock,6.37,Technology,2026-10-09,27.72,0.43,27.86,27.16,27.09,27.71,25.94,0.92,1518871,31.69,19.03,27.8,-4.35,-8.27,True,False,"T5,V1"
UNF,Unifirst Corporation Common Stock,4.69,Consumer Discretionary,2026-10-09,260.85,0.48,261.52,258.79,263.5,274.36,255.63,7.02,255006,306.67,147.66,61.74,-4.43,-8.35,False,False,"U:objem,T1,T2,T5,V1"
DB,Deutsche Bank AG Common Stock,63.27,Finance,2026-10-09,33.68,0.15,33.71,36.32,37.97,37.94,35.18,0.84,1957612,41.62,28.12,-4.43,-4.43,-8.35,False,False,"U:>15% pod maximom,U:rok v strate,T1,T2,T5,V1"
VVX,V2X Inc. Common Stock,2.22,Consumer Discretionary,2026-10-09,71.44,0.66,71.02,73.24,73.89,76.79,72.82,2.72,676084,93.98,50.89,22.43,-4.44,-8.36,False,False,"U:objem,U:>15% pod maximom,T1,T2,T5"
NPO,Enpro Inc. Common Stock,6.51,Industrials,2026-10-09,311.45,1.23,316.56,306.54,301.12,312.19,291.79,11.66,180093,390.42,202.0,42.08,-4.47,-8.39,False,False,"U:objem,U:>15% pod maximom,T1,T5,V1"
EWBC,East West Bancorp Inc. Common Stock,17.3,Finance,2026-10-09,125.53,-0.57,126.5,126.32,127.12,129.22,122.04,2.43,762206,137.47,92.67,19.61,-4.47,-8.39,False,False,"U:objem,T1,T2,T5,V1"
TLN,Talen Energy Corporation Common Stock,17.21,Utilities,2026-10-09,378.57,5.39,380.96,316.86,305.14,321.82,351.7,17.86,886585,449.84,279.77,-14.83,-4.49,-8.41,False,False,"U:objem,U:>15% pod maximom,U:rok v strate,T3,T5,V1"
AZO,AutoZone Inc. Common Stock,47.52,Consumer Discretionary,2026-10-09,2939.85,1.01,2931.62,2864.15,2874.2,2945.71,3283.48,92.83,269360,4146.42,2730.65,-25.9,-4.52,-8.44,False,False,"U:objem,U:>15% pod maximom,U:rok v strate,T1,T2,T5"
CHDN,Churchill Downs Incorporated Common Stock,5.31,Consumer Discretionary,2026-10-09,79.96,4.99,76.26,78.82,80.71,84.23,90.26,3.21,1087977,118.35,73.09,-12.23,-4.53,-8.45,False,False,"U:>15% pod maximom,U:rok v strate,T1,T2,T5"
RLAY,Relay Therapeutics Inc. Common Stock,3.82,Health Care,2026-10-09,17.88,2.7,17.97,18.43,18.59,19.06,14.26,1.08,2782900,21.27,5.85,163.72,-4.54,-8.46,False,False,"U:>15% pod maximom,T1,T2,T4,T5,V1"
KEX,Kirby Corporation Common Stock,7.29,Consumer Discretionary,2026-10-09,136.25,-1.35,139.04,135.23,135.5,136.55,135.28,3.74,493142,157.69,79.52,66.73,-4.56,-8.48,False,False,"U:objem,T1,T2,T5,V1"
TD,Toronto Dominion Bank (The) Common Stock,186.24,Finance,2026-10-09,115.1,0.93,114.65,119.15,120.36,120.08,108.47,2.1,2197257,125.47,77.95,44.18,-4.58,-8.5,True,False,"T1,T2,T5"
CPK,Chesapeake Utilities Corporation Common Stock,3.09,Utilities,2026-10-09,127.75,-0.32,128.52,128.67,129.55,131.6,128.6,2.93,178403,140.83,118.88,-7.89,-4.6,-8.52,False,False,"U:objem,U:rok v strate,T1,T2,T5,V1"
QCOM,QUALCOMM Incorporated Common Stock,184.85,Technology,2026-10-09,175.5,-0.29,176.28,185.91,185.29,173.11,169.35,6.86,12230684,259.92,121.99,5.94,-4.61,-8.53,False,False,"U:>15% pod maximom,T5,V1"
BALL,Ball Corporation Common Stock,15.45,Industrials,2026-10-09,58.46,0.15,58.46,58.37,59.11,60.99,60.2,1.28,1958131,68.29,44.83,22.38,-4.63,-8.55,True,False,"T1,T2,T5,V1"
KD,Kyndryl Holdings Inc. Common Stock,2.59,Technology,2026-10-09,11.75,-1.09,11.94,12.0,12.33,12.72,14.51,0.55,4167158,30.11,10.1,-60.52,-4.63,-8.55,False,False,"U:>15% pod maximom,U:rok v strate,T1,T2,T5,V1"
HWC,Hancock Whitney Corporation Common Stock,5.83,Finance,2026-10-09,72.4,-0.43,72.79,73.4,74.0,75.2,70.37,1.41,822128,80.13,54.05,17.23,-4.66,-8.58,False,False,"U:objem,T1,T2,T5,V1"
DAL,Delta Air Lines Inc. Common Stock,54.02,Consumer Discretionary,2026-10-09,82.17,0.04,82.87,82.3,81.4,83.65,76.1,2.47,6219166,95.68,55.03,37.94,-4.66,-8.58,True,False,"T1,T5,V1"
RHI,Robert Half Inc. Common Stock,3.49,Consumer Discretionary,2026-10-09,33.93,-0.5,34.15,36.38,37.65,39.92,31.44,1.38,2101177,46.7,21.83,2.01,-4.66,-8.58,False,False,"U:>15% pod maximom,T1,T2,T5,V1"
RPM,RPM International Inc. Common Stock,12.68,Consumer Discretionary,2026-10-09,97.73,-1.71,99.55,99.22,100.11,104.96,105.85,2.72,1286360,121.78,92.92,-11.84,-4.66,-8.58,False,False,"U:>15% pod maximom,U:rok v strate,T1,T2,T5,V1"
IBN,ICICI Bank Limited Common Stock,99.88,Finance,2026-10-09,27.89,-0.04,27.99,27.93,28.32,29.12,28.6,0.39,5226277,33.03,25.08,-9.62,-4.68,-8.6,False,False,"U:>15% pod maximom,U:rok v strate,T1,T2,T5,V1"
WFC,Wells Fargo & Company Common Stock,248.06,Finance,2026-10-09,83.55,1.85,82.17,83.3,85.23,85.75,84.47,1.87,14432198,97.76,72.78,4.58,-4.7,-8.62,True,False,"T1,T2,T5"
CAE,CAE Inc. Common Shares,7.44,Miscellaneous,2026-10-09,23.74,2.55,23.27,24.05,24.19,24.89,27.07,0.52,765565,34.24,22.76,-14.88,-4.7,-8.62,False,False,"U:objem,U:>15% pod maximom,U:rok v strate,T1,T2,T5"
TRMK,Trustmark Corporation Common Stock,2.59,Finance,2026-10-09,44.21,-0.76,44.9,45.8,46.22,46.51,44.39,0.82,386165,49.0,36.33,12.32,-4.7,-8.62,False,False,"U:objem,T1,T2,T5,V1"
PBA,Pembina Pipeline Corp. Ordinary Shares (Canada),27.42,Energy,2026-10-09,47.31,0.34,47.38,46.2,46.68,47.6,45.51,0.94,1004123,51.58,36.2,19.35,-4.71,-8.63,True,False,"T1,T2,T5,V1"
RITM,Rithm Capital Corp. Common Stock,4.81,Real Estate,2026-10-09,8.64,0.23,8.65,9.12,9.42,9.7,9.88,0.24,5884071,12.15,8.4,-19.85,-4.74,-8.66,False,False,"U:>15% pod maximom,U:rok v strate,T1,T2,T5,V1"
ETSY,Etsy Inc. Common Stock,6.9,Consumer Discretionary,2026-10-09,76.71,2.09,75.44,72.38,72.34,77.3,66.16,3.14,3065573,87.97,44.0,5.28,-4.74,-8.66,True,False,"T1,T5"
ST,Sensata Technologies Holding plc Ordinary Shares,6.15,Industrials,2026-10-09,42.29,0.14,42.73,42.15,42.12,43.23,41.4,1.21,1448322,53.89,28.16,34.34,-4.75,-8.67,False,False,"U:>15% pod maximom,T1,T5,V1"
FTI,TechnipFMC plc Ordinary Share,27.31,Consumer Discretionary,2026-10-09,69.57,-0.09,69.96,70.67,72.67,73.72,67.59,1.88,2985169,80.7,35.29,88.54,-4.75,-8.67,True,False,"T1,T2,T5,V1"
HTH,Hilltop Holdings Inc.,2.1,Finance,2026-10-09,36.38,-0.82,36.89,38.04,38.48,38.58,37.56,0.72,288814,40.41,30.78,12.01,-4.76,-8.68,False,False,"U:objem,T1,T2,T5,V1"
LBTYB,Liberty Global Ltd. Class B Common Shares,4.22,Telecommunications,2026-10-09,12.19,-1.53,12.84,12.42,12.52,12.63,13.06,0.58,12012,29.01,10.2,8.94,-4.77,-8.69,False,False,"U:objem,U:>15% pod maximom,T1,T2,T5,V1"
AIZ,Assurant Inc. Common Stock,13.46,Finance,2026-10-09,266.49,-2.33,274.63,271.45,274.81,279.11,251.21,6.11,367320,303.94,206.03,21.99,-4.78,-8.7,False,False,"U:objem,T1,T2,T5,V1"
NFLX,Netflix Inc. Common Stock,298.01,Consumer Discretionary,2026-10-09,70.3,-1.77,71.62,71.66,73.5,75.33,83.45,1.54,36896380,124.86,65.08,-42.9,-4.78,-8.7,False,False,"U:>15% pod maximom,U:rok v strate,T1,T2,T5,V1"
CSX,CSX Corporation Common Stock,87.7,Industrials,2026-10-09,47.26,-0.17,47.45,47.22,47.65,49.03,44.57,0.7,11131001,53.6,33.63,31.1,-4.79,-8.71,True,False,"T1,T2,T5,V1"
DJT,Trump Media & Technology Group Corp. Common Stock,2.28,Technology,2026-10-09,8.11,-1.1,8.24,8.81,8.93,9.02,9.85,0.36,4010050,17.47,6.96,-52.49,-4.81,-8.73,False,False,"U:>15% pod maximom,U:rok v strate,T1,T2,T5,V1"
CFR,Cullen/Frost Bankers Inc. Common Stock,9.47,Finance,2026-10-09,150.24,-1.39,152.59,155.94,158.64,161.13,147.08,3.22,537887,170.8,119.0,17.49,-4.85,-8.77,False,False,"U:objem,T1,T2,T5,V1"
SR,Spire Inc. Common Stock,4.61,Utilities,2026-10-09,78.42,0.55,78.2,78.21,79.19,80.54,84.54,1.47,479066,95.31,74.84,-5.73,-4.85,-8.77,False,False,"U:objem,U:>15% pod maximom,U:rok v strate,T1,T2,T5"
FIG,Figma Inc. Class A Common Stock,12.06,Technology,2026-10-09,22.5,-0.57,22.67,22.03,22.2,24.23,24.17,1.02,17023749,70.79,16.6,-66.88,-4.86,-8.78,False,False,"U:>15% pod maximom,U:divoký,U:rok v strate,T1,T2,T5,V1"
JBL,Jabil Inc. Common Stock,31.35,Technology,2026-10-09,306.28,2.38,304.15,304.01,306.02,316.7,303.72,13.66,1180793,428.93,189.6,49.62,-4.87,-8.79,False,False,"U:>15% pod maximom,T1,T2,T5"
KFY,Korn Ferry Common Stock,3.98,Consumer Discretionary,2026-10-09,71.66,-1.74,73.16,73.75,76.06,79.62,70.57,1.79,474125,87.51,58.95,1.75,-4.95,-8.87,False,False,"U:objem,U:>15% pod maximom,T1,T2,T5,V1"
GXO,GXO Logistics Inc. Common Stock ,5.32,Consumer Discretionary,2026-10-09,46.56,0.43,46.71,45.79,45.85,46.79,52.29,1.28,1398580,66.85,43.61,-13.34,-4.96,-8.88,False,False,"U:>15% pod maximom,U:rok v strate,T1,T2,T5,V1"
TXN,Texas Instruments Incorporated Common Stock,263.2,Technology,2026-10-09,283.74,-1.55,290.52,277.21,269.88,271.88,251.66,7.36,6332055,334.03,152.73,58.55,-4.97,-8.89,False,False,"U:>15% pod maximom,T5,V1"
LNTH,Lantheus Holdings Inc. Common Stock,6.54,Health Care,2026-10-09,100.15,0.03,100.33,100.08,100.19,100.47,88.93,0.37,1328241,111.86,50.15,91.16,-4.97,-8.89,True,False,"T1,T2,T5,V1"
PRK,Park National Corporation Common Stock,3.22,Finance,2026-10-09,176.5,-1.1,178.73,181.22,183.97,192.6,176.18,3.42,102807,215.0,149.06,11.22,-4.98,-8.9,False,False,"U:objem,U:>15% pod maximom,T1,T2,T5,V1"
PLNT,Planet Fitness Inc. Common Stock,3.31,Consumer Discretionary,2026-10-09,47.98,8.97,44.06,44.63,46.23,48.99,66.14,2.22,2274719,114.26,37.03,-49.1,-4.99,-8.91,False,False,"U:>15% pod maximom,U:deň >+8%,U:rok v strate,T1,T2,T5"
NNI,Nelnet Inc. Common Stock,4.51,Finance,2026-10-09,125.26,-0.56,126.1,125.27,125.53,127.14,131.03,2.09,133088,144.38,116.62,-2.58,-5.02,-8.94,False,False,"U:objem,U:rok v strate,T1,T2,T5,V1"
PPL,PPL Corporation Common Stock,25.66,Utilities,2026-10-09,34.25,0.44,34.13,33.08,33.29,34.23,36.09,0.53,7529796,40.11,31.56,-7.28,-5.05,-8.97,False,False,"U:rok v strate,T1,T2,T5"
OGE,OGE Energy Corp Common Stock,9.53,Utilities,2026-10-09,46.5,0.85,46.23,45.48,45.73,46.19,46.75,0.78,1600822,50.59,41.7,2.54,-5.08,-9.0,True,False,"T1,T2,T5"
ED,Consolidated Edison Inc. Common Stock,39.2,Utilities,2026-10-09,106.1,0.1,106.27,104.28,104.83,106.4,108.05,1.55,2214439,116.23,94.96,5.26,-5.12,-9.04,True,False,"T1,T2,T5,V1"
CR,Crane Company Common Stock,11.68,Industrials,2026-10-09,204.75,1.3,202.87,203.35,202.32,207.93,197.53,5.04,425995,230.5,159.58,14.31,-5.14,-9.06,False,False,"U:objem,T1,T5"
NTB,Bank of N.T. Butterfield & Son Limited (The) Voting Ordinary Shares,2.31,Finance,2026-10-09,57.5,-0.61,58.42,58.65,59.27,59.96,56.07,0.94,167858,64.17,40.59,36.51,-5.15,-9.07,False,False,"U:objem,T1,T2,T5,V1"
BIPC,Brookfield Infrastructure Corporation Brookfield Infrastructure Corporation,4.57,Consumer Discretionary,2026-10-09,37.36,0.62,37.75,36.07,36.04,37.85,41.58,0.88,1112706,51.72,34.18,-14.94,-5.15,-9.07,False,False,"U:>15% pod maximom,U:rok v strate,T1,T5,V1"
RJF,Raymond James Financial Inc. Common Stock,30.51,Finance,2026-10-09,158.38,-0.14,159.28,161.28,165.42,171.0,160.8,3.6,1203206,182.73,138.82,-3.52,-5.15,-9.07,False,False,"U:rok v strate,T1,T2,T5,V1"
ADT,ADT Inc. Common Stock,4.75,Consumer Discretionary,2026-10-09,6.43,-1.08,6.51,6.5,6.7,7.06,7.15,0.17,7635722,8.89,6.03,-25.49,-5.16,-9.08,False,False,"U:>15% pod maximom,U:rok v strate,T1,T2,T5,V1"
HSBC,HSBC Holdings plc. Common Stock,317.96,Finance,2026-10-09,92.98,0.4,92.73,99.23,101.92,102.24,92.59,1.83,1424214,107.92,64.65,38.1,-5.21,-9.13,True,False,"T1,T2,T5"
KMT,Kennametal Inc. Common Stock,2.42,Industrials,2026-10-09,31.92,0.66,32.01,30.91,30.28,30.93,34.6,1.13,1425688,43.81,20.38,50.35,-5.23,-9.15,False,False,"U:>15% pod maximom,T1,T5,V1"
CBRE,CBRE Group Inc Common Stock Class A,37.96,Finance,2026-10-09,130.8,-0.21,131.49,134.47,137.41,142.43,144.37,4.1,1788896,174.27,121.69,-14.21,-5.24,-9.16,False,False,"U:>15% pod maximom,U:rok v strate,T1,T2,T5,V1"
ZBH,Zimmer Biomet Holdings Inc. Common Stock,16.95,Health Care,2026-10-09,89.14,0.29,89.07,91.86,93.11,95.61,91.32,2.32,2165268,106.88,79.12,-8.45,-5.25,-9.17,False,False,"U:>15% pod maximom,U:rok v strate,T1,T2,T5"
WTM,White Mountains Insurance Group Ltd. Common Stock,4.92,Finance,2026-10-09,2060.63,0.04,2064.04,2038.55,2044.91,2083.0,2127.77,30.97,19817,2333.0,1830.13,7.29,-5.26,-9.18,False,False,"U:objem,T1,T2,T5,V1"
GVA,Granite Construction Incorporated Common Stock,4.98,Industrials,2026-10-09,112.5,-1.17,114.83,115.51,115.93,119.73,127.14,3.48,725241,162.08,97.26,6.62,-5.26,-9.18,False,False,"U:objem,U:>15% pod maximom,T1,T2,T5,V1"
IPAR,Interparfums Inc. Common Stock,3.57,Consumer Discretionary,2026-10-09,112.21,0.55,112.39,113.57,113.69,115.78,102.4,3.29,238366,129.29,77.21,19.41,-5.28,-9.2,False,False,"U:objem,T1,T2,T5,V1"
ALSN,Allison Transmission Holdings Inc. Common Stock,9.01,Consumer Discretionary,2026-10-09,109.86,0.69,109.71,115.56,119.77,121.5,117.86,3.95,813804,137.62,76.01,35.6,-5.28,-9.2,False,False,"U:objem,U:>15% pod maximom,T1,T2,T5"
AOS,A.O. Smith Corporation Common Stock,7.69,Consumer Discretionary,2026-10-09,56.38,-0.32,56.6,57.15,57.6,59.61,64.07,1.36,1536038,81.87,54.16,-19.15,-5.29,-9.21,False,False,"U:>15% pod maximom,U:rok v strate,T1,T2,T5,V1"
CL,Colgate-Palmolive Company Common Stock,70.23,Consumer Discretionary,2026-10-09,88.27,0.19,88.38,86.59,86.74,89.17,88.69,1.36,4701401,99.33,74.55,13.44,-5.3,-9.22,True,False,"T1,T2,T5,V1"
PINS,Pinterest Inc. Class A Common Stock,11.63,Technology,2026-10-09,21.4,4.24,20.54,19.24,18.95,21.23,21.09,0.72,12532882,35.42,13.84,-32.85,-5.31,-9.23,False,False,"U:>15% pod maximom,U:rok v strate,T3,T5"
RTX,RTX Corporation Common Stock,248.42,Industrials,2026-10-09,185.97,0.9,184.74,188.94,192.68,203.3,194.99,3.54,4429206,226.88,155.64,14.67,-5.31,-9.23,False,False,"U:>15% pod maximom,T1,T2,T5"
FELE,Franklin Electric Co. Inc. Common Stock,4.28,Consumer Discretionary,2026-10-09,97.72,0.88,97.54,96.85,96.93,100.74,100.17,2.01,287539,115.82,89.54,4.86,-5.32,-9.24,False,False,"U:objem,U:>15% pod maximom,T1,T2,T5"
ARE,Alexandria Real Estate Equities Inc. Common Stock,7.95,Real Estate,2026-10-09,45.51,-0.2,45.71,49.73,51.05,50.27,50.24,1.55,1929452,78.54,39.41,-38.86,-5.35,-9.27,False,False,"U:>15% pod maximom,U:rok v strate,T1,T2,T5,V1"
EWTX,Edgewise Therapeutics Inc. Common Stock,4.26,Health Care,2026-10-09,39.06,-0.43,39.41,41.81,42.78,42.77,35.23,2.11,1348706,48.51,14.25,143.36,-5.35,-9.27,False,False,"U:>15% pod maximom,T1,T2,T4,T5,V1"
OMF,OneMain Holdings Inc. Common Stock,6.49,Finance,2026-10-09,56.07,-0.62,56.58,57.93,59.65,61.42,59.29,1.34,942493,71.93,45.78,2.04,-5.37,-9.29,False,False,"U:objem,U:>15% pod maximom,T1,T2,T5,V1"
CCZ,Comcast Holdings ZONES,223.21,Telecommunications,2026-10-09,62.9,0.0,62.9,63.96,64.49,64.63,64.37,0.13,49,66.5,59.0,0.58,-5.41,-9.33,False,False,"U:objem,T1,T2,T5,V1"
FWONA,Liberty Media Corporation Series A Common Stock,21.95,Industrials,2026-10-09,86.67,-1.03,88.23,86.41,86.44,89.87,84.58,2.29,165653,98.79,73.7,-9.08,-5.42,-9.34,False,False,"U:objem,U:rok v strate,T1,T2,T5,V1"
DAVE,Dave Inc. Class A Common Stock,4.51,Finance,2026-10-09,368.42,4.25,354.43,346.04,348.51,353.38,277.52,19.81,386371,458.25,152.21,78.26,-5.43,-9.35,False,False,"U:objem,U:>15% pod maximom,T2,T4,T5"
ALAB,Astera Labs Inc. Common Stock,60.21,Technology,2026-10-09,342.21,-1.39,383.14,338.04,320.64,317.46,246.36,24.38,4205255,499.48,97.89,51.8,-5.48,-9.4,False,False,"U:>15% pod maximom,U:divoký,T4,T5,V1"
SNDK,Sandisk Corporation Common Stock,233.9,Technology,2026-10-09,1581.82,-1.72,1675.0,1697.46,1713.45,1582.5,1181.52,86.26,12727090,2354.39,116.17,1119.79,-5.5,-9.42,False,False,"U:>15% pod maximom,U:divoký,T1,T2,T4,T5,V1"
ARMK,Aramark Common Stock,14.64,Consumer Discretionary,2026-10-09,54.94,-1.08,55.84,55.74,56.24,57.27,48.82,1.03,2399428,62.65,35.07,37.76,-5.52,-9.44,True,False,"T1,T2,T5,V1"
SCHW,Charles Schwab Corporation (The) Common Stock,167.52,Finance,2026-10-09,96.7,-0.18,97.18,100.48,103.14,105.58,98.3,2.18,7976871,114.53,83.96,2.85,-5.55,-9.47,False,False,"U:>15% pod maximom,T1,T2,T5,V1"
KEP,Korea Electric Power Corporation Common Stock,14.02,Utilities,2026-10-09,11.03,1.01,11.02,11.13,11.39,11.59,14.71,0.22,999984,23.41,10.78,-12.67,-5.57,-9.49,False,False,"U:objem,U:>15% pod maximom,U:rok v strate,T1,T2,T5"
EBC,Eastern Bankshares Inc. Common Stock,4.82,Finance,2026-10-09,21.03,-0.24,21.14,21.31,21.48,22.11,20.85,0.38,2400923,23.77,16.61,13.13,-5.57,-9.49,True,False,"T1,T2,T5,V1"
GDS,GDS Holdings Limited ADS,6.1,Technology,2026-10-09,30.97,1.74,31.08,31.36,31.58,32.07,37.45,1.58,1636507,48.61,26.97,-19.39,-5.58,-9.5,False,False,"U:>15% pod maximom,U:rok v strate,T1,T2,T4,T5,V1"
AMTM,Amentum Holdings Inc. Common Stock,4.64,Consumer Discretionary,2026-10-09,19.29,1.69,18.97,19.13,19.37,20.43,25.3,0.61,2038514,38.11,17.72,-19.29,-5.58,-9.5,False,False,"U:>15% pod maximom,U:rok v strate,T1,T2,T5"
BRC,Brady Corporation Common Stock,3.96,Consumer Discretionary,2026-10-09,85.35,1.11,84.92,84.49,85.19,89.56,86.8,2.01,226898,99.29,70.57,17.72,-5.59,-9.51,False,False,"U:objem,T1,T2,T5"
PFG,Principal Financial Group Inc Common Stock,23.5,Finance,2026-10-09,107.24,-2.3,110.22,113.48,115.0,113.43,102.11,2.32,1391057,121.18,77.9,29.69,-5.61,-9.53,True,False,"T1,T2,T5,V1"
FWONK,Liberty Media Corporation Series C Common Stock,23.83,Industrials,2026-10-09,94.04,-1.08,95.68,94.34,94.49,98.0,92.18,2.57,2105722,107.31,80.15,-10.34,-5.62,-9.54,False,False,"U:rok v strate,T1,T2,T5,V1"
SUI,Sun Communities Inc. Common Stock,13.62,Real Estate,2026-10-09,114.0,1.97,112.68,112.91,114.01,117.62,124.06,1.83,1701850,137.85,109.77,-7.13,-5.63,-9.55,False,False,"U:>15% pod maximom,U:rok v strate,T1,T2,T5"
FERG,Ferguson Enterprises Inc. Common Stock,41.93,Miscellaneous,2026-10-09,220.04,1.53,216.79,219.93,221.09,230.95,237.61,5.62,2329261,271.64,212.13,-6.3,-5.64,-9.56,False,False,"U:>15% pod maximom,U:rok v strate,T1,T2,T5"
BNY,The Bank of New York Mellon Corporation Common Stock,97.44,Finance,2026-10-09,142.71,-0.63,144.04,148.62,153.57,156.12,137.47,2.71,3392239,165.84,103.11,33.6,-5.66,-9.58,True,False,"T1,T2,T5,V1"
NOVT,Novanta Inc. Common Stock,5.16,Miscellaneous,2026-10-09,141.28,3.63,141.52,141.27,141.92,147.58,140.97,6.22,387765,176.38,98.27,34.02,-5.67,-9.59,False,False,"U:objem,U:>15% pod maximom,T1,T2,T5,V1"
NTCT,NetScout Systems Inc. Common Stock,2.86,Technology,2026-10-09,40.69,3.54,40.0,39.5,38.73,39.08,35.48,1.05,602973,45.28,25.2,53.49,-5.68,-9.6,False,False,"U:objem,T5"
LLYVA,Liberty Live Holdings Inc. Series A Liberty Live Group Common Stock,8.8,Consumer Discretionary,2026-10-09,95.33,-0.33,96.56,95.4,95.04,97.87,93.53,2.49,142504,106.06,74.38,10.98,-5.7,-9.62,False,False,"U:objem,T1,T5,V1"
CHRN,ChronoScale Holdings Corporation Common Stock,2.77,Industrials,2026-10-09,18.59,-2.31,19.88,19.71,19.77,20.47,15.42,1.53,185752,30.0,3.5,248.13,-5.73,-9.65,False,False,"U:objem,U:>15% pod maximom,U:divoký,T1,T2,T4,T5,V1"
TAC,TransAlta Corporation Ordinary Shares,4.07,Utilities,2026-10-09,13.13,1.86,12.99,12.2,12.02,12.28,12.91,0.38,1747390,17.88,11.38,-15.83,-5.74,-9.66,False,False,"U:>15% pod maximom,U:rok v strate,T5"
EPD,Enterprise Products Partners L.P. Common Stock,79.36,Utilities,2026-10-09,36.08,-1.82,37.27,37.25,37.82,38.02,36.94,0.72,3057479,40.17,30.01,15.42,-5.82,-9.74,True,False,"T1,T2,T5,V1"
AEG,Aegon Ltd. New York Registry Shares,14.88,Finance,2026-10-09,8.24,-0.36,8.34,8.74,8.92,9.06,8.26,0.13,4943658,9.61,6.75,6.74,-5.83,-9.75,True,False,"T1,T2,T5,V1"
BTI,British American Tobacco  Industries p.l.c. Common Stock ADR,119.75,Health Care,2026-10-09,55.5,0.13,55.56,55.13,55.34,56.11,58.92,0.97,4620830,67.3,49.88,8.06,-5.85,-9.77,False,False,"U:>15% pod maximom,T1,T2,T5,V1"
AVGO,Broadcom Inc. Common Stock,1719.18,Technology,2026-10-09,361.54,0.39,373.35,355.25,354.1,371.87,368.28,10.31,22401141,495.0,289.96,4.79,-5.86,-9.78,False,False,"U:>15% pod maximom,T1,T5,V1"
CAG,ConAgra Brands Inc. Common Stock,6.48,Consumer Staples,2026-10-09,13.49,-0.59,13.63,14.2,14.61,14.99,15.49,0.45,13217036,20.32,12.53,-27.08,-5.86,-9.78,False,False,"U:>15% pod maximom,U:rok v strate,T1,T2,T5,V1"
CENT,Central Garden & Pet Company Common Stock,2.54,Consumer Discretionary,2026-10-09,40.58,0.07,40.78,39.9,39.96,41.93,39.08,0.85,97979,46.97,28.77,34.37,-5.91,-9.83,False,False,"U:objem,T1,T2,T5,V1"
CNI,Canadian National Railway Company Common Stock,70.58,Industrials,2026-10-09,117.78,0.8,117.26,119.26,120.42,123.06,113.72,2.11,1385571,131.55,90.74,23.36,-6.01,-9.93,True,False,"T1,T2,T5"
BKV,BKV Corporation Common Stock,2.62,Energy,2026-10-09,24.24,1.25,24.19,22.72,23.24,24.14,26.93,0.87,1541123,32.81,20.08,8.85,-6.01,-9.93,False,False,"U:>15% pod maximom,T1,T2,T5"
PFS,Provident Financial Services Inc Common Stock,2.9,Finance,2026-10-09,22.09,-0.59,22.24,22.62,22.91,23.47,22.45,0.41,894490,25.49,17.69,14.87,-6.04,-9.96,False,False,"U:objem,T1,T2,T5,V1"
ROK,Rockwell Automation Inc. Common Stock,48.31,Industrials,2026-10-09,432.59,-0.36,440.33,431.9,428.11,435.49,425.0,10.11,759065,497.36,332.71,26.19,-6.05,-9.97,False,False,"U:objem,T1,T5,V1"
CE,Celanese Corporation Common Stock,4.92,Industrials,2026-10-09,45.02,0.47,45.17,45.68,45.75,45.24,51.32,1.9,1810073,70.7,35.13,6.66,-6.05,-9.97,False,False,"U:>15% pod maximom,T1,T2,T5,V1"
AZN,AstraZeneca PLC Ordinary Shares,246.22,Health Care,2026-10-09,159.2,0.26,160.05,162.57,162.88,162.08,181.53,2.98,3325365,212.71,153.41,-6.4,-6.06,-9.98,False,False,"U:>15% pod maximom,U:rok v strate,T1,T2,T5,V1"
UCB,United Community Banks Inc. Common Stock,4.05,Finance,2026-10-09,33.38,-0.6,33.63,34.09,34.53,35.0,33.84,0.66,862107,37.18,28.65,4.25,-6.08,-10.0,False,False,"U:objem,T1,T2,T5,V1"
IBKR,Interactive Brokers Group Inc. Class A Common Stock,39.18,Finance,2026-10-09,87.87,1.62,87.79,88.78,89.43,90.45,81.9,2.54,4132947,98.75,58.95,21.0,-6.08,-10.0,True,False,"T1,T2,T5"
AM,Antero Midstream Corporation Common Stock,10.06,Utilities,2026-10-09,21.09,-0.47,21.28,20.94,21.33,21.7,21.35,0.53,2388025,23.83,16.96,12.0,-6.1,-10.02,True,False,"T1,T2,T5,V1"
PAYX,Paychex Inc. Common Stock,37.19,Industrials,2026-10-09,103.98,-0.46,104.64,106.54,110.22,115.54,103.5,3.11,3002692,129.24,85.45,-16.96,-6.11,-10.03,False,False,"U:>15% pod maximom,U:rok v strate,T1,T2,T5,V1"
QSR,Restaurant Brands International Inc. Common Shares,32.12,Consumer Discretionary,2026-10-09,70.95,0.41,70.95,71.95,73.84,75.01,73.64,1.38,2760396,81.96,64.52,6.45,-6.11,-10.03,True,False,"T1,T2,T5,V1"
DLTR,Dollar Tree Inc. Common Stock,22.26,Consumer Discretionary,2026-10-09,118.64,0.02,119.71,114.58,115.97,123.11,117.02,3.33,2512079,142.4,85.88,33.27,-6.12,-10.04,False,False,"U:>15% pod maximom,T1,T2,T5,V1"
PNFP,Pinnacle Financial Partners Inc. Common stock,14.31,Finance,2026-10-09,93.99,-0.72,94.76,95.38,96.65,100.03,96.71,2.34,1119896,110.33,81.08,3.08,-6.14,-10.06,True,False,"T1,T2,T5,V1"
KKR,KKR & Co. Inc. Common Stock,80.39,Finance,2026-10-09,90.95,1.55,89.62,94.75,98.18,102.26,101.93,2.67,4342358,144.84,82.67,-26.69,-6.15,-10.07,False,False,"U:>15% pod maximom,U:rok v strate,T1,T2,T5"
GLNG,Golar Lng Ltd,4.92,Consumer Discretionary,2026-10-09,47.92,-1.03,49.75,49.68,50.47,50.73,48.88,1.26,1344085,57.79,35.02,22.9,-6.17,-10.09,False,False,"U:>15% pod maximom,T1,T2,T5,V1"
VECO,Veeco Instruments Inc. Common Stock,3.15,Technology,2026-10-09,52.28,1.61,53.69,48.44,46.16,48.3,46.02,2.92,735544,86.63,26.0,77.28,-6.24,-10.16,False,False,"U:objem,U:>15% pod maximom,T4,T5,V1"
BMI,Badger Meter Inc. Common Stock,3.7,Industrials,2026-10-09,131.38,2.91,128.01,128.1,128.47,131.22,141.36,4.3,422550,204.0,112.09,-24.33,-6.24,-10.16,False,False,"U:objem,U:>15% pod maximom,U:rok v strate,T1,T2,T5"
BLX,Bladex Inc. Class E Common Stock,2.06,Finance,2026-10-09,54.0,-1.42,54.99,54.73,54.96,55.29,53.38,1.23,167877,63.2,38.41,20.56,-6.25,-10.17,False,False,"U:objem,T1,T2,T5,V1"
CALX,Calix Inc Common Stock,2.27,Consumer Discretionary,2026-10-09,37.24,3.22,36.54,34.84,34.71,36.8,43.81,1.23,1120015,71.22,32.35,-36.88,-6.27,-10.19,False,False,"U:>15% pod maximom,U:rok v strate,T1,T5"
NVS,Novartis AG Common Stock,273.08,Health Care,2026-10-09,143.75,0.45,143.29,142.03,141.93,148.99,150.9,2.11,1976330,170.46,121.57,9.68,-6.27,-10.19,False,False,"U:>15% pod maximom,T1,T5"
PLMR,Palomar Holdings Inc. Common stock,3.46,Finance,2026-10-09,130.76,-0.52,132.75,129.89,131.24,131.07,125.87,3.72,235855,147.62,100.81,9.2,-6.32,-10.24,False,False,"U:objem,T1,T2,T5,V1"
GBDC,Golub Capital BDC Inc. Common Stock,3.17,Finance,2026-10-09,12.1,-0.9,12.27,12.44,12.6,12.81,12.92,0.21,1276544,14.41,11.77,-10.3,-6.35,-10.27,False,False,"U:>15% pod maximom,U:rok v strate,T1,T2,T5,V1"
BX,Blackstone Inc. Common Stock,84.58,Finance,2026-10-09,114.29,1.43,112.9,118.13,122.59,130.64,127.39,3.51,4462195,166.39,101.73,-28.86,-6.35,-10.27,False,False,"U:>15% pod maximom,U:rok v strate,T1,T2,T5"
AMBA,Ambarella Inc. Ordinary Shares,2.78,Technology,2026-10-09,67.43,7.22,64.97,67.4,67.35,71.77,67.99,3.71,1670395,96.69,48.3,-19.99,-6.35,-10.27,False,False,"U:>15% pod maximom,U:rok v strate,T1,T4,T5"
EVRG,Evergy Inc. Common Stock,18.57,Utilities,2026-10-09,80.96,0.55,80.68,79.45,79.79,81.18,81.27,1.1,2098933,88.62,71.41,5.57,-6.35,-10.27,True,False,"T1,T2,T5"
MCO,Moody's Corporation Common Stock,79.45,Finance,2026-10-09,464.23,1.21,459.05,460.9,466.83,478.29,470.1,9.92,797504,546.88,402.28,-5.73,-6.35,-10.27,False,False,"U:objem,U:>15% pod maximom,U:rok v strate,T1,T2,T5"
SYY,Sysco Corporation Common Stock,38.47,Consumer Discretionary,2026-10-09,78.14,-0.08,79.04,78.41,79.41,81.1,79.91,1.35,3683573,91.85,68.19,0.13,-6.37,-10.29,True,False,"T1,T2,T5,V1"
HTO,H2O America Common Stock,2.43,Utilities,2026-10-09,58.48,0.71,58.84,61.1,62.5,62.34,58.24,1.38,441295,67.09,43.75,20.83,-6.39,-10.31,False,False,"U:objem,T1,T2,T5,V1"
MICC,The Magnum Ice Cream Company N.V. Ordinary Shares,10.68,Consumer Staples,2026-10-09,17.28,-0.92,17.44,18.37,18.92,19.05,16.93,0.43,855585,20.68,12.94,,-6.39,-10.31,False,False,"U:objem,U:>15% pod maximom,T1,T2,T5,V1"
GMED,Globus Medical Inc. Class A Common Stock,9.85,Health Care,2026-10-09,74.65,1.8,74.27,74.82,74.86,79.1,84.34,1.74,1490377,101.4,56.5,25.23,-6.39,-10.31,False,False,"U:>15% pod maximom,T1,T2,T5"
DOW,Dow Inc. Common Stock ,20.65,Industrials,2026-10-09,28.42,-0.59,28.84,28.44,28.72,29.69,32.13,0.79,9111558,42.74,20.65,28.71,-6.42,-10.34,False,False,"U:>15% pod maximom,T1,T2,T5,V1"
IRM,Iron Mountain Incorporated (Delaware)Common Stock REIT,33.63,Real Estate,2026-10-09,114.51,1.36,115.63,113.51,113.72,117.93,113.13,2.94,1702344,134.68,77.77,9.11,-6.42,-10.34,True,False,"T1,T2,T5,V1"
WSBC,WesBanco Inc. Common Stock,3.54,Finance,2026-10-09,36.59,-1.0,37.12,38.28,39.16,40.04,36.8,0.78,960112,43.02,29.57,9.75,-6.44,-10.36,False,False,"U:objem,T1,T2,T5,V1"
SF,Stifel Financial Corporation Common Stock,10.59,Finance,2026-10-09,70.34,0.33,70.29,72.22,74.79,78.18,77.59,1.8,1206960,89.83,67.81,-5.24,-6.46,-10.38,False,False,"U:>15% pod maximom,U:rok v strate,T1,T2,T5"
LLYVK,Liberty Live Holdings Inc. Series C Liberty Live Group Common Stock,9.06,Consumer Discretionary,2026-10-09,98.2,-0.23,99.35,98.38,98.12,101.3,96.34,2.51,293263,109.75,76.93,11.06,-6.48,-10.4,False,False,"U:objem,T1,T5,V1"
ZG,Zillow Group Inc. Class A Common Stock,6.72,Consumer Discretionary,2026-10-09,29.87,-0.1,29.98,29.74,30.84,33.05,41.84,1.21,1130512,76.32,27.25,-56.2,-6.48,-10.4,False,False,"U:>15% pod maximom,U:rok v strate,T1,T2,T5,V1"
CUBE,CubeSmart Common Shares,8.45,Real Estate,2026-10-09,37.97,1.23,37.59,38.32,38.77,39.73,39.36,0.75,2431036,43.26,35.09,-4.53,-6.5,-10.42,False,False,"U:rok v strate,T1,T2,T5"
AHR,American Healthcare REIT Inc. Common Stock,11.76,Real Estate,2026-10-09,50.8,0.71,50.94,51.66,52.62,53.74,51.08,1.0,2934941,58.7,40.0,25.31,-6.53,-10.45,True,False,"T1,T2,T5,V1"
HON,Honeywell International Inc. Common Stock,65.48,Industrials,2026-10-09,207.73,0.55,207.57,209.53,208.42,218.14,230.49,3.9,3004884,260.28,195.87,2.9,-6.53,-10.45,False,False,"U:>15% pod maximom,T1,T5"
AZZ,AZZ Inc.,4.1,Industrials,2026-10-09,136.85,0.34,139.09,136.02,135.96,140.76,136.59,3.35,244153,162.2,92.98,35.83,-6.58,-10.5,False,False,"U:objem,U:>15% pod maximom,T1,T5,V1"
CDNS,Cadence Design Systems Inc. Common Stock,96.07,Technology,2026-10-09,352.84,1.15,357.88,320.28,303.53,320.51,326.65,12.05,2421771,416.69,262.75,1.2,-6.64,-10.56,False,False,"U:>15% pod maximom,T3,T5,V1"
ONB,Old National Bancorp Common Stock,9.46,Finance,2026-10-09,24.58,-0.61,24.8,25.06,25.31,25.75,24.46,0.51,4294092,27.36,19.39,13.01,-6.65,-10.57,True,False,"T1,T2,T5,V1"
TAP,Molson Coors Beverage Company Class B Common Stock,7.07,Consumer Staples,2026-10-09,37.2,-1.9,38.05,37.28,37.77,39.72,42.99,0.97,3761169,54.82,35.52,-19.15,-6.72,-10.64,False,False,"U:>15% pod maximom,U:rok v strate,T1,T2,T5,V1"
EMN,Eastman Chemical Company Common Stock,7.29,Industrials,2026-10-09,62.69,-1.68,64.18,65.34,66.72,69.54,71.1,1.63,1153447,83.47,56.11,2.7,-6.73,-10.65,False,False,"U:>15% pod maximom,T1,T2,T5,V1"
CHWY,Chewy Inc. Class A Common Stock,7.6,Consumer Discretionary,2026-10-09,18.95,0.21,18.99,19.18,20.02,21.54,24.14,0.77,8351320,39.7,17.4,-51.56,-6.74,-10.66,False,False,"U:>15% pod maximom,U:rok v strate,T1,T2,T5,V1"
MP,MP Materials Corp. Common Stock,8.22,Basic Materials,2026-10-09,46.14,0.0,46.75,47.99,49.59,51.59,56.56,2.13,5934239,100.25,37.81,-36.17,-6.79,-10.71,False,False,"U:>15% pod maximom,U:rok v strate,T1,T2,T5,V1"
CPA,Copa Holdings S.A. Class A Common Stock,5.53,Consumer Discretionary,2026-10-09,134.23,-0.22,136.88,132.44,130.99,133.33,132.49,4.09,300407,160.47,107.44,7.93,-6.82,-10.74,False,False,"U:objem,U:>15% pod maximom,T5,V1"
LAMR,Lamar Advertising Company Class A Common Stock,14.8,Real Estate,2026-10-09,146.47,0.53,146.18,145.43,146.54,150.08,142.88,2.63,582877,166.33,114.45,23.73,-6.84,-10.76,False,False,"U:objem,T1,T2,T5"
NWN,Northwest Natural Holding Company Common Stock,2.01,Utilities,2026-10-09,47.73,-0.15,48.0,47.6,48.0,48.92,49.94,0.74,238141,55.99,43.64,9.27,-6.85,-10.77,False,False,"U:objem,T1,T2,T5,V1"
SPGI,S&P Global Inc. Common Stock,118.72,Finance,2026-10-09,407.82,1.26,403.39,400.86,406.84,414.5,422.01,8.16,1918139,522.47,361.03,-11.6,-6.86,-10.78,False,False,"U:>15% pod maximom,U:rok v strate,T1,T2,T5"
JLL,Jones Lang LaSalle Incorporated Common Stock,13.89,Finance,2026-10-09,299.87,-1.08,304.88,319.75,331.95,348.4,326.75,9.55,375834,393.84,259.83,4.15,-6.86,-10.78,False,False,"U:objem,U:>15% pod maximom,T1,T2,T5,V1"
APD,Air Products and Chemicals Inc. Common Stock,61.99,Basic Materials,2026-10-09,281.26,1.03,278.94,282.04,286.1,294.17,286.59,5.36,1074666,314.87,229.11,7.06,-6.86,-10.78,True,False,"T1,T2,T5"
ASB,Associated Banc-Corp Common Stock,5.43,Finance,2026-10-09,28.65,-0.38,28.85,29.14,29.56,30.31,28.44,0.53,1866725,32.46,23.86,9.31,-6.89,-10.81,True,False,"T1,T2,T5,V1"
MCY,Mercury General Corporation Common Stock,5.67,Finance,2026-10-09,102.75,0.45,103.37,100.78,100.82,103.3,97.8,1.95,296373,113.06,74.29,24.03,-6.9,-10.82,False,False,"U:objem,T1,T2,T5,V1"
OBDC,Blue Owl Capital Corporation Common Stock,5.02,Finance,2026-10-09,10.11,-0.59,10.18,10.7,10.97,11.09,11.34,0.22,3750869,13.57,9.81,-17.33,-6.91,-10.83,False,False,"U:>15% pod maximom,U:rok v strate,T1,T2,T5,V1"
FBK,FB Financial Corporation Common Stock,2.64,Finance,2026-10-09,52.65,-0.49,52.97,53.01,53.73,56.52,55.73,0.93,456076,62.65,49.24,-9.43,-6.93,-10.85,False,False,"U:objem,U:>15% pod maximom,U:rok v strate,T1,T2,T5,V1"
CM,Canadian Imperial Bank of Commerce Common Stock,98.22,Finance,2026-10-09,109.2,0.94,108.94,111.96,113.5,115.4,107.1,2.08,1206625,124.86,79.32,36.59,-6.96,-10.88,True,False,"T1,T2,T5"
LRN,Stride Inc. Common Stock,3.38,Real Estate,2026-10-09,85.59,5.2,81.53,79.77,80.1,81.8,84.97,2.32,859090,155.06,60.61,-40.89,-6.99,-10.91,False,False,"U:objem,U:>15% pod maximom,U:rok v strate,T2,T5"
CENTA,Central Garden & Pet Company Class A Common Stock Nonvoting,2.19,Consumer Discretionary,2026-10-09,35.0,-0.06,35.19,34.44,34.49,36.32,34.5,0.67,302147,40.8,25.97,27.88,-6.99,-10.91,False,False,"U:objem,T1,T2,T5,V1"
CBSH,Commerce Bancshares Inc. Common Stock,7.83,Finance,2026-10-09,54.39,-0.4,54.76,55.89,56.82,57.63,54.27,0.97,1015557,60.92,46.99,-2.44,-7.01,-10.93,False,False,"U:rok v strate,T1,T2,T5,V1"
FDX,FedEx Corporation Common Stock,69.04,Consumer Discretionary,2026-10-09,291.71,-0.01,292.06,293.55,299.5,311.25,300.52,5.32,1542768,345.37,180.99,52.75,-7.02,-10.94,False,False,"U:>15% pod maximom,T1,T2,T5,V1"
HII,Huntington Ingalls Industries Inc. Common Stock,10.44,Industrials,2026-10-09,264.8,-0.08,267.24,269.09,273.84,291.2,342.39,7.42,504871,460.0,256.79,-7.46,-7.04,-10.96,False,False,"U:objem,U:>15% pod maximom,U:rok v strate,T1,T2,T5,V1"
LYV,Live Nation Entertainment Inc. Common Stock,40.37,Consumer Discretionary,2026-10-09,170.33,-0.59,172.35,170.06,170.02,176.23,164.59,3.82,1933465,189.25,125.34,11.51,-7.05,-10.97,True,False,"T1,T5,V1"
FE,FirstEnergy Corp. Common Stock,25.95,Utilities,2026-10-09,45.0,0.33,45.02,44.32,44.8,45.86,47.43,0.69,4392361,52.34,42.67,-3.58,-7.08,-11.0,False,False,"U:rok v strate,T1,T2,T5,V1"
ALC,Alcon Inc. Ordinary Shares,31.55,Health Care,2026-10-09,64.11,1.55,63.29,64.89,66.03,69.0,72.86,0.95,1840079,87.64,61.83,-13.98,-7.09,-11.01,False,False,"U:>15% pod maximom,U:rok v strate,T1,T2,T5"
AFL,AFLAC Incorporated Common Stock,57.62,Finance,2026-10-09,114.54,-0.35,115.72,114.35,114.78,117.4,115.12,1.78,2070687,130.22,105.43,3.03,-7.1,-11.02,True,False,"T1,T2,T5,V1"
BFAM,Bright Horizons Family Solutions Inc. Common Stock,3.35,Consumer Discretionary,2026-10-09,69.45,0.81,69.88,65.94,65.76,69.69,76.53,1.96,820690,109.86,57.63,-28.36,-7.1,-11.02,False,False,"U:objem,U:>15% pod maximom,U:rok v strate,T1,T5,V1"
BELFB,Bel Fuse Inc. Class B Common Stock,3.5,,2026-10-09,244.5,0.82,248.52,246.35,245.32,258.27,245.64,9.23,194922,335.29,129.94,71.05,-7.13,-11.05,False,False,"U:objem,U:>15% pod maximom,T1,T5,V1"
HSY,The Hershey Company Common Stock,32.66,Consumer Staples,2026-10-09,162.74,0.12,163.43,165.07,168.01,174.39,190.28,2.93,1423212,239.48,156.16,-15.49,-7.13,-11.05,False,False,"U:>15% pod maximom,U:rok v strate,T1,T2,T5,V1"
EGP,EastGroup Properties Inc. Common Stock,10.49,Real Estate,2026-10-09,195.98,0.44,195.48,198.71,199.77,200.4,196.97,3.17,484514,226.71,166.11,14.9,-7.13,-11.05,False,False,"U:objem,T1,T2,T5"
OPLN,OPENLANE Inc. Common Stock,4.36,Consumer Discretionary,2026-10-09,36.71,2.89,35.85,34.91,34.82,35.44,33.63,0.8,1226533,42.9,24.32,37.03,-7.13,-11.05,True,False,T5
EW,Edwards Lifesciences Corporation Common Stock,48.56,Health Care,2026-10-09,85.21,1.15,85.78,86.68,86.93,88.62,85.14,2.15,3852953,96.29,72.3,13.33,-7.17,-11.09,True,False,"T1,T2,T5,V1"
ROAD,Construction Partners Inc. Class A Common Stock,5.07,Industrials,2026-10-09,86.81,-1.72,88.74,92.35,95.03,102.71,113.15,4.2,857563,151.0,85.22,-28.44,-7.17,-11.09,False,False,"U:objem,U:>15% pod maximom,U:rok v strate,T1,T2,T5,V1"
FTS,Fortis Inc. Common Shares,27.27,Utilities,2026-10-09,53.31,-0.13,53.5,53.34,53.82,54.74,55.56,0.6,802546,59.4,49.6,6.58,-7.25,-11.17,False,False,"U:objem,T1,T2,T5,V1"
CI,The Cigna Group Common Stock,74.26,Health Care,2026-10-09,282.43,0.5,282.42,275.49,276.01,277.4,280.03,7.71,1686461,312.18,239.51,-7.74,-7.25,-11.17,False,False,"U:rok v strate,T2,T5"
ACGL,Arch Capital Group Ltd. Common Stock,32.79,Finance,2026-10-09,95.57,-0.53,96.52,95.33,95.68,97.32,96.34,1.74,2772336,107.09,82.45,3.62,-7.27,-11.19,True,False,"T1,T2,T5,V1"
PGR,Progressive Corporation (The) Common Stock,127.16,Finance,2026-10-09,217.43,-0.59,220.04,212.13,212.54,214.21,208.87,4.62,2679757,245.64,189.2,-10.21,-7.27,-11.19,False,False,"U:rok v strate,T2,T5,V1"
HIW,Highwoods Properties Inc. Common Stock,3.22,Real Estate,2026-10-09,29.04,-0.48,29.61,29.88,30.21,30.77,27.24,0.76,1238157,35.44,20.45,-6.14,-7.31,-11.23,False,False,"U:>15% pod maximom,U:rok v strate,T1,T2,T5,V1"
GWW,W.W. Grainger Inc. Common Stock,59.76,Industrials,2026-10-09,1289.79,1.66,1282.97,1268.53,1271.51,1292.32,1212.87,24.58,263068,1419.91,906.52,33.17,-7.32,-11.24,False,False,"U:objem,T1,T2,T5"
UBS,UBS Group AG Registered Ordinary Shares,146.05,Finance,2026-10-09,48.13,2.27,47.17,49.12,50.85,52.05,47.07,1.14,1936957,55.99,36.29,19.94,-7.32,-11.24,True,False,"T1,T2,T5"
SXI,Standex International Corporation Common Stock,3.45,Industrials,2026-10-09,285.01,1.41,291.58,275.0,270.64,293.15,275.64,9.97,135147,363.89,215.14,29.52,-7.33,-11.25,False,False,"U:objem,U:>15% pod maximom,T1,T5,V1"
EXR,Extra Space Storage Inc Common Stock,28.12,Real Estate,2026-10-09,134.65,1.15,133.28,134.5,135.59,140.62,141.81,2.6,1298577,158.88,125.71,-5.89,-7.34,-11.26,False,False,"U:>15% pod maximom,U:rok v strate,T1,T2,T5"
PBI,Pitney Bowes Inc. Common Stock,2.33,Miscellaneous,2026-10-09,16.8,-1.06,17.0,16.71,16.81,16.92,14.36,0.42,1652717,19.07,8.95,45.71,-7.34,-11.26,True,False,"T1,T2,T5,V1"
OMC,Omnicom Group Inc. Common Stock,20.97,Consumer Discretionary,2026-10-09,76.48,0.04,76.58,76.13,77.25,81.19,78.17,1.72,2845419,89.57,66.33,-1.44,-7.35,-11.27,False,False,"U:rok v strate,T1,T2,T5,V1"
BPOP,Popular Inc. Common Stock,9.94,Finance,2026-10-09,156.29,0.32,156.84,159.31,161.65,166.7,151.03,2.88,486101,179.24,108.74,25.25,-7.36,-11.28,False,False,"U:objem,T1,T2,T5,V1"
TVTX,Travere Therapeutics Inc. Common Stock,4.91,Health Care,2026-10-09,52.12,0.16,53.44,59.39,62.39,62.02,45.48,2.43,1594968,68.73,22.59,99.94,-7.4,-11.32,False,False,"U:>15% pod maximom,T1,T2,T5,V1"
LEN,Lennar Corporation Class A Common Stock,18.46,Consumer Discretionary,2026-10-09,76.69,-1.17,77.84,79.58,80.58,82.85,93.41,3.27,3766834,133.76,73.75,-34.96,-7.42,-11.34,False,False,"U:>15% pod maximom,U:rok v strate,T1,T2,T5,V1"
BMRN,BioMarin Pharmaceutical Inc. Common Stock,10.63,Health Care,2026-10-09,54.8,-0.16,54.97,60.47,62.88,63.49,58.69,1.56,2061166,70.98,49.26,1.76,-7.43,-11.35,False,False,"U:>15% pod maximom,T1,T2,T5,V1"
ONON,On Holding AG Class A Ordinary Shares,20.54,Consumer Discretionary,2026-10-09,35.09,3.08,34.28,30.04,28.49,30.76,37.64,1.3,9038368,51.08,26.36,-18.96,-7.46,-11.38,False,False,"U:>15% pod maximom,U:rok v strate,T1,T3,T5"
TROW,T. Rowe Price Group Inc. Common Stock,22.23,Finance,2026-10-09,105.16,0.89,104.85,104.32,105.31,108.6,103.89,1.98,1660449,122.0,85.22,-0.8,-7.47,-11.39,False,False,"U:rok v strate,T1,T2,T5"
FLEX,Flex Ltd. Ordinary Shares,42.39,Technology,2026-10-09,119.83,4.44,118.64,113.27,111.69,114.68,100.98,5.34,3614536,166.86,53.07,100.96,-7.47,-11.39,False,False,"U:>15% pod maximom,T5"
FA,First Advantage Corporation Common Stock,3.22,Technology,2026-10-09,19.04,1.66,18.98,19.56,20.12,20.49,15.95,0.73,2036780,25.15,8.82,31.31,-7.48,-11.4,False,False,"U:>15% pod maximom,T1,T2,T5"
CP,Canadian Pacific Kansas City Limited Common Shares,75.26,Industrials,2026-10-09,84.46,0.13,84.74,86.61,87.97,89.94,84.89,1.5,2394295,96.9,68.42,11.53,-7.54,-11.46,True,False,"T1,T2,T5,V1"
HAL,Halliburton Company Common Stock,27.14,Energy,2026-10-09,32.55,-0.06,32.69,32.97,34.0,34.03,35.55,0.81,11090230,43.59,21.46,39.1,-7.55,-11.47,False,False,"U:>15% pod maximom,T1,T2,T5,V1"
FMX,Fomento Economico Mexicano S.A.B. de C.V. Common Stock,40.45,Consumer Staples,2026-10-09,119.24,0.43,120.79,118.94,119.12,119.91,116.75,2.61,443301,141.47,90.87,25.28,-7.57,-11.49,False,False,"U:objem,U:>15% pod maximom,T1,T2,T5,V1"
BANF,BancFirst Corporation Common Stock,3.59,Finance,2026-10-09,106.18,-0.67,107.37,107.85,109.02,110.64,111.62,2.15,133595,126.14,101.48,-14.52,-7.59,-11.51,False,False,"U:objem,U:>15% pod maximom,U:rok v strate,T1,T2,T5,V1"
SLS,SELLAS Life Sciences Group Inc. Common Stock,2.27,Health Care,2026-10-09,11.65,3.46,11.34,11.59,12.07,12.4,8.01,0.69,6504417,15.88,1.39,513.16,-7.69,-11.61,False,False,"U:>15% pod maximom,U:divoký,T1,T2,T4,T5"
LIN,Linde plc Ordinary Shares,222.05,Basic Materials,2026-10-09,483.73,0.42,486.67,471.46,467.4,477.98,487.79,8.47,2091488,548.2,387.78,5.58,-7.7,-11.62,True,False,"T1,T5,V1"
WRBY,Warby Parker Inc. Class A Common Stock,3.08,Health Care,2026-10-09,25.3,1.4,25.32,25.28,25.0,25.66,25.19,1.62,2870777,31.0,14.96,6.57,-7.7,-11.62,False,False,"U:>15% pod maximom,T1,T4,T5,V1"
INDB,Independent Bank Corp. Common Stock,3.65,Finance,2026-10-09,77.02,-0.13,78.54,80.14,81.28,82.24,80.19,1.59,367934,87.5,63.33,11.95,-7.71,-11.63,False,False,"U:objem,T1,T2,T5,V1"
WAL,Western Alliance Bancorporation Common Stock (DE),8.24,Finance,2026-10-09,74.27,-1.63,75.52,76.78,77.92,78.97,80.79,2.07,1081771,97.23,65.82,-6.61,-7.73,-11.65,False,False,"U:>15% pod maximom,U:rok v strate,T1,T2,T5,V1"
TSN,Tyson Foods Inc. Common Stock,18.41,Consumer Staples,2026-10-09,53.43,2.08,52.6,51.8,51.79,54.48,59.85,0.89,3324614,69.48,49.96,3.59,-7.75,-11.67,False,False,"U:>15% pod maximom,T1,T5"
CF,CF Industries Holdings Inc. Common Stock,17.19,Industrials,2026-10-09,111.54,-1.8,117.33,120.27,125.39,123.43,113.39,3.85,2526052,141.96,75.42,25.88,-7.76,-11.68,False,False,"U:>15% pod maximom,T1,T2,T5,V1"
PRDO,Perdoceo Education Corporation Common Stock,2.09,Real Estate,2026-10-09,33.71,0.84,33.6,31.97,32.09,32.44,33.2,1.06,724377,38.5,26.66,-3.13,-7.77,-11.69,False,False,"U:objem,U:rok v strate,T2,T5"
OTF,Blue Owl Technology Finance Corp. Common Stock,4.3,,2026-10-09,9.36,-0.32,9.43,10.09,10.49,10.72,11.51,0.23,2468838,15.0,9.14,-31.58,-7.78,-11.7,False,False,"U:>15% pod maximom,U:rok v strate,T1,T2,T5,V1"
SSD,Simpson Manufacturing Company Inc. Common Stock,7.05,Consumer Discretionary,2026-10-09,171.12,-0.48,172.48,173.2,174.22,181.7,184.68,3.63,280061,213.49,156.32,0.97,-7.8,-11.72,False,False,"U:objem,U:>15% pod maximom,T1,T2,T5,V1"
TRNO,Terreno Realty Corporation Common Stock,7.03,Finance,2026-10-09,64.79,0.48,64.65,65.32,65.62,66.81,65.39,1.06,721773,78.94,55.92,12.54,-7.81,-11.73,False,False,"U:objem,U:>15% pod maximom,T1,T2,T5"
TJX,TJX Companies Inc. (The) Common Stock,152.62,Consumer Discretionary,2026-10-09,138.76,0.01,139.15,131.63,129.22,138.91,152.11,2.73,7371414,170.0,122.78,0.14,-7.82,-11.74,False,False,"U:>15% pod maximom,T1,T5,V1"
INSM,Insmed Incorporated Common Stock,21.94,Health Care,2026-10-09,100.6,0.12,101.06,114.52,120.76,119.65,131.06,5.03,2587268,212.75,90.39,-38.81,-7.82,-11.74,False,False,"U:>15% pod maximom,U:rok v strate,T1,T2,T5,V1"
JAZZ,Jazz Pharmaceuticals plc Common Stock (Ireland),14.44,Health Care,2026-10-09,218.42,-1.81,229.33,235.82,239.57,244.39,213.42,7.29,869993,266.38,128.8,58.1,-7.83,-11.75,False,False,"U:objem,U:>15% pod maximom,T1,T2,T5,V1"
STAG,Stag Industrial Inc. Common Stock,6.92,Real Estate,2026-10-09,36.01,0.36,35.91,36.64,37.0,36.96,37.96,0.64,1668744,42.61,35.14,-1.15,-7.86,-11.78,False,False,"U:>15% pod maximom,U:rok v strate,T1,T2,T5"
FBNC,First Bancorp Common Stock,2.47,Finance,2026-10-09,59.17,-0.94,59.82,62.07,63.25,63.58,59.88,1.36,226517,66.78,45.96,17.49,-7.86,-11.78,False,False,"U:objem,T1,T2,T5,V1"
C,Citigroup Inc. Common Stock,214.85,Finance,2026-10-09,129.64,1.22,128.09,131.24,133.61,133.63,126.24,2.82,10060166,147.96,93.66,35.15,-7.87,-11.79,True,False,"T1,T2,T5"
ENO,Entergy New Orleans LLC First Mortgage Bonds 5.50% Series due April 1 2066,4.17,Utilities,2026-10-09,19.53,0.1,19.58,20.28,20.57,20.67,21.72,0.26,6732,23.48,19.38,-15.93,-7.92,-11.84,False,False,"U:objem,U:>15% pod maximom,U:rok v strate,T1,T2,T5,V1"
MCRI,Monarch Casino & Resort Inc. Common Stock,2.07,Consumer Discretionary,2026-10-09,114.34,-0.89,118.14,118.5,119.4,120.96,111.3,2.5,160449,135.93,88.13,16.7,-7.93,-11.85,False,False,"U:objem,U:>15% pod maximom,T1,T2,T5,V1"
LIVN,LivaNova PLC Ordinary Shares,4.18,Health Care,2026-10-09,76.39,0.63,76.25,77.02,77.93,78.75,71.68,2.18,646368,85.76,48.82,46.59,-7.94,-11.86,False,False,"U:objem,T1,T2,T5"
KVUE,Kenvue Inc. Common Stock,34.06,Consumer Discretionary,2026-10-09,17.7,-0.17,17.74,17.69,17.81,18.45,18.05,0.28,21960857,20.13,14.02,5.11,-7.96,-11.88,True,False,"T1,T2,T5,V1"
NXST,Nexstar Media Group Inc. Common Stock,4.99,Industrials,2026-10-09,161.45,-0.41,162.54,161.96,164.68,174.94,195.47,4.84,354609,254.3,153.17,-18.95,-7.98,-11.9,False,False,"U:objem,U:>15% pod maximom,U:rok v strate,T1,T2,T5,V1"
DUK,Duke Energy Corporation (Holding Company) Common Stock,91.1,Utilities,2026-10-09,116.65,-0.16,116.92,115.62,116.73,119.56,123.99,1.44,4140347,134.49,112.4,-6.46,-8.05,-11.97,False,False,"U:rok v strate,T1,T2,T5,V1"
GL,Globe Life Inc. Common Stock,12.76,Finance,2026-10-09,164.17,-1.15,166.94,168.27,169.81,173.3,158.02,2.85,536166,191.55,127.85,20.32,-8.09,-12.01,False,False,"U:objem,T1,T2,T5,V1"
FTV,Fortive Corporation Common Stock ,17.04,Industrials,2026-10-09,57.26,1.49,56.65,56.03,55.68,57.97,58.34,1.09,2428457,64.56,47.71,16.15,-8.1,-12.02,True,False,"T1,T5"
CWT,California Water Service Group Common Stock,2.82,Utilities,2026-10-09,45.94,0.75,46.05,46.46,47.37,48.54,46.4,0.99,483928,53.82,41.29,-1.75,-8.12,-12.04,False,False,"U:objem,U:rok v strate,T1,T2,T5,V1"
ECG,Everus Construction Group Inc. Common Stock,6.24,Consumer Discretionary,2026-10-09,122.44,0.22,124.98,118.32,116.34,123.17,124.45,5.0,502752,171.58,78.14,39.53,-8.16,-12.08,False,False,"U:objem,U:>15% pod maximom,T1,T5,V1"
TEO,Telecom Argentina SA,5.51,Telecommunications,2026-10-09,12.37,-3.36,12.99,13.04,13.19,13.26,12.53,0.61,272004,16.34,7.07,60.23,-8.17,-12.09,False,False,"U:objem,U:>15% pod maximom,T1,T2,T5,V1"
IDXX,IDEXX Laboratories Inc. Common Stock,40.43,Health Care,2026-10-09,518.0,0.95,514.51,517.23,517.32,539.43,583.41,12.0,552134,769.98,500.61,-17.61,-8.19,-12.11,False,False,"U:objem,U:>15% pod maximom,U:rok v strate,T1,T2,T5"
ELC,Entergy Louisiana Inc. Collateral Trust Mortgage Bonds 4.875 % Series due September 1 2066,3.95,Utilities,2026-10-09,18.37,-0.81,18.56,18.92,19.13,19.41,20.18,0.35,21441,21.79,18.36,-14.24,-8.2,-12.12,False,False,"U:objem,U:>15% pod maximom,U:rok v strate,T1,T2,T5,V1"
CDP,COPT Defense Properties Common Shares of Beneficial Interest,3.8,Real Estate,2026-10-09,33.48,0.03,33.57,33.94,34.4,35.56,33.22,0.64,888344,38.9,27.06,19.4,-8.2,-12.12,False,False,"U:objem,T1,T2,T5,V1"
TLK,PT Telekomunikasi Indonesia Tbk,12.76,Telecommunications,2026-10-09,12.83,-0.39,12.95,13.48,14.0,14.3,17.09,0.27,762160,23.52,12.38,-29.35,-8.23,-12.15,False,False,"U:objem,U:>15% pod maximom,U:rok v strate,T1,T2,T5,V1"
RNST,Renasant Corporation Common Stock,3.59,Finance,2026-10-09,39.01,-0.71,39.35,39.87,40.26,41.19,39.9,0.78,633809,44.54,33.04,7.61,-8.25,-12.17,False,False,"U:objem,T1,T2,T5,V1"
KEN,Kenon Holdings Ltd. Ordinary Shares,3.1,Utilities,2026-10-09,59.84,0.52,60.18,62.96,64.65,64.99,74.21,1.64,17249,95.93,47.62,21.28,-8.26,-12.18,False,False,"U:objem,U:>15% pod maximom,T1,T2,T5,V1"
TFX,Teleflex Incorporated Common Stock,5.26,Health Care,2026-10-09,125.12,0.75,124.95,125.19,127.7,132.3,124.05,3.57,665485,145.0,100.18,0.34,-8.27,-12.19,False,False,"U:objem,T1,T2,T5"
ESI,Element Solutions Inc. Common Stock,8.95,Industrials,2026-10-09,36.32,-1.06,37.01,35.17,34.72,36.0,36.28,1.3,4579100,49.25,22.86,40.72,-8.28,-12.2,False,False,"U:>15% pod maximom,T5,V1"
HIG,The Hartford Insurance Group Inc. Common Stock,35.07,Finance,2026-10-09,129.11,-0.29,130.02,128.71,130.97,134.82,135.62,2.46,1625979,146.07,120.33,-0.78,-8.29,-12.21,False,False,"U:rok v strate,T1,T2,T5,V1"
AYI,Acuity Inc. Common Stock,8.99,Consumer Discretionary,2026-10-09,298.34,-0.7,302.3,305.0,310.43,326.86,312.7,10.15,303512,380.17,257.04,-17.28,-8.3,-12.22,False,False,"U:objem,U:>15% pod maximom,U:rok v strate,T1,T2,T5,V1"
VRSK,Verisk Analytics Inc. Common Stock,22.84,Technology,2026-10-09,177.63,1.22,176.27,171.92,173.98,180.45,188.81,4.38,1383885,248.22,155.94,-26.38,-8.31,-12.23,False,False,"U:>15% pod maximom,U:rok v strate,T1,T2,T5"
OHI,Omega Healthcare Investors Inc. Common Stock,13.37,Real Estate,2026-10-09,44.41,0.61,44.31,46.02,46.63,46.66,46.51,0.79,1964811,52.39,39.26,10.47,-8.32,-12.24,False,False,"U:>15% pod maximom,T1,T2,T5"
XEL,Xcel Energy Inc. Common Stock,45.82,Utilities,2026-10-09,73.78,0.57,73.57,71.78,72.57,75.09,78.05,1.22,5376752,84.23,68.72,-9.21,-8.33,-12.25,False,False,"U:rok v strate,T1,T2,T5"
SWX,Southwest Gas Holdings Inc. Common Stock (DE),6.05,Utilities,2026-10-09,84.14,0.75,83.64,83.65,84.73,87.43,87.63,1.4,576842,94.47,76.74,6.06,-8.36,-12.28,False,False,"U:objem,T1,T2,T5"
NVR,NVR Inc. Common Stock,16.0,Consumer Discretionary,2026-10-09,5899.16,-1.72,6019.83,6153.3,6203.4,6243.48,6652.61,147.0,37149,8200.0,5501.01,-22.58,-8.37,-12.29,False,False,"U:objem,U:>15% pod maximom,U:rok v strate,T1,T2,T5,V1"
L,Loews Corporation Common Stock,22.0,Finance,2026-10-09,106.69,-0.85,107.89,106.47,107.07,109.6,109.0,1.53,845160,121.01,97.38,4.35,-8.42,-12.34,False,False,"U:objem,T1,T2,T5,V1"
USB,U.S. Bancorp Common Stock,88.86,Finance,2026-10-09,57.08,0.09,57.05,58.77,60.19,61.48,57.74,1.06,7525477,66.08,45.02,21.19,-8.44,-12.36,True,False,"T1,T2,T5"
AAUC,Allied Gold Corporation Common Shares,2.74,,2026-10-09,20.56,4.74,19.86,21.17,21.93,21.89,26.44,0.84,682636,32.2,14.6,16.16,-8.46,-12.38,False,False,"U:objem,U:>15% pod maximom,T1,T2,T5"
BTSG,BrightSpring Health Services Inc. Common Stock,12.6,Health Care,2026-10-09,63.74,0.13,64.54,58.79,58.03,59.65,52.95,1.86,3205049,73.75,27.3,121.7,-8.47,-12.39,True,False,"T5,V1"
EPR,EPR Properties Common Stock,4.17,Real Estate,2026-10-09,54.74,0.61,54.51,56.53,57.73,58.87,57.05,1.03,792976,64.97,48.11,0.77,-8.48,-12.4,False,False,"U:objem,U:>15% pod maximom,T1,T2,T5"
AXGN,Axogen Inc. Common Stock,2.12,Health Care,2026-10-09,36.13,-0.14,36.32,41.56,43.77,45.31,39.07,1.74,1204192,52.91,15.27,120.04,-8.51,-12.43,False,False,"U:>15% pod maximom,T1,T2,T5,V1"
FULT,Fulton Financial Corporation Common Stock,4.25,Finance,2026-10-09,22.1,-0.76,22.31,22.91,23.25,23.56,22.12,0.43,1676207,25.23,16.6,20.57,-8.56,-12.48,True,False,"T1,T2,T5,V1"
CRDO,Credo Technology Group Holding Ltd Ordinary Shares,39.82,Technology,2026-10-09,216.55,2.21,224.45,193.85,181.24,209.86,179.21,14.61,6977749,308.67,86.49,43.27,-8.58,-12.5,False,False,"U:>15% pod maximom,T3,T4,T5,V1"
GATX,GATX Corporation Common Stock,5.75,Consumer Discretionary,2026-10-09,164.78,1.23,163.27,175.38,178.02,176.95,179.51,4.9,226038,205.56,150.42,-3.78,-8.58,-12.5,False,False,"U:objem,U:>15% pod maximom,U:rok v strate,T1,T2,T5"
OSIS,OSI Systems Inc. Common Stock (DE),3.08,Technology,2026-10-09,194.91,0.8,196.52,197.85,199.48,209.51,243.28,5.3,230374,311.72,186.5,-21.9,-8.58,-12.5,False,False,"U:objem,U:>15% pod maximom,U:rok v strate,T1,T2,T5,V1"
SYRE,Spyre Therapeutics Inc. Common Stock,7.05,Health Care,2026-10-09,85.69,7.25,80.91,88.14,89.47,94.33,68.89,5.75,1225071,110.18,17.65,304.77,-8.58,-12.5,False,False,"U:>15% pod maximom,U:divoký,T1,T2,T4,T5"
NTRS,Northern Trust Corporation Common Stock,30.83,Finance,2026-10-09,168.21,-0.17,170.47,173.55,177.93,181.22,163.55,3.43,1069361,195.78,121.12,29.4,-8.64,-12.56,True,False,"T1,T2,T5,V1"
RGTI,Rigetti Computing Inc. Common Stock,4.72,Technology,2026-10-09,14.03,-0.78,14.61,15.52,15.7,16.16,18.09,0.81,17997263,58.15,12.53,-70.22,-8.66,-12.58,False,False,"U:>15% pod maximom,U:divoký,U:rok v strate,T1,T2,T4,T5,V1"
PPG,PPG Industries Inc. Common Stock,23.44,Consumer Discretionary,2026-10-09,103.96,-1.42,105.8,105.61,106.3,110.1,112.03,2.23,1654825,133.43,93.39,4.38,-8.68,-12.6,False,False,"U:>15% pod maximom,T1,T2,T5,V1"
BAC,Bank of America Corporation Common Stock,374.88,Finance,2026-10-09,54.32,1.32,53.61,55.88,58.05,60.07,55.28,1.02,34062123,65.23,46.12,9.1,-8.71,-12.63,False,False,"U:>15% pod maximom,T1,T2,T5"
ESS,Essex Property Trust Inc. Common Stock,17.26,Real Estate,2026-10-09,271.57,1.11,270.26,271.7,272.8,278.73,268.68,4.45,496880,303.35,238.46,4.83,-8.71,-12.63,False,False,"U:objem,T1,T2,T5"
FR,First Industrial Realty Trust Inc. Common Stock,7.86,Real Estate,2026-10-09,59.43,0.22,59.34,60.57,61.14,61.92,61.45,1.1,1030963,69.88,50.24,15.87,-8.71,-12.63,True,False,"T1,T2,T5"
LEU,Centrus Energy Corp. Class A Common Stock,2.8,Industrials,2026-10-09,142.44,0.25,146.78,145.21,151.82,166.66,198.08,7.46,696446,464.25,135.75,-61.62,-8.72,-12.64,False,False,"U:objem,U:>15% pod maximom,U:rok v strate,T1,T2,T4,T5,V1"
LAD,Lithia Motors Inc. Common Stock,6.35,Consumer Discretionary,2026-10-09,290.24,0.47,290.98,310.24,329.51,347.57,310.77,13.32,302544,439.49,239.78,-4.62,-8.72,-12.64,False,False,"U:objem,U:>15% pod maximom,U:rok v strate,T1,T2,T5,V1"
AMH,American Homes 4 Rent Common Shares of Beneficial Interest,10.95,Real Estate,2026-10-09,30.85,1.18,30.58,30.8,31.21,32.51,31.64,0.48,2542149,35.07,27.22,-5.19,-8.73,-12.65,False,False,"U:rok v strate,T1,T2,T5"
UEC,Uranium Energy Corp. Common Stock,4.53,Basic Materials,2026-10-09,9.19,0.55,9.49,9.68,10.14,10.78,12.96,0.55,8827165,20.34,8.91,-32.18,-8.74,-12.66,False,False,"U:>15% pod maximom,U:rok v strate,T1,T2,T4,T5,V1"
KRYS,Krystal Biotech Inc. Common Stock,9.69,Health Care,2026-10-09,331.61,1.32,332.11,335.17,340.42,339.7,303.61,11.68,378569,382.54,179.19,75.68,-8.76,-12.68,False,False,"U:objem,T1,T2,T5,V1"
APAM,Artisan Partners Asset Management Inc. Class A Common Stock,2.73,Finance,2026-10-09,33.46,-0.56,33.83,35.69,37.2,39.45,38.97,0.98,959823,46.53,33.02,-23.26,-8.78,-12.7,False,False,"U:objem,U:>15% pod maximom,U:rok v strate,T1,T2,T5,V1"
BKNG,Booking Holdings Inc. Common Stock,120.2,Consumer Discretionary,2026-10-09,160.34,0.23,160.68,163.35,168.51,186.27,181.21,5.52,6818244,220.81,150.14,-22.79,-8.79,-12.71,False,False,"U:>15% pod maximom,U:rok v strate,T1,T2,T5,V1"
STZ,Constellation Brands Inc. Common Stock,20.92,Consumer Staples,2026-10-09,122.64,-0.8,123.72,117.59,118.75,125.82,142.74,3.13,2192776,168.6,110.6,-14.22,-8.82,-12.74,False,False,"U:>15% pod maximom,U:rok v strate,T1,T2,T5,V1"
ELAN,Elanco Animal Health Incorporated Common Stock,11.26,Health Care,2026-10-09,22.92,1.69,22.63,22.55,22.81,23.44,23.81,0.7,6212885,27.98,19.4,14.2,-8.83,-12.75,False,False,"U:>15% pod maximom,T1,T2,T5"
MSCI,MSCI Inc. Common Stock,40.83,Consumer Discretionary,2026-10-09,565.12,0.61,562.9,550.21,549.79,559.15,572.64,11.1,625300,644.77,501.08,1.22,-8.89,-12.81,False,False,"U:objem,T1,T5"
RY,Royal Bank Of Canada Common Stock,263.82,Finance,2026-10-09,191.91,0.71,191.59,199.13,202.81,205.02,187.02,3.07,1244795,218.57,143.13,32.11,-8.91,-12.83,True,False,"T1,T2,T5"
PLD,Prologis Inc. Common Stock,122.58,Real Estate,2026-10-09,129.49,0.15,129.43,132.11,134.05,136.87,137.94,2.05,4111279,153.35,111.03,13.14,-8.91,-12.83,False,False,"U:>15% pod maximom,T1,T2,T5"
INOD,Innodata Inc. Common Stock,2.1,Technology,2026-10-09,62.04,1.37,63.31,64.23,61.87,61.7,61.71,5.51,1365490,125.14,34.23,-32.37,-8.93,-12.85,False,False,"U:>15% pod maximom,U:rok v strate,T4,T5,V1"
SNY,Sanofi ADS,98.12,Health Care,2026-10-09,40.07,-0.4,40.27,41.3,42.11,42.97,44.85,0.75,2866823,52.68,39.18,-17.92,-8.93,-12.85,False,False,"U:>15% pod maximom,U:rok v strate,T1,T2,T5,V1"
PNW,Pinnacle West Capital Corporation Common Stock,11.87,Utilities,2026-10-09,98.92,0.96,98.34,94.66,94.51,97.28,99.3,1.75,1196163,111.16,86.18,8.0,-8.94,-12.86,True,False,"T1,T5"
AX,Axos Financial Inc. Common Stock,5.03,Finance,2026-10-09,88.44,-0.02,88.93,89.24,90.88,94.74,92.32,2.11,347652,105.74,74.89,6.08,-8.97,-12.89,False,False,"U:objem,U:>15% pod maximom,T1,T2,T5,V1"
TFSL,TFS Financial Corporation Common Stock,4.54,Finance,2026-10-09,16.07,-0.74,16.25,16.6,16.82,17.21,15.75,0.32,835934,19.49,12.54,21.1,-9.0,-12.92,False,False,"U:objem,U:>15% pod maximom,T1,T2,T5,V1"
BMO,Bank Of Montreal Common Stock,111.7,Finance,2026-10-09,162.59,1.18,162.14,169.49,172.29,174.04,157.27,3.01,762265,187.22,119.84,28.62,-9.01,-12.93,False,False,"U:objem,T1,T2,T5"
STX,Seagate Technology Holdings PLC Ordinary Shares (Ireland),177.22,Technology,2026-10-09,783.0,1.05,801.95,858.81,872.51,855.24,663.81,52.79,4639479,1145.0,209.0,253.18,-9.02,-12.94,False,False,"U:>15% pod maximom,U:divoký,T1,T2,T4,T5,V1"
LPX,Louisiana-Pacific Corporation Common Stock,4.55,Basic Materials,2026-10-09,65.69,0.97,66.11,65.79,66.2,69.56,76.23,2.38,1152566,100.34,62.18,-27.09,-9.02,-12.94,False,False,"U:>15% pod maximom,U:rok v strate,T1,T2,T5,V1"
PB,Prosperity Bancshares Inc. Common Stock,8.01,Finance,2026-10-09,66.11,-0.87,66.69,68.1,69.39,71.13,70.47,1.29,990041,77.2,61.07,1.61,-9.04,-12.96,False,False,"U:objem,T1,T2,T5,V1"
CWEN,Clearway Energy Inc. Class C Common Stock,4.91,Utilities,2026-10-09,30.19,0.8,30.37,29.98,30.43,31.51,35.76,0.72,1189828,41.74,28.57,-4.64,-9.04,-12.96,False,False,"U:>15% pod maximom,U:rok v strate,T1,T2,T5,V1"
PEP,PepsiCo Inc. Common Stock,175.17,Consumer Staples,2026-10-09,125.97,-1.85,129.5,129.11,131.92,135.52,146.68,2.56,8352565,171.48,123.47,-12.95,-9.04,-12.96,False,False,"U:>15% pod maximom,U:rok v strate,T1,T2,T5,V1"
OSW,OneSpaWorld Holdings Limited Common Shares,2.39,Consumer Discretionary,2026-10-09,23.74,1.02,23.65,22.67,22.37,24.17,23.63,0.65,913595,29.25,19.06,12.51,-9.04,-12.96,False,False,"U:objem,U:>15% pod maximom,T1,T5"
BOKF,BOK Financial Corporation Common Stock,7.68,Finance,2026-10-09,125.47,-0.75,126.87,130.11,132.32,136.28,132.57,2.31,254041,146.84,102.72,9.21,-9.12,-13.04,False,False,"U:objem,T1,T2,T5,V1"
UNFI,United Natural Foods Inc. Common Stock,2.66,Consumer Discretionary,2026-10-09,44.51,1.0,44.45,45.23,45.29,46.1,44.68,1.38,582577,57.02,30.91,4.78,-9.13,-13.05,False,False,"U:objem,U:>15% pod maximom,T1,T2,T5"
SPG,Simon Property Group Inc. Common Stock,64.58,Real Estate,2026-10-09,199.42,-0.1,200.05,202.88,204.65,211.69,204.24,2.65,1287431,238.5,172.19,11.51,-9.14,-13.06,False,False,"U:>15% pod maximom,T1,T2,T5,V1"
BRO,Brown & Brown Inc. Common Stock,21.33,Finance,2026-10-09,62.88,-1.36,63.83,62.74,64.16,67.71,67.46,1.63,2344463,96.13,53.81,-34.16,-9.15,-13.07,False,False,"U:>15% pod maximom,U:rok v strate,T1,T2,T5,V1"
ELS,Equity Lifestyle Properties Inc. Common Stock,11.35,Real Estate,2026-10-09,59.01,0.87,58.61,59.46,60.11,62.21,63.58,0.95,1626115,69.0,57.46,-6.01,-9.19,-13.11,False,False,"U:rok v strate,T1,T2,T5"
ORI,Old Republic International Corporation Common Stock,9.31,Finance,2026-10-09,38.17,-0.99,38.72,38.74,39.47,40.83,40.84,0.67,1290957,46.76,36.65,-11.4,-9.21,-13.13,False,False,"U:>15% pod maximom,U:rok v strate,T1,T2,T5,V1"
PIPR,Piper Sandler Companies Common Stock,4.55,Finance,2026-10-09,65.28,1.4,64.59,69.21,72.16,73.04,78.88,2.59,655231,95.07,62.69,-21.53,-9.31,-13.23,False,False,"U:objem,U:>15% pod maximom,U:rok v strate,T1,T2,T5"
RLI,RLI Corp. Common Stock (DE),5.17,Finance,2026-10-09,55.71,-1.05,56.75,57.43,58.73,60.98,58.59,1.27,758784,67.12,47.26,-12.43,-9.36,-13.28,False,False,"U:objem,U:>15% pod maximom,U:rok v strate,T1,T2,T5,V1"
DHI,D.R. Horton Inc. Common Stock,37.99,Consumer Discretionary,2026-10-09,134.88,-0.69,136.32,138.16,139.14,142.87,148.14,3.93,2620550,170.79,131.75,-10.91,-9.39,-13.31,False,False,"U:>15% pod maximom,U:rok v strate,T1,T2,T5,V1"
PHM,PulteGroup Inc. Common Stock,21.28,Consumer Discretionary,2026-10-09,112.12,-1.24,113.78,117.19,118.7,123.25,124.48,3.12,1638522,144.5,108.49,-7.65,-9.4,-13.32,False,False,"U:>15% pod maximom,U:rok v strate,T1,T2,T5,V1"
CUZ,Cousins Properties Incorporated Common Stock,4.56,Real Estate,2026-10-09,27.62,-0.36,27.81,28.03,28.21,28.9,26.81,0.66,1498082,32.95,21.03,1.66,-9.44,-13.36,False,False,"U:>15% pod maximom,T1,T2,T5,V1"
AEP,American Electric Power Company Inc. Common Stock,66.59,Utilities,2026-10-09,122.81,0.4,122.91,120.19,120.83,122.84,127.22,1.87,3776652,140.58,112.54,5.05,-9.45,-13.37,True,False,"T1,T2,T5,V1"
FSV,FirstService Corporation Common Shares,5.6,Finance,2026-10-09,129.73,1.18,128.32,129.9,132.53,136.99,143.43,2.86,208704,189.05,119.41,-29.55,-9.46,-13.38,False,False,"U:objem,U:>15% pod maximom,U:rok v strate,T1,T2,T5"
AGCO,AGCO Corporation Common Stock,7.57,Industrials,2026-10-09,103.28,-4.49,109.6,116.56,120.44,112.93,116.52,4.32,1032592,143.78,98.22,-5.27,-9.47,-13.39,False,False,"U:>15% pod maximom,U:rok v strate,T1,T2,T5,V1"
SLM,SLM Corporation Common Stock,4.26,Finance,2026-10-09,22.52,-0.66,22.73,23.72,24.62,25.55,24.04,0.65,2273952,31.06,17.77,-14.83,-9.52,-13.44,False,False,"U:>15% pod maximom,U:rok v strate,T1,T2,T5,V1"
NAVN,Navan Inc. Class A Common Stock,6.01,Technology,2026-10-09,23.64,2.43,23.15,21.38,21.85,25.28,18.8,1.04,3391915,30.88,8.1,,-9.53,-13.45,False,False,"U:>15% pod maximom,T1,T2,T3,T5"
SFBS,ServisFirst Bancshares Inc. Common Stock,4.22,Finance,2026-10-09,38.41,-0.49,38.76,40.51,41.45,42.49,40.59,0.95,574996,46.04,33.6,-4.14,-9.54,-13.46,False,False,"U:objem,U:>15% pod maximom,U:rok v strate,T1,T2,T5,V1"
CNS,Cohen & Steers Inc Common Stock,3.64,Finance,2026-10-09,69.26,-2.05,71.2,73.03,74.57,78.23,71.65,2.09,274501,86.56,58.39,4.17,-9.55,-13.47,False,False,"U:objem,U:>15% pod maximom,T1,T2,T5,V1"
OUT,OUTFRONT Media Inc. Common Stock,5.21,Real Estate,2026-10-09,29.98,1.35,29.63,28.4,28.25,29.41,29.08,0.64,1660769,34.96,16.97,72.2,-9.56,-13.48,True,False,T5
CFG,Citizens Financial Group Inc. Common Stock,26.99,Finance,2026-10-09,63.57,-0.81,64.1,65.47,67.03,69.02,65.27,1.29,3862111,75.33,47.96,22.6,-9.65,-13.57,False,False,"U:>15% pod maximom,T1,T2,T5,V1"
TTAN,ServiceTitan Inc. Class A Common Stock,7.04,Technology,2026-10-09,72.59,-0.47,74.42,63.25,62.21,77.71,74.23,3.74,2368631,111.36,53.0,-28.48,-9.66,-13.58,False,False,"U:>15% pod maximom,U:rok v strate,T1,T3,T4,T5,V1"
UMBF,UMB Financial Corporation Common Stock,9.9,Finance,2026-10-09,130.3,-0.07,131.68,132.89,135.78,140.26,130.28,2.76,612144,153.32,103.38,9.8,-9.7,-13.62,False,False,"U:objem,U:>15% pod maximom,T1,T2,T5,V1"
IREN,IREN Limited Ordinary Shares,14.07,Finance,2026-10-09,35.19,-1.46,38.06,42.42,44.07,41.72,45.59,2.37,43020468,76.87,28.93,-44.89,-9.72,-13.64,False,False,"U:>15% pod maximom,U:rok v strate,T1,T2,T4,T5,V1"
MGY,Magnolia Oil & Gas Corporation Class A Common Stock,6.56,Energy,2026-10-09,24.1,-1.55,24.93,24.72,25.55,25.82,26.82,0.69,5186634,32.76,21.07,1.77,-9.74,-13.66,False,False,"U:>15% pod maximom,T1,T2,T5,V1"
MAS,Masco Corporation Common Stock,13.7,Industrials,2026-10-09,68.75,-1.08,70.05,68.56,68.74,71.36,70.23,1.78,2372466,83.64,58.16,2.0,-9.75,-13.67,False,False,"U:>15% pod maximom,T1,T2,T5,V1"
KTOS,Kratos Defense & Security Solutions Inc. Common Stock,7.87,Industrials,2026-10-09,42.36,1.03,42.84,45.0,46.22,50.69,68.15,2.03,3962246,134.0,40.93,-57.02,-9.8,-13.72,False,False,"U:>15% pod maximom,U:rok v strate,T1,T2,T5,V1"
OGS,ONE Gas Inc. Common Stock,4.55,Utilities,2026-10-09,72.5,0.19,72.51,73.43,75.03,77.22,80.99,1.19,545130,90.78,70.37,-9.87,-9.8,-13.72,False,False,"U:objem,U:>15% pod maximom,U:rok v strate,T1,T2,T5,V1"
CNM,Core & Main Inc. Class A Common Stock,7.69,Consumer Discretionary,2026-10-09,40.35,-0.05,40.76,41.85,42.15,43.42,48.88,1.15,2239061,59.66,39.42,-20.9,-9.81,-13.73,False,False,"U:>15% pod maximom,U:rok v strate,T1,T2,T5,V1"
ACIW,ACI Worldwide Inc. Common Stock,5.16,Technology,2026-10-09,50.87,-0.39,51.15,50.25,50.57,52.1,46.7,1.19,902147,61.08,38.05,-2.88,-9.85,-13.77,False,False,"U:objem,U:>15% pod maximom,U:rok v strate,T1,T2,T5,V1"
REG,Regency Centers Corporation Common Stock,13.09,Real Estate,2026-10-09,72.05,0.8,71.59,72.58,73.55,74.95,76.4,0.94,1315288,83.66,66.86,1.01,-9.87,-13.79,True,False,"T1,T2,T5"
BBUC,Brookfield Business Corporation Class A Subordinate Voting Shares,5.46,Consumer Discretionary,2026-10-09,26.67,1.64,26.27,25.73,25.9,27.36,31.91,0.69,327542,38.25,24.8,-24.0,-9.87,-13.79,False,False,"U:objem,U:>15% pod maximom,U:rok v strate,T1,T2,T5"
FNB,F.N.B. Corporation Common Stock,6.1,Finance,2026-10-09,17.06,-1.27,17.29,17.55,17.84,18.26,17.87,0.33,4735863,19.59,14.46,6.96,-9.88,-13.8,True,False,"T1,T2,T5,V1"
Z,Zillow Group Inc. Class C Capital Stock,6.56,Consumer Discretionary,2026-10-09,29.01,-0.55,29.28,29.07,30.18,32.37,41.73,1.18,3863315,79.4,26.67,-59.04,-9.88,-13.8,False,False,"U:>15% pod maximom,U:rok v strate,T1,T2,T5,V1"
SUPN,Supernus Pharmaceuticals Inc. Common Stock,2.45,Health Care,2026-10-09,42.67,1.26,43.41,42.73,42.62,44.33,48.03,1.42,750434,59.68,40.51,-13.82,-9.88,-13.8,False,False,"U:objem,U:>15% pod maximom,U:rok v strate,T1,T5,V1"
AEE,Ameren Corporation Common Stock,28.19,Utilities,2026-10-09,102.19,0.34,101.96,101.17,102.29,105.04,107.91,1.41,1693809,118.32,96.57,-0.79,-9.91,-13.83,False,False,"U:rok v strate,T1,T2,T5"
TDC,Teradata Corporation Common Stock,2.82,Technology,2026-10-09,30.59,0.99,30.46,29.41,28.87,28.7,29.77,0.85,2384939,41.78,20.33,40.84,-9.92,-13.84,False,False,"U:>15% pod maximom,T5"
FRME,First Merchants Corporation Common Stock,2.49,Finance,2026-10-09,39.0,-1.49,39.76,40.31,40.75,41.49,40.57,0.73,462715,45.33,34.66,4.56,-9.93,-13.85,False,False,"U:objem,T1,T2,T5,V1"
ALV,Autoliv Inc. Common Stock,8.13,Consumer Discretionary,2026-10-09,109.76,-1.14,111.05,114.44,116.96,119.1,118.78,2.89,687711,132.17,99.16,-7.8,-9.94,-13.86,False,False,"U:objem,U:>15% pod maximom,U:rok v strate,T1,T2,T5,V1"
PSA,Public Storage Common Stock,53.35,Real Estate,2026-10-09,289.86,1.52,286.86,288.77,291.99,305.55,300.2,5.35,992109,335.55,256.54,-1.41,-9.94,-13.86,False,False,"U:objem,U:rok v strate,T1,T2,T5"
IFS,Intercorp Financial Services Inc. Common Shares,5.85,Finance,2026-10-09,53.84,1.58,53.29,54.6,54.93,55.34,51.16,1.34,228393,61.38,38.29,32.64,-9.94,-13.86,False,False,"U:objem,T1,T2,T5"
ATO,Atmos Energy Corporation Common Stock,27.15,Utilities,2026-10-09,161.66,0.62,160.83,158.98,160.53,164.95,174.28,2.04,1039814,192.51,154.72,-7.59,-9.94,-13.86,False,False,"U:>15% pod maximom,U:rok v strate,T1,T2,T5"
BBT,Beacon Financial Corporation Common stock,2.3,Finance,2026-10-09,27.19,-1.06,27.64,28.75,29.7,30.48,29.78,0.57,920279,32.83,22.81,13.77,-9.94,-13.86,False,False,"U:objem,U:>15% pod maximom,T1,T2,T5,V1"
AUB,Atlantic Union Bankshares Corporation Common Stock,5.42,Finance,2026-10-09,37.8,-0.32,37.97,38.58,39.09,40.25,38.9,0.69,1119150,43.62,30.87,4.77,-10.04,-13.96,True,False,"T1,T2,T5,V1"
HIMS,Hims & Hers Health Inc. Class A Common Stock,6.55,Health Care,2026-10-09,30.92,10.19,29.62,29.03,28.59,29.45,27.39,1.85,12156696,65.3,13.74,-46.92,-10.06,-13.98,False,False,"U:>15% pod maximom,U:deň >+8%,U:divoký,U:rok v strate,T4,T5"
R,Ryder System Inc. Common Stock,9.02,Consumer Discretionary,2026-10-09,238.55,1.43,236.39,236.01,238.35,246.33,232.86,5.44,296936,284.25,157.67,29.46,-10.08,-14.0,False,False,"U:objem,U:>15% pod maximom,T1,T2,T5"
IRTC,iRhythm Holdings Inc. Common Stock,3.38,Health Care,2026-10-09,106.7,4.0,104.41,110.29,113.22,117.41,126.96,3.97,567798,212.0,100.7,-39.57,-10.09,-14.01,False,False,"U:objem,U:>15% pod maximom,U:rok v strate,T1,T2,T5"
MNST,Monster Beverage Corporation,128.27,Consumer Staples,2026-10-09,43.64,-0.02,44.12,43.39,43.36,45.01,42.53,1.01,10446628,50.17,32.94,26.44,-10.09,-14.01,True,False,"T1,T5,V1"
MAC,Macerich Company (The) Common Stock,6.3,Real Estate,2026-10-09,22.25,0.23,22.29,22.58,22.71,23.55,21.87,0.44,3350426,26.68,16.03,30.42,-10.1,-14.02,False,False,"U:>15% pod maximom,T1,T2,T5,V1"
TOL,Toll Brothers Inc. Common Stock,12.42,Consumer Discretionary,2026-10-09,133.13,-1.26,134.92,135.27,135.54,141.58,144.26,3.55,980458,168.36,123.15,3.42,-10.14,-14.06,False,False,"U:objem,U:>15% pod maximom,T1,T2,T5,V1"
SNA,Snap-On Incorporated Common Stock,18.56,Consumer Discretionary,2026-10-09,360.37,0.42,360.78,368.47,372.24,385.39,379.77,5.77,316080,423.02,320.8,8.61,-10.16,-14.08,False,False,"U:objem,T1,T2,T5,V1"
OTIS,Otis Worldwide Corporation Common Stock ,25.17,Technology,2026-10-09,65.95,-0.24,66.38,66.79,67.66,69.74,77.53,1.5,4111142,94.57,63.58,-26.49,-10.17,-14.09,False,False,"U:>15% pod maximom,U:rok v strate,T1,T2,T5,V1"
ERIE,Erie Indemnity Company Class A Common Stock,10.46,Finance,2026-10-09,222.04,-1.99,228.51,229.46,235.18,244.12,247.36,7.11,269053,330.54,204.63,-30.71,-10.17,-14.09,False,False,"U:objem,U:>15% pod maximom,U:rok v strate,T1,T2,T5,V1"
FLY,Firefly Aerospace Inc. Common Stock,3.46,Industrials,2026-10-09,20.0,-3.24,21.57,22.21,22.25,22.91,27.82,1.71,3188482,62.17,16.0,-33.47,-10.19,-14.11,False,False,"U:>15% pod maximom,U:rok v strate,T1,T2,T4,T5,V1"
Q,Qnity Electronics Inc. Common Stock,26.5,Technology,2026-10-09,126.6,-0.06,131.29,124.32,122.86,127.55,126.96,4.3,1698966,177.28,70.5,,-10.2,-14.12,False,False,"U:>15% pod maximom,T1,T5,V1"
DOO,BRP Inc. Common Subordinate Voting Shares,3.87,Consumer Discretionary,2026-10-09,52.96,-2.63,55.65,56.75,58.68,60.97,64.72,1.85,264933,81.89,48.83,-19.64,-10.22,-14.14,False,False,"U:objem,U:>15% pod maximom,U:rok v strate,T1,T2,T5,V1"
FFBC,First Financial Bancorp. Common Stock,3.28,Finance,2026-10-09,30.9,-0.96,31.33,31.7,32.05,32.65,30.51,0.64,915555,36.25,23.06,21.22,-10.23,-14.15,False,False,"U:objem,T1,T2,T5,V1"
ENJ,Entergy New Orleans LLC First Mortgage Bonds 5.0% Series due December 1 2052,8.42,Utilities,2026-10-09,18.02,-0.17,18.34,18.9,19.11,19.35,20.24,0.42,1667,22.81,17.86,-17.64,-10.26,-14.18,False,False,"U:objem,U:>15% pod maximom,U:rok v strate,T1,T2,T5,V1"
MC,Moelis & Company Class A Common Stock,4.4,Finance,2026-10-09,57.08,1.44,56.53,58.22,60.71,63.76,65.27,1.86,874804,78.22,51.06,-13.09,-10.27,-14.19,False,False,"U:objem,U:>15% pod maximom,U:rok v strate,T1,T2,T5"
MKL,Markel Group Inc. Common Stock,21.9,Finance,2026-10-09,1760.74,-0.4,1778.67,1753.02,1765.14,1796.49,1918.62,27.41,68303,2207.59,1704.17,-9.52,-10.27,-14.19,False,False,"U:objem,U:>15% pod maximom,U:rok v strate,T1,T2,T5,V1"
TDG,Transdigm Group Incorporated Common Stock,60.21,Industrials,2026-10-09,1107.99,1.72,1104.52,1097.8,1108.33,1162.06,1243.03,23.52,393739,1463.03,1071.25,-13.13,-10.28,-14.2,False,False,"U:objem,U:>15% pod maximom,U:rok v strate,T1,T2,T5"
IDA,IDACORP Inc. Common Stock,7.76,Utilities,2026-10-09,135.42,1.0,134.36,131.62,132.36,136.18,139.98,2.43,546190,154.91,124.12,0.65,-10.3,-14.22,False,False,"U:objem,T1,T2,T5"
MCHP,Microchip Technology Incorporated Common Stock,41.01,Technology,2026-10-09,75.55,0.04,77.16,76.12,74.84,76.05,79.22,2.83,9276652,105.91,48.52,14.71,-10.31,-14.23,False,False,"U:>15% pod maximom,T1,T5,V1"
MTB,M&T Bank Corporation Common Stock,31.42,Finance,2026-10-09,217.49,-0.03,217.73,222.17,227.49,235.46,224.22,3.58,1061177,255.95,174.76,15.66,-10.33,-14.25,False,False,"U:>15% pod maximom,T1,T2,T5,V1"
CSTM,Constellium SE Ordinary Shares (France),3.47,Industrials,2026-10-09,25.81,0.82,25.91,25.2,25.51,26.77,27.59,0.76,1580444,36.99,14.39,72.07,-10.41,-14.33,False,False,"U:>15% pod maximom,T1,T2,T5,V1"
CIGI,Colliers International Group Inc. Subordinate Voting Shares,4.42,Finance,2026-10-09,86.6,0.19,87.08,89.88,91.78,96.79,108.38,2.56,240011,171.51,83.7,-43.24,-10.43,-14.35,False,False,"U:objem,U:>15% pod maximom,U:rok v strate,T1,T2,T5,V1"
YUM,Yum! Brands Inc.,39.02,Consumer Discretionary,2026-10-09,144.82,1.27,144.08,139.23,140.49,145.65,153.66,2.56,2507657,170.14,134.26,1.49,-10.43,-14.35,True,False,"T1,T2,T5"
ERAS,Erasca Inc. Common Stock,5.41,Health Care,2026-10-09,16.03,3.69,15.62,14.91,15.18,16.55,14.26,0.99,4471566,24.28,2.11,554.29,-10.45,-14.37,False,False,"U:>15% pod maximom,U:divoký,T1,T2,T4,T5"
LOW,Lowe's Companies Inc. Common Stock,105.96,Consumer Discretionary,2026-10-09,186.0,-1.51,189.45,188.59,192.47,202.19,230.08,4.62,3159768,293.06,178.45,-20.74,-10.45,-14.37,False,False,"U:>15% pod maximom,U:rok v strate,T1,T2,T5,V1"
WEC,WEC Energy Group Inc. Common Stock,33.76,Utilities,2026-10-09,103.74,0.13,103.89,102.65,103.39,105.64,111.23,1.55,2443479,119.91,99.8,-8.9,-10.47,-14.39,False,False,"U:rok v strate,T1,T2,T5,V1"
COLM,Columbia Sportswear Company Common Stock,2.91,Consumer Discretionary,2026-10-09,57.04,0.49,58.19,57.29,57.29,57.58,59.43,1.53,685746,69.06,47.47,10.99,-10.48,-14.4,False,False,"U:objem,U:>15% pod maximom,T1,T2,T5,V1"
ETR,Entergy Corporation Common Stock,47.83,Utilities,2026-10-09,102.8,0.3,103.01,101.17,102.27,104.67,106.51,1.81,2676539,118.45,90.87,7.51,-10.48,-14.4,True,False,"T1,T2,T5,V1"
IBOC,International Bancshares Corporation Common Stock,4.25,Finance,2026-10-09,67.92,-0.7,68.77,69.6,70.25,71.26,71.49,1.03,334790,78.46,63.2,1.1,-10.48,-14.4,False,False,"U:objem,T1,T2,T5,V1"
WIT,Wipro Limited Common Stock,16.54,Technology,2026-10-09,1.7,1.8,1.67,1.68,1.69,1.8,2.14,0.06,8391042,3.09,1.59,-37.5,-10.53,-14.45,False,False,"U:>15% pod maximom,U:rok v strate,T1,T2,T5"
ALL,Allstate Corporation (The) Common Stock,58.32,Finance,2026-10-09,229.43,-0.52,231.49,234.07,241.02,249.65,225.22,5.16,1907914,277.22,188.08,9.78,-10.54,-14.46,False,False,"U:>15% pod maximom,T1,T2,T5,V1"
CINF,Cincinnati Financial Corporation Common Stock,25.36,Finance,2026-10-09,163.39,-1.13,165.59,164.77,166.44,169.44,167.36,2.57,649079,194.81,150.0,1.06,-10.55,-14.47,False,False,"U:objem,U:>15% pod maximom,T1,T2,T5,V1"
LAZ,Lazard Inc. Common Stock,3.49,Finance,2026-10-09,36.75,2.6,35.99,36.49,38.23,40.71,45.24,1.3,1661009,58.75,34.76,-25.26,-10.58,-14.5,False,False,"U:>15% pod maximom,U:rok v strate,T1,T2,T5"
ENS,EnerSys Common Stock,6.47,Miscellaneous,2026-10-09,179.81,0.28,182.99,180.81,179.45,185.33,190.61,5.86,531684,244.3,108.88,58.41,-10.58,-14.5,False,False,"U:objem,U:>15% pod maximom,T1,T5,V1"
FHN,First Horizon Corporation Common Stock,11.04,Finance,2026-10-09,23.08,-0.99,23.31,23.47,23.84,24.46,24.39,0.43,5360007,26.56,19.8,-1.49,-10.61,-14.53,False,False,"U:rok v strate,T1,T2,T5,V1"
PEG,Public Service Enterprise Group Incorporated Common Stock,35.81,Utilities,2026-10-09,72.28,0.61,72.15,69.29,69.75,72.39,78.65,1.3,3280679,87.63,66.15,-11.2,-10.64,-14.56,False,False,"U:>15% pod maximom,U:rok v strate,T1,T2,T5"
MDLN,Medline Inc. Class A Common Stock,46.99,Health Care,2026-10-09,36.26,1.45,35.97,34.28,33.85,34.95,40.2,1.14,7755144,50.88,31.49,,-10.65,-14.57,False,False,"U:>15% pod maximom,T1,T5"
CTRE,CareTrust REIT Inc. Common Stock,8.46,Real Estate,2026-10-09,36.03,0.67,36.05,37.05,37.77,38.66,39.05,0.61,2354709,43.62,32.79,6.57,-10.66,-14.58,False,False,"U:>15% pod maximom,T1,T2,T5,V1"
AQN,Algonquin Power & Utilities Corp. Common Shares,3.91,Utilities,2026-10-09,5.11,0.59,5.1,5.14,5.26,5.48,6.03,0.09,4098614,7.11,4.91,-11.9,-10.66,-14.58,False,False,"U:>15% pod maximom,U:rok v strate,T1,T2,T5"
SO,Southern Company (The) Common Stock,99.1,Utilities,2026-10-09,86.17,0.02,86.23,84.71,85.38,88.25,92.15,1.23,5749017,100.84,81.69,-10.36,-10.68,-14.6,False,False,"U:rok v strate,T1,T2,T5,V1"
SON,Sonoco Products Company Common Stock,4.79,Consumer Discretionary,2026-10-09,47.92,-0.99,48.9,48.96,49.27,53.07,52.09,1.1,1096184,60.67,38.65,18.53,-10.68,-14.6,False,False,"U:>15% pod maximom,T1,T2,T5,V1"
NP,Neptune Insurance Holdings Inc. Class A Common Stock,3.9,Finance,2026-10-09,28.74,1.05,28.68,28.4,29.41,30.83,27.41,1.18,577214,35.15,14.78,4.74,-10.69,-14.61,False,False,"U:objem,U:>15% pod maximom,T1,T2,T5"
WCN,Waste Connections Inc. Common Shares,39.48,Utilities,2026-10-09,152.83,-1.2,156.58,155.36,157.2,161.52,163.45,2.86,1267615,179.74,146.89,-10.21,-10.71,-14.63,False,False,"U:rok v strate,T1,T2,T5,V1"
RDN,Radian Group Inc. Common Stock,4.52,Finance,2026-10-09,33.93,-0.7,34.28,33.8,34.37,35.65,35.27,0.98,1447514,41.05,30.53,0.3,-10.73,-14.65,False,False,"U:>15% pod maximom,T1,T2,T5,V1"
SOBO,South Bow Corporation Common Shares,7.06,Energy,2026-10-09,33.22,-1.83,33.91,34.36,35.16,35.89,33.87,0.76,632404,39.02,25.01,20.58,-10.77,-14.69,False,False,"U:objem,T1,T2,T5,V1"
RCI,Rogers Communication Inc. Common Stock,16.77,Telecommunications,2026-10-09,29.78,-4.06,31.06,32.54,34.07,34.59,36.07,0.92,1339400,41.14,29.26,-17.73,-10.78,-14.7,False,False,"U:>15% pod maximom,U:rok v strate,T1,T2,T5,V1"
KAI,Kadant Inc Common Stock,3.08,Industrials,2026-10-09,260.43,-0.05,260.79,267.03,273.65,294.5,309.03,8.18,143998,354.07,244.87,-9.05,-10.79,-14.71,False,False,"U:objem,U:>15% pod maximom,U:rok v strate,T1,T2,T5,V1"
ESLT,Elbit Systems Ltd. Ordinary Shares,30.93,Industrials,2026-10-09,655.74,-1.41,671.31,713.57,722.95,742.42,777.03,18.6,79149,1016.06,453.0,29.88,-10.83,-14.75,False,False,"U:objem,U:>15% pod maximom,T1,T2,T5,V1"
COLD,Americold Realty Trust Inc. Common Stock,3.94,Real Estate,2026-10-09,13.99,1.3,13.89,14.34,14.4,14.52,13.71,0.47,3658028,16.88,10.1,4.4,-10.83,-14.75,False,False,"U:>15% pod maximom,T1,T2,T5"
ATRO,Astronics Corporation Common Stock,2.77,Industrials,2026-10-09,64.22,-0.36,66.04,67.52,69.74,73.74,65.21,2.57,597130,94.46,33.12,74.82,-10.84,-14.76,False,False,"U:objem,U:>15% pod maximom,T1,T2,T5,V1"
FISV,Fiserv Inc. Common Stock,24.43,Consumer Discretionary,2026-10-09,45.63,-0.67,46.03,46.64,47.86,50.2,56.19,1.28,7186379,128.78,43.87,-63.93,-10.84,-14.76,False,False,"U:>15% pod maximom,U:rok v strate,T1,T2,T5,V1"
EE,Excelerate Energy Inc. Class A Common Stock,3.93,Utilities,2026-10-09,34.76,0.26,35.21,34.4,35.53,36.73,35.69,1.08,381033,43.17,24.89,26.22,-10.87,-14.79,False,False,"U:objem,U:>15% pod maximom,T1,T2,T5,V1"
PECO,Phillips Edison & Company Inc. Common Stock,4.81,Real Estate,2026-10-09,37.57,0.48,37.46,37.44,37.79,38.89,39.0,0.62,973804,44.38,32.98,11.38,-10.87,-14.79,False,False,"U:objem,U:>15% pod maximom,T1,T2,T5"
VTR,Ventas Inc. Common Stock,41.94,Real Estate,2026-10-09,82.04,0.34,82.25,85.4,87.54,89.08,85.97,1.72,3505707,101.6,66.93,21.2,-10.88,-14.8,False,False,"U:>15% pod maximom,T1,T2,T5,V1"
CURB,Curbline Properties Corp. Common Stock,3.13,Finance,2026-10-09,27.01,-0.77,27.33,28.21,28.7,29.17,27.89,0.62,1425598,32.15,22.25,19.73,-10.89,-14.81,False,False,"U:>15% pod maximom,T1,T2,T5,V1"
INDV,Indivior Pharmaceuticals Inc. Common Stock,4.18,Health Care,2026-10-09,35.83,1.07,36.35,35.64,35.32,36.37,35.74,0.96,2142546,42.81,22.95,48.36,-10.89,-14.81,False,False,"U:>15% pod maximom,T1,T5,V1"
PPLI,People Incorporated Common Stock,3.05,Technology,2026-10-09,40.89,-0.1,41.03,39.17,38.4,39.56,40.58,1.49,1117860,48.32,29.56,22.39,-10.9,-14.82,False,False,"U:>15% pod maximom,T5,V1"
AJG,Arthur J. Gallagher & Co. Common Stock,59.99,Finance,2026-10-09,232.7,-0.58,234.79,233.76,238.31,246.9,232.38,6.17,1396652,307.11,190.75,-23.01,-10.92,-14.84,False,False,"U:>15% pod maximom,U:rok v strate,T1,T2,T5,V1"
INVH,Invitation Homes Inc. Common Stock,15.64,Finance,2026-10-09,26.79,1.17,26.57,26.71,27.13,28.41,27.83,0.45,4627836,30.89,24.25,-4.32,-11.03,-14.95,False,False,"U:rok v strate,T1,T2,T5"
EFSC,Enterprise Financial Services Corporation Common Stock,2.15,Finance,2026-10-09,58.59,-1.25,59.64,60.5,61.7,63.1,60.2,1.09,244868,68.73,51.18,3.1,-11.05,-14.97,False,False,"U:objem,T1,T2,T5,V1"
CNA,CNA Financial Corporation Common Stock,12.63,Finance,2026-10-09,46.17,-1.11,46.95,46.75,47.13,48.7,47.64,0.94,489833,55.71,41.53,0.22,-11.06,-14.98,False,False,"U:objem,U:>15% pod maximom,T1,T2,T5,V1"
VIRT,Virtu Financial Inc. Class A Common Stock,8.97,Finance,2026-10-09,57.51,-0.52,59.22,56.78,57.48,59.52,50.45,2.66,1312974,68.76,31.55,73.12,-11.07,-14.99,False,False,"U:>15% pod maximom,T1,T2,T5,V1"
RKLB,Rocket Lab Corporation Common Stock,42.94,Industrials,2026-10-09,68.21,-0.28,71.65,69.72,67.8,70.53,81.61,3.92,19314865,151.0,37.57,2.69,-11.1,-15.02,False,False,"U:>15% pod maximom,U:divoký,T1,T4,T5,V1"
FIBK,First Interstate BancSystem Inc. Common Stock (DE),3.33,Finance,2026-10-09,34.52,-1.2,35.03,36.21,36.73,37.08,36.28,0.69,1179088,40.6,29.1,10.11,-11.1,-15.02,True,False,"T1,T2,T5,V1"
GEN,Gen Digital Inc. Common Stock,13.62,Technology,2026-10-09,23.25,2.2,22.88,25.06,26.91,27.56,24.48,1.36,7771468,31.65,17.78,-14.02,-11.12,-15.04,False,False,"U:>15% pod maximom,U:rok v strate,T1,T2,T4,T5"
VFC,V.F. Corporation Common Stock,5.71,Industrials,2026-10-09,15.0,3.23,14.6,13.83,13.46,13.98,17.09,0.53,7795231,22.27,12.46,7.91,-11.14,-15.06,False,False,"U:>15% pod maximom,T1,T5"
GD,General Dynamics Corporation Common Stock,89.26,Industrials,2026-10-09,331.27,0.42,331.3,340.5,346.9,363.88,354.99,6.32,1144500,400.0,306.77,-3.36,-11.14,-15.06,False,False,"U:>15% pod maximom,U:rok v strate,T1,T2,T5,V1"
SQM,Sociedad Quimica y Minera S.A. Common Stock,18.43,Industrials,2026-10-09,63.91,-0.95,64.95,66.99,69.24,71.89,76.68,1.65,966076,98.0,40.58,47.87,-11.16,-15.08,False,False,"U:objem,U:>15% pod maximom,T1,T2,T5,V1"
MDGL,Madrigal Pharmaceuticals Inc. Common Stock,11.02,Health Care,2026-10-09,471.75,-1.08,492.33,509.9,523.05,518.29,508.55,16.3,289565,615.0,393.61,10.14,-11.16,-15.08,False,False,"U:objem,U:>15% pod maximom,T1,T2,T5,V1"
ZION,Zions Bancorporation N.A. Common Stock,9.16,Finance,2026-10-09,62.49,-0.38,62.78,63.95,65.43,67.22,63.46,1.24,1511184,73.34,46.19,11.93,-11.19,-15.11,True,False,"T1,T2,T5,V1"
THO,Thor Industries Inc. Common Stock,3.41,Industrials,2026-10-09,63.87,-3.39,66.4,69.51,71.37,74.21,84.58,2.42,698579,122.83,63.73,-37.54,-11.24,-15.16,False,False,"U:objem,U:>15% pod maximom,U:rok v strate,T1,T2,T5,V1"
TFC,Truist Financial Corporation Common Stock,56.41,Finance,2026-10-09,46.11,-0.15,46.24,47.4,48.53,49.77,49.7,0.88,7325284,56.2,40.78,4.2,-11.24,-15.16,False,False,"U:>15% pod maximom,T1,T2,T5,V1"
RUSHA,Rush Enterprises Inc. Common Stock Cl A,5.27,Consumer Discretionary,2026-10-09,44.52,-1.42,45.44,47.39,48.27,50.19,46.94,1.16,678908,55.74,30.45,32.21,-11.24,-15.16,False,False,"U:objem,U:>15% pod maximom,T1,T2,T5,V1"
TTMI,TTM Technologies Inc. Common Stock,12.38,Technology,2026-10-09,121.01,2.99,129.88,123.33,123.1,124.09,126.71,7.59,2414444,223.83,53.36,114.1,-11.24,-15.16,False,False,"U:>15% pod maximom,U:divoký,T1,T4,T5,V1"
PRI,Primerica Inc. Common Stock,8.48,Finance,2026-10-09,275.29,-0.04,277.68,280.11,283.82,294.15,277.24,5.31,185549,327.28,230.09,2.31,-11.26,-15.18,False,False,"U:objem,U:>15% pod maximom,T1,T2,T5,V1"
NOC,Northrop Grumman Corporation Common Stock,68.83,Industrials,2026-10-09,480.72,-0.78,486.94,503.15,512.61,531.9,596.09,11.58,855661,774.0,470.06,-24.3,-11.28,-15.2,False,False,"U:objem,U:>15% pod maximom,U:rok v strate,T1,T2,T5,V1"
COLB,Columbia Banking System Inc. Common Stock,8.07,Finance,2026-10-09,28.37,-0.56,28.55,29.18,29.59,30.25,29.81,0.61,2916852,33.68,23.83,10.56,-11.29,-15.21,False,False,"U:>15% pod maximom,T1,T2,T5,V1"
WTFC,Wintrust Financial Corporation Common Stock,9.73,Finance,2026-10-09,143.25,-0.66,144.68,145.55,147.55,151.78,149.98,3.09,566230,167.22,119.61,9.0,-11.3,-15.22,False,False,"U:objem,T1,T2,T5,V1"
UAL,United Airlines Holdings Inc. Common Stock,34.87,Consumer Discretionary,2026-10-09,107.46,0.02,109.57,110.52,110.32,114.68,109.03,3.98,3872298,138.77,84.64,6.04,-11.31,-15.23,False,False,"U:>15% pod maximom,T1,T5,V1"
EXC,Exelon Corporation Common Stock,43.08,Utilities,2026-10-09,41.76,0.07,41.77,41.36,41.87,43.34,45.58,0.66,7781934,50.65,39.73,-10.5,-11.32,-15.24,False,False,"U:>15% pod maximom,U:rok v strate,T1,T2,T5,V1"
PHVS,Pharvaris N.V. Ordinary Shares,2.17,Health Care,2026-10-09,31.1,-0.06,31.57,33.56,35.1,34.77,30.6,1.35,720330,43.25,20.65,36.16,-11.32,-15.24,False,False,"U:objem,U:>15% pod maximom,T1,T2,T5,V1"
MBX,MBX Biosciences Inc. Common Stock,2.56,Health Care,2026-10-09,53.24,-0.02,53.77,58.21,59.77,62.44,44.14,3.67,527420,72.64,12.94,235.69,-11.33,-15.25,False,False,"U:objem,U:>15% pod maximom,U:divoký,T1,T2,T4,T5,V1"
PHG,Koninklijke Philips N.V. NY Registry Shares,23.88,Health Care,2026-10-09,24.24,-0.25,24.31,24.53,24.77,25.75,27.37,0.43,1052004,33.44,23.62,-13.52,-11.34,-15.26,False,False,"U:>15% pod maximom,U:rok v strate,T1,T2,T5,V1"
RYAN,Ryan Specialty Holdings Inc. Class A Common Stock,9.67,Finance,2026-10-09,37.01,-2.06,38.17,38.32,38.84,40.84,39.7,1.48,1971504,58.94,29.28,-33.47,-11.37,-15.29,False,False,"U:>15% pod maximom,U:rok v strate,T1,T2,T5,V1"
FFIN,First Financial Bankshares Inc. Common Stock,4.5,Finance,2026-10-09,30.77,-2.1,31.65,32.22,32.62,33.35,32.55,0.64,762311,36.52,28.12,-8.8,-11.38,-15.3,False,False,"U:objem,U:>15% pod maximom,U:rok v strate,T1,T2,T5,V1"
KMB,Kimberly-Clark Corporation Common Stock,32.51,Consumer Discretionary,2026-10-09,97.59,-0.15,97.87,97.49,98.45,103.74,102.49,1.85,3892706,123.09,92.42,-18.37,-11.43,-15.35,False,False,"U:>15% pod maximom,U:rok v strate,T1,T2,T5,V1"
FITB,Fifth Third Bancorp Common Stock,45.98,Finance,2026-10-09,50.64,-0.12,50.79,51.83,52.8,54.21,51.75,1.0,6009236,59.5,40.05,15.64,-11.44,-15.36,True,False,"T1,T2,T5,V1"
RYN,Rayonier Inc. REIT Common Stock,5.53,Real Estate,2026-10-09,18.98,2.04,18.62,19.13,19.64,20.3,21.2,0.47,3390242,26.75,17.71,-27.67,-11.52,-15.44,False,False,"U:>15% pod maximom,U:rok v strate,T1,T2,T5"
FUL,H. B. Fuller Company Common Stock,2.72,Industrials,2026-10-09,49.56,-1.74,50.67,50.17,50.72,54.55,59.12,1.95,776963,68.63,46.7,-14.83,-11.59,-15.51,False,False,"U:objem,U:>15% pod maximom,U:rok v strate,T1,T2,T5,V1"
BELFA,Bel Fuse Inc. Class A Common Stock,2.82,,2026-10-09,195.38,0.13,198.83,199.72,200.53,211.41,215.32,6.94,128825,293.51,110.67,69.15,-11.6,-15.52,False,False,"U:objem,U:>15% pod maximom,T1,T2,T5,V1"
UNH,UnitedHealth Group Incorporated Common Stock (DE),332.96,Health Care,2026-10-09,379.3,2.25,376.45,374.92,378.78,389.18,357.53,8.87,5011222,461.62,255.97,3.16,-11.6,-15.52,False,False,"U:>15% pod maximom,T1,T2,T5"
TRP,TC Energy Corporation Common Stock,59.98,Utilities,2026-10-09,60.05,0.12,60.18,59.83,60.51,61.86,63.21,1.16,2642666,71.47,49.27,13.95,-11.61,-15.53,False,False,"U:>15% pod maximom,T1,T2,T5,V1"
NYT,New York Times Company (The) Common Stock,10.69,Consumer Discretionary,2026-10-09,66.32,-0.42,66.68,66.09,66.56,66.72,73.54,2.66,2502485,87.1,54.1,19.91,-11.62,-15.54,False,False,"U:>15% pod maximom,T1,T2,T5,V1"
GPGI,GPGI Inc. Class A Common Stock,3.59,Finance,2026-10-09,12.6,1.61,12.76,12.32,12.47,13.11,16.46,0.64,1523811,26.78,11.16,-37.93,-11.64,-15.56,False,False,"U:>15% pod maximom,U:rok v strate,T1,T2,T4,T5,V1"
PSMT,PriceSmart Inc. Common Stock,5.16,Consumer Discretionary,2026-10-09,168.88,0.99,170.94,170.24,170.66,174.02,163.41,3.96,236571,199.84,111.68,42.48,-11.64,-15.56,False,False,"U:objem,U:>15% pod maximom,T1,T2,T5,V1"
BA,Boeing Company (The) Common Stock,148.39,Industrials,2026-10-09,190.37,1.4,187.78,195.19,199.97,209.76,220.24,6.11,6701639,254.35,176.77,-11.87,-11.67,-15.59,False,False,"U:>15% pod maximom,U:rok v strate,T1,T2,T5"
CPNG,Coupang Inc. Class A Common Stock,27.7,Consumer Discretionary,2026-10-09,15.82,2.66,15.48,14.4,14.4,15.37,17.92,0.47,17697419,32.7,13.35,-51.28,-11.72,-15.64,False,False,"U:>15% pod maximom,U:rok v strate,T1,T2,T5"
TPL,Texas Pacific Land Corporation Common Stock,24.68,Energy,2026-10-09,360.98,0.89,360.96,347.81,352.27,360.72,398.49,11.98,359515,547.2,269.23,19.03,-11.72,-15.64,False,False,"U:objem,U:>15% pod maximom,T1,T2,T5"
KHC,The Kraft Heinz Company Common Stock,26.66,Consumer Staples,2026-10-09,22.27,-0.93,22.59,23.38,24.01,24.54,23.88,0.54,17512634,28.09,21.03,-11.06,-11.73,-15.65,False,False,"U:>15% pod maximom,U:rok v strate,T1,T2,T5,V1"
KIM,Kimco Realty Corporation (HC) Common Stock,14.82,Real Estate,2026-10-09,22.16,0.32,22.15,22.39,22.74,23.45,23.32,0.3,4824861,26.65,19.76,4.38,-11.75,-15.67,False,False,"U:>15% pod maximom,T1,T2,T5"
GIS,General Mills Inc. Common Stock,17.43,Consumer Staples,2026-10-09,32.29,-0.92,32.7,34.09,35.31,36.71,38.41,1.01,9674684,49.96,31.18,-34.38,-11.78,-15.7,False,False,"U:>15% pod maximom,U:rok v strate,T1,T2,T5,V1"
WM,Waste Management Inc. Common Stock,83.98,Utilities,2026-10-09,208.83,-0.6,211.23,208.87,210.82,217.1,224.59,3.07,2083752,248.13,194.11,-4.0,-11.78,-15.7,False,False,"U:>15% pod maximom,U:rok v strate,T1,T2,T5,V1"
BKU,BankUnited Inc. Common Stock,3.04,Finance,2026-10-09,42.28,-0.77,42.69,43.44,44.13,45.28,46.5,0.85,893404,52.11,35.1,5.65,-11.79,-15.71,False,False,"U:objem,U:>15% pod maximom,T1,T2,T5,V1"
CLX,Clorox Company (The) Common Stock,10.09,Consumer Discretionary,2026-10-09,83.8,0.43,83.76,83.55,85.35,94.13,100.97,2.21,2889828,128.9,79.12,-30.17,-11.84,-15.76,False,False,"U:>15% pod maximom,U:rok v strate,T1,T2,T5"
CROX,Crocs Inc. Common Stock,5.6,Consumer Discretionary,2026-10-09,114.98,-1.59,117.82,119.56,118.5,122.91,107.15,4.06,1040730,141.28,73.21,43.03,-11.87,-15.79,False,False,"U:>15% pod maximom,T1,T5,V1"
DOV,Dover Corporation Common Stock,25.45,Industrials,2026-10-09,188.83,-0.07,189.6,188.99,189.3,196.34,209.87,3.68,1188990,237.54,158.97,16.35,-11.87,-15.79,False,False,"U:>15% pod maximom,T1,T2,T5,V1"
AMAT,Applied Materials Inc. Common Stock,404.39,Technology,2026-10-09,507.03,-0.5,523.34,484.12,468.97,489.94,434.32,16.86,6876014,739.67,203.4,130.15,-11.88,-15.8,False,False,"U:>15% pod maximom,T5,V1"
MTX,Minerals Technologies Inc. Common Stock,2.01,Basic Materials,2026-10-09,63.6,-1.7,65.34,66.5,67.7,70.02,71.47,1.3,205438,84.34,53.94,6.0,-11.89,-15.81,False,False,"U:objem,U:>15% pod maximom,T1,T2,T5,V1"
MWA,MUELLER WATER PRODUCTS Common Stock,3.37,Industrials,2026-10-09,21.67,0.51,21.65,21.85,22.4,23.78,26.06,0.42,1241625,31.0,20.9,-13.8,-11.91,-15.83,False,False,"U:>15% pod maximom,U:rok v strate,T1,T2,T5"
BXP,BXP Inc. Common Stock,9.47,Real Estate,2026-10-09,59.05,-0.46,59.72,61.94,63.4,65.67,62.61,1.38,1384701,74.96,49.72,-17.35,-11.92,-15.84,False,False,"U:>15% pod maximom,U:rok v strate,T1,T2,T5,V1"
CGON,CG Oncology Inc. Common stock,5.61,Health Care,2026-10-09,63.82,0.89,63.71,70.23,72.35,73.27,64.55,3.65,879674,80.97,35.8,43.54,-11.97,-15.89,False,False,"U:objem,U:>15% pod maximom,T1,T2,T4,T5"
GNTX,Gentex Corporation Common Stock,4.46,Consumer Discretionary,2026-10-09,21.04,-0.52,21.2,22.01,22.38,22.82,23.33,0.44,2385893,26.99,20.48,-19.79,-12.0,-15.92,False,False,"U:>15% pod maximom,U:rok v strate,T1,T2,T5,V1"
KLAC,KLA Corporation Common Stock,256.72,Technology,2026-10-09,195.57,-0.58,202.22,188.35,184.44,187.98,179.71,7.29,10046914,307.37,98.1,85.64,-12.0,-15.92,False,False,"U:>15% pod maximom,T5,V1"
SKT,Tanger Inc. Common Stock,3.98,Real Estate,2026-10-09,35.08,1.36,34.7,35.16,35.69,37.09,36.54,0.63,911931,42.53,31.13,7.25,-12.01,-15.93,False,False,"U:objem,U:>15% pod maximom,T1,T2,T5"
ABCB,Ameris Bancorp Common Stock,5.35,Finance,2026-10-09,79.02,-0.8,79.74,81.61,82.94,84.66,83.43,1.44,434200,93.22,68.8,6.94,-12.02,-15.94,False,False,"U:objem,U:>15% pod maximom,T1,T2,T5,V1"
MCHB,Mechanics Bancorp Class A Common Stock,3.2,Finance,2026-10-09,14.26,-1.72,14.59,15.02,15.24,15.79,15.23,0.3,577176,17.38,12.82,5.94,-12.08,-16.0,False,False,"U:objem,U:>15% pod maximom,T1,T2,T5,V1"
KRC,Kilroy Realty Corporation Common Stock,3.98,Real Estate,2026-10-09,34.25,0.18,34.37,34.09,34.52,35.73,34.74,0.71,1316455,43.58,27.36,-15.39,-12.09,-16.01,False,False,"U:>15% pod maximom,U:rok v strate,T1,T2,T5,V1"
MDU,MDU Resources Group Inc. Common Stock (Holding Company),3.96,Industrials,2026-10-09,18.74,-0.37,18.9,18.65,18.82,19.51,20.65,0.33,1668788,22.98,18.24,0.11,-12.1,-16.02,False,False,"U:>15% pod maximom,T1,T2,T5,V1"
F,Ford Motor Company Common Stock,47.98,Industrials,2026-10-09,12.17,-0.65,12.28,12.71,13.15,13.52,13.46,0.29,47533109,17.78,11.11,5.83,-12.13,-16.05,False,False,"U:>15% pod maximom,T1,T2,T5,V1"
OZK,Bank OZK Common Stock,5.08,Finance,2026-10-09,44.41,-1.0,44.99,46.61,47.72,48.85,48.42,1.06,1240804,53.39,42.37,-13.52,-12.2,-16.12,False,False,"U:>15% pod maximom,U:rok v strate,T1,T2,T5,V1"
ES,Eversource Energy (D/B/A) Common Stock,24.74,Utilities,2026-10-09,65.73,0.06,65.78,65.63,66.82,69.03,70.09,1.06,2311150,76.57,62.72,-9.2,-12.2,-16.12,False,False,"U:rok v strate,T1,T2,T5,V1"
VNO,Vornado Realty Trust Common Stock,6.31,Real Estate,2026-10-09,33.63,-0.53,33.98,34.27,34.69,36.56,33.35,0.92,1434496,41.6,24.57,-14.86,-12.22,-16.14,False,False,"U:>15% pod maximom,U:rok v strate,T1,T2,T5,V1"
UFPI,UFP Industries Inc. Common Stock,4.22,Basic Materials,2026-10-09,74.21,-2.93,76.82,79.05,80.37,84.19,90.71,2.34,442447,118.0,74.02,-17.56,-12.23,-16.15,False,False,"U:objem,U:>15% pod maximom,U:rok v strate,T1,T2,T5,V1"
NVST,Envista Holdings Corporation Common Stock,3.65,Health Care,2026-10-09,23.0,1.23,22.84,23.73,24.55,25.96,25.69,0.61,2749019,30.42,18.77,13.92,-12.28,-16.2,False,False,"U:>15% pod maximom,T1,T2,T5"
VMRK,Vivmark Residential Common Shares of Beneficial Interest,47.23,Real Estate,2026-10-09,61.16,1.97,60.22,61.55,62.86,64.13,64.02,1.2,5071863,71.5,57.57,-1.31,-12.28,-16.2,False,False,"U:rok v strate,T1,T2,T5"
IRT,Independence Realty Trust Inc. Common Stock,3.45,Real Estate,2026-10-09,14.77,0.89,14.65,14.74,14.96,15.78,16.26,0.29,3248625,17.79,14.33,-8.71,-12.29,-16.21,False,False,"U:>15% pod maximom,U:rok v strate,T1,T2,T5"
H,Hyatt Hotels Corporation Class A Common Stock,15.02,Consumer Discretionary,2026-10-09,161.94,1.57,160.37,158.9,159.66,167.36,169.28,4.38,794557,206.86,134.18,11.07,-12.33,-16.25,False,False,"U:objem,U:>15% pod maximom,T1,T2,T5"
SNN,Smith & Nephew SNATS Inc. Common Stock,11.29,Health Care,2026-10-09,27.24,1.04,26.97,27.2,27.44,28.53,31.35,0.46,1641993,37.51,26.12,-23.74,-12.36,-16.28,False,False,"U:>15% pod maximom,U:rok v strate,T1,T2,T5"
XPO,XPO Inc. Common Stock,21.3,Consumer Discretionary,2026-10-09,183.47,0.84,184.26,178.6,179.59,189.03,193.6,5.62,1023177,232.05,121.48,33.27,-12.4,-16.32,False,False,"U:>15% pod maximom,T1,T2,T5,V1"
BCE,BCE Inc. Common Stock,18.61,Telecommunications,2026-10-09,18.78,-5.91,20.07,20.97,21.94,22.31,23.7,0.47,4013722,26.52,18.68,-19.88,-12.45,-16.37,False,False,"U:>15% pod maximom,U:rok v strate,T1,T2,T5,V1"
NEE,NextEra Energy Inc. Common Stock,161.39,Utilities,2026-10-09,77.38,0.01,77.62,77.93,79.37,81.9,87.33,1.36,11302453,98.75,74.41,-7.56,-12.45,-16.37,False,False,"U:>15% pod maximom,U:rok v strate,T1,T2,T5,V1"
MHO,M/I Homes Inc. Common Stock,3.29,Consumer Discretionary,2026-10-09,127.82,-1.81,130.66,136.58,139.59,144.06,138.17,3.81,206817,163.66,116.78,-3.83,-12.49,-16.41,False,False,"U:objem,U:>15% pod maximom,U:rok v strate,T1,T2,T5,V1"
BG,Bunge Limited Common Shares,20.71,Consumer Staples,2026-10-09,102.73,-4.72,108.74,110.83,114.94,112.99,116.51,3.06,1604422,134.87,79.11,26.41,-12.5,-16.42,False,False,"U:>15% pod maximom,T1,T2,T5,V1"
CNP,CenterPoint Energy Inc (Holding Co) Common Stock,25.31,Utilities,2026-10-09,38.6,0.47,38.6,37.78,38.08,39.16,41.39,0.6,6436787,45.26,36.37,-1.3,-12.53,-16.45,False,False,"U:rok v strate,T1,T2,T5,V1"
CACC,Credit Acceptance Corporation Common Stock,5.63,Finance,2026-10-09,547.6,0.88,544.69,555.45,571.16,576.35,531.84,17.65,119707,668.86,401.9,11.1,-12.54,-16.46,False,False,"U:objem,U:>15% pod maximom,T1,T2,T5"
TTWO,Take-Two Interactive Software Inc. Common Stock,39.15,Technology,2026-10-09,213.44,1.94,212.33,207.03,208.97,222.52,223.59,5.35,2361931,265.94,187.63,-16.85,-12.56,-16.48,False,False,"U:>15% pod maximom,U:rok v strate,T1,T2,T5"
GRBK,Green Brick Partners Inc. Common Stock,2.74,Consumer Discretionary,2026-10-09,62.86,-1.23,64.44,66.69,67.82,69.42,69.81,1.79,316568,83.18,60.44,-2.06,-12.57,-16.49,False,False,"U:objem,U:>15% pod maximom,U:rok v strate,T1,T2,T5,V1"
RBLX,Roblox Corporation Class A Common Stock,32.52,Technology,2026-10-09,48.09,5.65,45.94,46.62,46.26,42.16,54.46,2.49,12345436,141.95,33.88,-61.96,-12.61,-16.53,False,False,"U:>15% pod maximom,U:divoký,U:rok v strate,T1,T4,T5"
PJT,PJT Partners Inc. Class A Common Stock,5.57,Finance,2026-10-09,137.28,1.09,137.95,146.36,155.84,163.51,159.08,4.72,441631,195.62,127.73,-20.4,-12.63,-16.55,False,False,"U:objem,U:>15% pod maximom,U:rok v strate,T1,T2,T5,V1"
WPC,W. P. Carey Inc. REIT,14.38,Real Estate,2026-10-09,63.37,0.38,63.23,65.52,67.14,68.86,70.98,1.1,1403401,77.22,62.24,-5.52,-12.63,-16.55,False,False,"U:>15% pod maximom,U:rok v strate,T1,T2,T5"
FAF,First American Corporation (New) Common Stock,6.41,Finance,2026-10-09,61.2,-2.56,62.87,66.01,68.46,70.44,67.21,1.95,815360,79.87,56.2,2.56,-12.65,-16.57,False,False,"U:objem,U:>15% pod maximom,T1,T2,T5,V1"
PGNY,Progyny Inc. Common Stock,2.14,Health Care,2026-10-09,27.93,0.36,28.0,26.41,26.38,26.81,24.22,0.92,1147038,33.06,16.1,35.78,-12.66,-16.58,False,False,"U:>15% pod maximom,T5,V1"
MAAS,Maase Inc. Class A Ordinary Shares,5.43,Finance,2026-10-09,11.56,-5.94,12.6,14.98,15.81,16.11,11.03,2.07,262577,24.9,2.85,263.52,-12.69,-16.61,False,False,"U:objem,U:>15% pod maximom,U:divoký,T1,T2,T4,T5,V1"
CWK,Cushman & Wakefield Ltd. Common Shares,2.78,Finance,2026-10-09,11.62,-1.78,11.89,12.16,12.51,13.2,13.73,0.51,2106620,17.4,11.15,-21.86,-12.76,-16.68,False,False,"U:>15% pod maximom,U:rok v strate,T1,T2,T5,V1"
LEA,Lear Corporation Common Stock,5.85,Consumer Discretionary,2026-10-09,118.03,-0.42,118.86,121.31,123.79,123.84,128.61,3.14,648655,150.33,96.04,19.38,-12.76,-16.68,False,False,"U:objem,U:>15% pod maximom,T1,T2,T5,V1"
HLIO,Helios Technologies Inc. Common Stock,2.24,Industrials,2026-10-09,69.53,2.33,69.08,68.83,69.0,73.39,72.64,2.08,335998,95.05,47.01,42.83,-12.76,-16.68,False,False,"U:objem,U:>15% pod maximom,T1,T2,T5"
GE,GE Aerospace Common Stock,317.1,Technology,2026-10-09,308.2,0.84,306.56,313.68,319.29,336.7,323.94,7.68,4027442,388.84,268.91,2.96,-12.79,-16.71,False,False,"U:>15% pod maximom,T1,T2,T5"
SOFI,SoFi Technologies Inc. Common Stock  ,20.16,Finance,2026-10-09,15.8,1.22,15.65,16.36,16.83,17.39,18.67,0.52,54781555,32.73,14.88,-44.46,-12.85,-16.77,False,False,"U:>15% pod maximom,U:rok v strate,T1,T2,T5"
FRT,Federal Realty Investment Trust Common Stock,9.16,Real Estate,2026-10-09,106.16,0.66,105.68,109.3,111.79,114.48,112.59,1.59,870685,128.21,90.03,9.26,-12.87,-16.79,False,False,"U:objem,U:>15% pod maximom,T1,T2,T5"
IEP,Icahn Enterprises L.P. Common Stock,4.72,Energy,2026-10-09,6.56,-1.2,6.69,6.87,6.93,7.0,7.54,0.12,1005263,9.32,6.51,-20.1,-12.88,-16.8,False,False,"U:>15% pod maximom,U:rok v strate,T1,T2,T5,V1"
GLXY,Galaxy Digital Inc. Class A Common Stock,7.85,Finance,2026-10-09,20.33,1.22,21.1,23.29,24.31,23.01,24.82,1.44,5779442,45.92,16.43,-51.85,-12.93,-16.85,False,False,"U:>15% pod maximom,U:rok v strate,T1,T2,T4,T5,V1"
LUNR,Intuitive Machines Inc. Class A Common Stock,3.14,Industrials,2026-10-09,13.19,-3.72,14.38,14.61,14.8,15.44,20.25,0.98,8858642,46.75,7.78,3.53,-12.94,-16.86,False,False,"U:>15% pod maximom,U:divoký,T1,T2,T4,T5,V1"
D,Dominion Energy Inc. Common Stock,54.31,Utilities,2026-10-09,61.64,-0.18,61.85,61.93,62.86,65.06,64.41,0.99,4190406,72.99,55.85,2.29,-12.94,-16.86,False,False,"U:>15% pod maximom,T1,T2,T5,V1"
CG,The Carlyle Group Inc. Common Stock,13.68,Finance,2026-10-09,38.42,0.08,38.7,39.79,41.27,44.69,49.06,1.21,3572361,67.3,37.08,-34.99,-12.96,-16.88,False,False,"U:>15% pod maximom,U:rok v strate,T1,T2,T5,V1"
BRX,Brixmor Property Group Inc. Common Stock,8.31,Real Estate,2026-10-09,27.3,0.81,27.13,27.73,28.18,28.91,29.42,0.45,2755147,32.86,24.66,1.04,-12.97,-16.89,False,False,"U:>15% pod maximom,T1,T2,T5"
MZTI,The Marzetti Company Common Stock,2.79,Consumer Staples,2026-10-09,99.3,-2.83,102.84,100.96,101.69,107.28,129.17,2.57,382088,176.26,97.0,-39.18,-12.98,-16.9,False,False,"U:objem,U:>15% pod maximom,U:rok v strate,T1,T2,T5,V1"
RF,Regions Financial Corporation Common Stock,23.06,Finance,2026-10-09,27.03,-0.15,27.08,27.69,28.47,29.57,28.68,0.53,8975923,32.47,22.7,6.8,-13.0,-16.92,False,False,"U:>15% pod maximom,T1,T2,T5,V1"
RCUS,Arcus Biosciences Inc. Common Stock,3.03,Health Care,2026-10-09,24.41,2.43,24.38,25.05,25.86,27.47,24.82,1.25,1348088,31.74,14.26,61.02,-13.04,-16.96,False,False,"U:>15% pod maximom,T1,T2,T4,T5"
AXP,American Express Company Common Stock,208.06,Finance,2026-10-09,308.17,0.02,308.1,308.62,313.13,324.69,330.43,5.53,2924126,387.49,290.97,-5.01,-13.05,-16.97,False,False,"U:>15% pod maximom,U:rok v strate,T1,T2,T5"
PCAR,PACCAR Inc. Common Stock,57.72,Industrials,2026-10-09,108.04,-1.48,109.69,112.79,116.35,122.11,120.67,2.47,3380669,139.24,92.25,13.46,-13.05,-16.97,False,False,"U:>15% pod maximom,T1,T2,T5,V1"
LUV,Southwest Airlines Company Common Stock,20.23,Consumer Discretionary,2026-10-09,41.66,0.73,41.5,41.39,40.68,41.87,43.53,1.2,5541722,55.11,29.26,31.5,-13.06,-16.98,False,False,"U:>15% pod maximom,T1,T5"
GLPI,Gaming and Leisure Properties Inc. Common Stock,11.13,Real Estate,2026-10-09,38.28,0.05,38.34,38.92,39.71,41.27,44.96,0.65,3232363,49.95,37.33,-14.76,-13.08,-17.0,False,False,"U:>15% pod maximom,U:rok v strate,T1,T2,T5,V1"
IP,International Paper Company Common Stock,16.88,Basic Materials,2026-10-09,32.12,0.75,31.92,33.7,34.55,37.18,37.85,0.93,5050292,50.25,29.26,-30.81,-13.19,-17.11,False,False,"U:>15% pod maximom,U:rok v strate,T1,T2,T5"
VLY,Valley National Bancorp Common Stock,7.05,Finance,2026-10-09,12.62,-1.02,12.79,13.04,13.34,13.79,13.35,0.29,6957379,15.2,9.64,15.89,-13.26,-17.18,False,False,"U:>15% pod maximom,T1,T2,T5,V1"
CPB,The Campbell's Company Common Stock,5.78,Consumer Staples,2026-10-09,19.21,-0.83,19.4,20.03,20.59,21.71,22.98,0.59,7091033,32.04,18.6,-35.73,-13.27,-17.19,False,False,"U:>15% pod maximom,U:rok v strate,T1,T2,T5,V1"
KNX,Knight-Swift Transportation Holdings Inc.,10.59,Industrials,2026-10-09,64.47,-0.89,65.23,65.63,66.91,68.1,65.4,1.97,3546892,82.86,41.24,44.03,-13.27,-17.19,False,False,"U:>15% pod maximom,T1,T2,T5,V1"
PNC,PNC Financial Services Group Inc. (The) Common Stock,87.64,Finance,2026-10-09,219.21,-0.21,219.68,226.04,232.01,239.0,228.31,4.1,1716174,258.96,176.88,14.97,-13.3,-17.22,False,False,"U:>15% pod maximom,T1,T2,T5,V1"
BEPC,Brookfield Renewable Corporation Brookfield Renewable Corporation Class A Subordinate Voting Shares,11.07,Utilities,2026-10-09,29.63,0.85,29.53,29.08,29.63,31.51,37.08,0.74,1848723,45.18,27.57,-22.23,-13.31,-17.23,False,False,"U:>15% pod maximom,U:rok v strate,T1,T2,T5"
CTOS,Custom Truck One Source Inc. Common Stock,2.13,Consumer Discretionary,2026-10-09,9.25,-1.28,9.48,9.37,9.27,9.68,8.61,0.38,996871,12.23,5.18,42.75,-13.31,-17.23,False,False,"U:objem,U:>15% pod maximom,T1,T5,V1"
BULL,Webull Corporation Class A Ordinary Shares,3.22,Finance,2026-10-09,6.31,6.05,6.05,7.41,8.13,8.06,7.02,0.45,14641574,13.25,4.5,-49.68,-13.32,-17.24,False,False,"U:>15% pod maximom,U:rok v strate,T1,T2,T4,T5"
HEI,Heico Corporation Common Stock,41.36,Industrials,2026-10-09,298.28,0.8,297.08,302.48,306.85,330.02,321.76,6.89,472379,376.86,256.11,-5.57,-13.32,-17.24,False,False,"U:objem,U:>15% pod maximom,U:rok v strate,T1,T2,T5"
DORM,Dorman Products Inc. Common Stock,3.61,Consumer Discretionary,2026-10-09,120.4,-1.04,124.12,123.13,124.38,128.55,123.42,3.56,256192,164.0,98.45,-15.78,-13.33,-17.25,False,False,"U:objem,U:>15% pod maximom,U:rok v strate,T1,T2,T5,V1"
VMI,Valmont Industries Inc. Common Stock,9.05,Industrials,2026-10-09,467.81,-0.19,470.79,470.93,473.0,479.15,475.94,12.07,189663,585.71,378.02,17.1,-13.33,-17.25,False,False,"U:objem,U:>15% pod maximom,T1,T2,T5,V1"
VICI,VICI Properties Inc. Common Stock,25.09,Real Estate,2026-10-09,22.88,0.39,22.9,23.45,24.04,24.98,27.3,0.35,9676853,31.69,22.42,-26.15,-13.33,-17.25,False,False,"U:>15% pod maximom,U:rok v strate,T1,T2,T5,V1"
SGI,Somnigroup International Inc. Common Stock,14.35,Consumer Discretionary,2026-10-09,62.19,-0.24,62.52,63.3,64.76,64.85,75.74,1.94,3111857,98.56,60.08,-25.9,-13.34,-17.26,False,False,"U:>15% pod maximom,U:rok v strate,T1,T2,T5,V1"
MUSA,Murphy USA Inc. Common Stock,9.53,Consumer Discretionary,2026-10-09,529.14,2.11,526.99,515.57,516.19,534.6,507.85,12.79,264315,636.05,349.83,44.07,-13.37,-17.29,False,False,"U:objem,U:>15% pod maximom,T1,T2,T5"
CBU,Community Financial System Inc. Common Stock,3.11,Finance,2026-10-09,58.63,-0.8,59.68,60.78,61.68,62.72,62.77,1.06,261555,71.11,53.46,2.84,-13.38,-17.3,False,False,"U:objem,U:>15% pod maximom,T1,T2,T5,V1"
AA,Alcoa Corporation Common Stock ,11.3,Industrials,2026-10-09,42.2,-1.47,42.98,43.72,45.46,47.45,57.84,1.33,4578544,84.38,35.01,14.05,-13.38,-17.3,False,False,"U:>15% pod maximom,T1,T2,T5,V1"
NI,NiSource Inc Common Stock,19.44,Utilities,2026-10-09,40.76,0.57,40.65,40.02,40.31,41.16,44.82,0.67,5555495,49.21,38.42,-5.08,-13.41,-17.33,False,False,"U:>15% pod maximom,U:rok v strate,T1,T2,T5"
PAC,Grupo Aeroportuario Del Pacifico S.A. B. de C.V. Grupo Aeroportuario Del Pacifico S.A. de C.V. (each representing 10 Series B shares),11.7,Consumer Discretionary,2026-10-09,201.5,2.45,201.85,205.22,205.76,208.58,240.45,7.03,150028,300.41,193.11,-10.91,-13.43,-17.35,False,False,"U:objem,U:>15% pod maximom,U:rok v strate,T1,T2,T5,V1"
TKC,Turkcell Iletisim Hizmetleri AS Common Stock,4.51,Telecommunications,2026-10-09,5.02,-1.95,5.16,5.11,5.14,5.26,5.92,0.1,2306947,7.18,4.82,-17.02,-13.45,-17.37,False,False,"U:>15% pod maximom,U:rok v strate,T1,T2,T5,V1"
ARCB,ArcBest Corporation Common Stock,2.9,Industrials,2026-10-09,129.36,-0.46,130.43,129.72,131.7,134.99,121.03,4.09,291509,176.69,59.43,74.48,-13.47,-17.39,False,False,"U:objem,U:>15% pod maximom,T1,T2,T5,V1"
DOC,Healthpeak Properties Inc. Common Stock,12.77,Real Estate,2026-10-09,18.8,1.51,18.68,19.85,20.27,20.55,18.95,0.42,5498644,22.95,15.7,1.9,-13.48,-17.4,False,False,"U:>15% pod maximom,T1,T2,T5"
NJR,NewJersey Resources Corporation Common Stock,5.18,Utilities,2026-10-09,51.21,0.39,51.34,51.82,52.41,53.5,54.01,0.97,670903,60.86,43.46,11.3,-13.51,-17.43,False,False,"U:objem,U:>15% pod maximom,T1,T2,T5,V1"
CMS,CMS Energy Corporation Common Stock,20.49,Utilities,2026-10-09,65.49,0.23,65.47,64.48,65.24,67.53,72.71,0.95,3727415,80.36,62.29,-10.63,-13.54,-17.46,False,False,"U:>15% pod maximom,U:rok v strate,T1,T2,T5"
SIRI,SiriusXM Holdings Inc. Common Stock,8.87,Consumer Discretionary,2026-10-09,26.51,0.68,26.35,26.78,27.43,28.1,25.74,0.74,4145977,32.66,19.77,19.79,-13.56,-17.48,False,False,"U:>15% pod maximom,T1,T2,T5"
ASND,Ascendis Pharma A/S Ordinary Share,14.67,Health Care,2026-10-09,229.23,2.94,227.98,232.91,242.5,246.09,236.12,7.44,670763,282.15,186.05,6.73,-13.57,-17.49,False,False,"U:objem,U:>15% pod maximom,T1,T2,T5"
NXT,Nextpower Inc. Common Stock,12.94,Technology,2026-10-09,86.11,1.0,86.54,82.06,81.46,87.5,107.68,3.53,2429569,163.13,76.71,2.7,-13.6,-17.52,False,False,"U:>15% pod maximom,T1,T5,V1"
KLIC,Kulicke and Soffa Industries Inc. Common Stock,4.76,Technology,2026-10-09,92.01,1.2,95.54,89.9,87.05,88.35,84.28,4.17,823106,135.8,35.02,125.07,-13.6,-17.52,False,False,"U:objem,U:>15% pod maximom,T5,V1"
ADEA,Adeia Inc. Common Stock,2.66,Telecommunications,2026-10-09,23.9,-0.91,24.32,25.02,25.55,26.36,25.31,1.09,1062187,34.34,11.61,45.52,-13.67,-17.59,False,False,"U:>15% pod maximom,T1,T2,T5,V1"
ACM,AECOM Common Stock,7.65,Consumer Discretionary,2026-10-09,59.28,-0.3,59.54,60.82,62.13,64.61,78.96,2.12,1957695,135.52,56.39,-54.85,-13.69,-17.61,False,False,"U:>15% pod maximom,U:rok v strate,T1,T2,T5,V1"
POST,Post Holdings Inc. Common Stock,3.26,Consumer Staples,2026-10-09,74.82,0.79,74.31,74.9,76.94,79.57,93.54,1.72,941365,117.28,71.45,-29.44,-13.7,-17.62,False,False,"U:objem,U:>15% pod maximom,U:rok v strate,T1,T2,T5"
LOAR,Loar Holdings Inc. Common Stock,5.77,Industrials,2026-10-09,62.07,0.73,61.85,63.25,64.48,68.45,67.11,2.41,670144,83.43,53.15,-21.83,-13.7,-17.62,False,False,"U:objem,U:>15% pod maximom,U:rok v strate,T1,T2,T5"
MCD,McDonald's Corporation Common Stock,167.64,Consumer Discretionary,2026-10-09,235.23,-0.7,237.5,239.82,244.92,255.65,287.73,4.78,5170450,341.75,229.2,-19.94,-13.71,-17.63,False,False,"U:>15% pod maximom,U:rok v strate,T1,T2,T5,V1"
BCRX,BioCryst Pharmaceuticals Inc. Common Stock,2.12,Health Care,2026-10-09,8.55,3.14,8.4,8.4,8.55,9.1,8.7,0.31,4126990,11.22,6.0,17.93,-13.72,-17.64,False,False,"U:>15% pod maximom,T1,T2,T5"
CMG,Chipotle Mexican Grill Inc. Common Stock,41.35,Consumer Discretionary,2026-10-09,31.59,-3.34,33.4,32.57,33.85,34.4,34.73,1.28,17407825,42.82,28.04,-22.74,-13.76,-17.68,False,False,"U:>15% pod maximom,U:rok v strate,T1,T2,T5,V1"
HD,Home Depot Inc. (The) Common Stock,294.79,Consumer Discretionary,2026-10-09,290.74,-1.6,295.74,293.68,299.67,317.68,337.47,6.59,4363819,397.63,277.15,-23.02,-13.76,-17.68,False,False,"U:>15% pod maximom,U:rok v strate,T1,T2,T5,V1"
SMR,NuScale Power Corporation Class A Common Stock,3.15,Industrials,2026-10-09,7.2,-1.64,7.55,8.14,8.77,8.95,11.73,0.44,34171452,57.42,7.07,-82.27,-13.77,-17.69,False,False,"U:>15% pod maximom,U:divoký,U:rok v strate,T1,T2,T4,T5,V1"
WBI,WaterBridge Infrastructure LLC Class A Shares Representing Limited Liability Company Interests,3.68,Energy,2026-10-09,29.98,0.67,29.86,29.75,30.48,31.29,28.29,1.17,616293,36.89,18.64,17.43,-13.78,-17.7,False,False,"U:objem,U:>15% pod maximom,T1,T2,T5"
SIGI,Selective Insurance Group Inc. Common Stock,5.07,Finance,2026-10-09,84.22,-1.07,85.47,86.09,87.63,90.17,86.96,1.64,478174,100.4,72.78,1.57,-13.8,-17.72,False,False,"U:objem,U:>15% pod maximom,T1,T2,T5,V1"
CMCSA,Comcast Corporation Class A Common Stock,75.27,Telecommunications,2026-10-09,20.66,-2.59,21.23,22.25,23.34,24.46,26.54,0.57,29161903,32.86,20.48,-26.71,-13.81,-17.73,False,False,"U:>15% pod maximom,U:rok v strate,T1,T2,T5,V1"
RBC,RBC Bearings Incorporated Common Stock,15.54,Industrials,2026-10-09,503.68,2.58,500.67,499.97,495.85,514.52,550.46,12.25,272538,667.69,364.5,31.02,-13.84,-17.76,False,False,"U:objem,U:>15% pod maximom,T1,T5"
SRE,DBA Sempra Common Stock,52.36,Utilities,2026-10-09,81.34,1.57,80.37,79.75,80.88,82.95,89.85,1.32,3677765,101.04,76.21,-11.24,-13.84,-17.76,False,False,"U:>15% pod maximom,U:rok v strate,T1,T2,T5"
KEY,KeyCorp Common Stock,21.45,Finance,2026-10-09,19.97,-0.65,20.1,20.48,20.93,21.57,21.59,0.38,12175325,24.07,16.47,9.85,-14.0,-17.92,False,False,"U:>15% pod maximom,T1,T2,T5,V1"
MAA,Mid-America Apartment Communities Inc. Common Stock,13.48,Real Estate,2026-10-09,116.86,0.58,116.68,118.52,121.13,125.92,130.57,2.17,1087617,144.41,113.95,-13.38,-14.0,-17.92,False,False,"U:>15% pod maximom,U:rok v strate,T1,T2,T5"
LKQ,LKQ Corporation Common Stock,5.57,Consumer Discretionary,2026-10-09,21.84,-0.77,22.05,22.96,23.55,24.11,28.01,0.58,3298790,37.13,21.17,-25.49,-14.05,-17.97,False,False,"U:>15% pod maximom,U:rok v strate,T1,T2,T5,V1"
MS,Morgan Stanley Common Stock,294.39,Finance,2026-10-09,190.02,1.38,188.54,195.99,202.39,207.33,194.21,4.18,5208603,232.25,151.84,21.6,-14.05,-17.97,False,False,"U:>15% pod maximom,T1,T2,T5"
CAT,Caterpillar Inc. Common Stock,365.98,Industrials,2026-10-09,800.47,0.54,821.91,813.62,811.29,822.0,801.33,25.36,2647015,1073.46,491.3,59.98,-14.06,-17.98,False,False,"U:>15% pod maximom,T1,T5,V1"
LNT,Alliant Energy Corporation Common Stock,16.98,Utilities,2026-10-09,65.85,0.53,65.7,64.83,65.46,67.33,70.3,1.06,2566219,78.81,62.54,-2.07,-14.07,-17.99,False,False,"U:>15% pod maximom,U:rok v strate,T1,T2,T5"
VSNT,Versant Media Group Inc. Class A Common Stock ,4.41,Industrials,2026-10-09,30.64,-3.56,31.84,33.31,34.93,36.5,37.04,1.01,1723268,59.0,27.17,,-14.08,-18.0,False,False,"U:>15% pod maximom,T1,T2,T5,V1"
TRU,TransUnion Common Stock,12.38,Finance,2026-10-09,65.48,1.38,65.03,68.22,71.67,76.11,74.89,2.77,2354057,89.12,60.96,-17.11,-14.08,-18.0,False,False,"U:>15% pod maximom,U:rok v strate,T1,T2,T5"
SNDR,Schneider National Inc. Common Stock,5.56,Industrials,2026-10-09,31.5,-0.72,31.78,32.26,32.93,33.95,31.7,0.87,769246,39.27,20.11,36.3,-14.12,-18.04,False,False,"U:objem,U:>15% pod maximom,T1,T2,T5,V1"
OSK,Oshkosh Corporation (Holding Company)Common Stock,7.86,Industrials,2026-10-09,125.23,-1.66,128.03,135.34,140.87,145.93,146.9,4.5,713680,180.49,116.77,-5.53,-14.14,-18.06,False,False,"U:objem,U:>15% pod maximom,U:rok v strate,T1,T2,T5,V1"
ON,ON Semiconductor Corporation Common Stock,30.92,Technology,2026-10-09,77.53,-2.37,81.6,76.23,73.78,76.42,81.14,3.4,10067198,134.92,44.56,55.15,-14.21,-18.13,False,False,"U:>15% pod maximom,T1,T5,V1"
IMNM,Immunome Inc. Common Stock,2.28,Health Care,2026-10-09,19.55,1.24,19.35,22.2,23.74,24.94,22.72,1.14,1206065,30.06,13.49,36.81,-14.25,-18.17,False,False,"U:>15% pod maximom,T1,T2,T4,T5"
TNL,Travel   Leisure Co. Common  Stock,3.83,Consumer Discretionary,2026-10-09,62.62,0.02,63.41,63.33,64.1,68.46,70.91,1.66,742569,81.0,58.07,5.24,-14.29,-18.21,False,False,"U:objem,U:>15% pod maximom,T1,T2,T5,V1"
HXL,Hexcel Corporation Common Stock,6.44,Industrials,2026-10-09,84.96,-0.2,85.31,86.57,88.09,92.94,90.15,2.19,924888,111.74,60.82,31.78,-14.35,-18.27,False,False,"U:objem,U:>15% pod maximom,T1,T2,T5,V1"
GS,Goldman Sachs Group Inc. (The) Common Stock,256.98,Finance,2026-10-09,895.32,1.44,887.49,924.42,959.28,989.93,959.89,19.65,2031630,1153.99,740.01,14.79,-14.4,-18.32,False,False,"U:>15% pod maximom,T1,T2,T5"
GLW,Corning Incorporated Common Stock,131.65,Industrials,2026-10-09,156.68,2.52,160.26,155.15,156.01,155.46,152.34,7.75,10332076,271.78,77.39,79.7,-14.43,-18.35,False,False,"U:>15% pod maximom,T2,T5,V1"
POR,Portland General Electric Co Common Stock,5.33,Utilities,2026-10-09,45.39,0.09,45.44,46.01,47.0,48.06,50.31,1.08,1252601,54.62,43.15,3.65,-14.44,-18.36,False,False,"U:>15% pod maximom,T1,T2,T5,V1"
BN,Brookfield Corporation Class A Limited Voting Shares,90.11,Real Estate,2026-10-09,37.09,0.87,36.83,37.03,37.5,40.01,43.28,0.68,4575747,49.57,35.69,-17.57,-14.46,-18.38,False,False,"U:>15% pod maximom,U:rok v strate,T1,T2,T5"
CARG,CarGurus Inc. Class A Common Stock ,2.6,Technology,2026-10-09,28.85,-1.33,29.33,31.37,32.46,34.14,33.39,1.34,1149496,41.22,26.39,-15.12,-14.52,-18.44,False,False,"U:>15% pod maximom,U:rok v strate,T1,T2,T5,V1"
AKR,Acadia Realty Trust Common Stock,2.5,Real Estate,2026-10-09,18.24,0.33,18.24,18.98,19.44,20.09,20.79,0.31,1386746,23.03,17.98,-6.8,-14.53,-18.45,False,False,"U:>15% pod maximom,U:rok v strate,T1,T2,T5,V1"
AKAM,Akamai Technologies Inc. Common Stock,14.5,Consumer Discretionary,2026-10-09,106.95,6.0,104.27,108.72,109.04,111.23,112.11,6.72,4219109,165.45,70.82,41.66,-14.53,-18.45,False,False,"U:>15% pod maximom,T1,T2,T4,T5"
MGEE,MGE Energy Inc,2.67,Energy,2026-10-09,70.22,-0.72,70.86,71.57,73.21,76.21,78.03,1.6,181087,87.94,68.01,-16.76,-14.54,-18.46,False,False,"U:objem,U:>15% pod maximom,U:rok v strate,T1,T2,T5,V1"
CPT,Camden Property Trust Common Stock,9.73,Real Estate,2026-10-09,97.58,0.85,97.32,98.53,100.28,104.08,106.65,1.8,1025055,119.81,95.3,-4.28,-14.55,-18.47,False,False,"U:>15% pod maximom,U:rok v strate,T1,T2,T5"
NHI,National Health Investors Inc. Common Stock,3.17,Real Estate,2026-10-09,64.85,0.42,64.86,66.77,68.22,70.39,77.22,1.13,374931,91.38,63.51,-12.15,-14.56,-18.48,False,False,"U:objem,U:>15% pod maximom,U:rok v strate,T1,T2,T5,V1"
HBAN,Huntington Bancshares Incorporated Common Stock,31.05,Finance,2026-10-09,15.32,-0.33,15.38,15.6,15.98,16.56,16.86,0.32,26572336,19.46,14.82,-6.24,-14.56,-18.48,False,False,"U:>15% pod maximom,U:rok v strate,T1,T2,T5,V1"
ANDE,Andersons Inc. (The) Common Stock,2.26,Industrials,2026-10-09,63.89,-3.97,67.74,67.7,68.93,67.83,68.41,1.97,355350,82.11,40.81,53.36,-14.57,-18.49,False,False,"U:objem,U:>15% pod maximom,T1,T2,T5,V1"
CWST,Casella Waste Systems Inc. Class A Common Stock,5.35,Utilities,2026-10-09,83.78,-0.32,84.38,84.64,86.62,88.95,90.85,2.75,566471,107.96,74.05,-6.3,-14.59,-18.51,False,False,"U:objem,U:>15% pod maximom,U:rok v strate,T1,T2,T5,V1"
TPR,Tapestry Inc. Common Stock,23.14,Consumer Discretionary,2026-10-09,116.24,0.36,116.34,115.27,115.7,127.25,138.4,3.08,3037341,164.8,93.0,2.43,-14.61,-18.53,False,False,"U:>15% pod maximom,T1,T2,T5,V1"
CBT,Cabot Corporation Common Stock,3.9,Industrials,2026-10-09,74.91,-0.93,76.41,77.63,78.59,81.58,79.15,1.79,414533,94.53,58.33,5.15,-14.72,-18.64,False,False,"U:objem,U:>15% pod maximom,T1,T2,T5,V1"
BNT,Brookfield Wealth Solutions Ltd. Class A Exchangeable Limited Voting Shares,12.38,Finance,2026-10-09,37.06,1.2,36.79,36.99,37.48,40.11,43.59,0.6,17979,49.86,35.73,-17.69,-14.77,-18.69,False,False,"U:objem,U:>15% pod maximom,U:rok v strate,T1,T2,T5"
WMS,Advanced Drainage Systems Inc. Common Stock,9.52,Consumer Discretionary,2026-10-09,125.79,-0.33,126.55,127.91,128.84,135.47,145.14,3.88,710641,179.32,122.9,-8.7,-14.79,-18.71,False,False,"U:objem,U:>15% pod maximom,U:rok v strate,T1,T2,T5,V1"
OMAB,Grupo Aeroportuario del Centro Norte S.A.B. de C.V. ADS,4.37,Consumer Discretionary,2026-10-09,90.28,-0.17,91.27,97.12,98.78,101.02,108.85,2.95,107406,134.99,88.22,-12.08,-14.93,-18.85,False,False,"U:objem,U:>15% pod maximom,U:rok v strate,T1,T2,T5,V1"
POWL,Powell Industries Inc. Common Stock,6.9,Energy,2026-10-09,191.93,1.41,197.51,188.1,184.19,192.66,209.81,8.39,626461,328.0,92.59,86.02,-14.95,-18.87,False,False,"U:objem,U:>15% pod maximom,T1,T5,V1"
EMA,Emera Incorporated Common Shares,14.09,Utilities,2026-10-09,45.66,-0.41,46.35,47.86,48.78,49.68,51.26,0.77,546985,55.49,45.27,-4.48,-14.96,-18.88,False,False,"U:objem,U:>15% pod maximom,U:rok v strate,T1,T2,T5,V1"
HUT,Hut 8 Corp. Common Stock,9.81,Finance,2026-10-09,84.27,5.88,87.37,92.55,94.72,90.35,81.37,6.6,4907460,140.8,31.67,81.77,-15.02,-18.94,False,False,"U:>15% pod maximom,U:divoký,T1,T2,T4,T5,V1"
NNN,NNN REIT Inc. Common Stock,7.73,Real Estate,2026-10-09,40.24,-0.07,40.27,41.25,42.24,43.97,44.21,0.68,1757201,50.0,38.9,-4.1,-15.03,-18.95,False,False,"U:>15% pod maximom,U:rok v strate,T1,T2,T5,V1"
BBWI,Bath & Body Works Inc.,3.57,Consumer Discretionary,2026-10-09,17.34,-2.09,17.84,16.96,17.15,18.31,19.85,0.65,6296034,27.4,14.28,-32.69,-15.08,-19.0,False,False,"U:>15% pod maximom,U:rok v strate,T1,T2,T5,V1"
UDR,UDR Inc. Common Stock,10.78,Real Estate,2026-10-09,34.12,1.64,33.7,33.95,34.42,35.97,36.94,0.6,3559815,42.0,32.94,-4.67,-15.08,-19.0,False,False,"U:>15% pod maximom,U:rok v strate,T1,T2,T5"
CLSK,CleanSpark Inc. Common Stock,2.73,Finance,2026-10-09,10.49,-1.27,11.35,13.06,13.49,12.71,12.57,0.79,20540400,23.61,8.0,-47.76,-15.09,-19.01,False,False,"U:>15% pod maximom,U:rok v strate,T1,T2,T4,T5,V1"
UE,Urban Edge Properties Common Shares of Beneficial Interest,2.44,Finance,2026-10-09,19.36,0.36,19.39,19.8,20.15,20.85,21.18,0.31,819387,24.11,18.46,-1.02,-15.12,-19.04,False,False,"U:objem,U:>15% pod maximom,U:rok v strate,T1,T2,T5,V1"
DTM,DT Midstream Inc. Common Stock ,12.63,Utilities,2026-10-09,124.01,0.2,124.16,123.66,125.26,128.59,134.5,2.7,922376,152.88,104.99,11.56,-15.12,-19.04,False,False,"U:objem,U:>15% pod maximom,T1,T2,T5,V1"
XYL,Xylem Inc. Common Stock New,23.81,Industrials,2026-10-09,102.71,0.71,102.34,104.29,105.39,110.39,120.13,2.48,2230484,154.27,98.58,-30.04,-15.26,-19.18,False,False,"U:>15% pod maximom,U:rok v strate,T1,T2,T5"
FHB,First Hawaiian Inc. Common Stock,3.04,Finance,2026-10-09,24.69,-1.08,24.99,25.18,25.41,26.07,26.64,0.44,2170292,30.58,22.65,1.15,-15.27,-19.19,False,False,"U:>15% pod maximom,T1,T2,T5,V1"
ARWR,Arrowhead Pharmaceuticals Inc. Common Stock,8.58,Health Care,2026-10-09,62.75,3.31,61.13,66.3,71.84,78.38,72.37,2.57,1895206,95.49,34.61,74.02,-15.33,-19.25,False,False,"U:>15% pod maximom,T1,T2,T5"
ENB,Enbridge Inc Common Stock,101.65,Energy,2026-10-09,46.6,0.13,46.75,47.22,47.97,49.41,52.13,0.69,4978631,58.45,45.03,-2.9,-15.38,-19.3,False,False,"U:>15% pod maximom,U:rok v strate,T1,T2,T5,V1"
VSEC,VSE Corporation Common Stock,4.77,Consumer Discretionary,2026-10-09,173.63,2.15,170.51,174.51,181.94,199.68,198.55,8.01,398485,247.85,154.67,9.13,-15.41,-19.33,False,False,"U:objem,U:>15% pod maximom,T1,T2,T5"
TGS,Transportadora de Gas del Sur SA TGS Common Stock,3.97,Utilities,2026-10-09,25.71,-2.58,26.89,27.11,27.95,28.23,30.13,0.86,216420,36.35,21.11,11.11,-15.43,-19.35,False,False,"U:objem,U:>15% pod maximom,T1,T2,T5,V1"
BURL,Burlington Stores Inc. Common Stock,17.39,Consumer Discretionary,2026-10-09,276.97,0.05,278.17,258.56,251.68,292.81,310.98,8.55,1274766,378.33,226.85,6.33,-15.45,-19.37,False,False,"U:>15% pod maximom,T1,T5,V1"
SBUX,Starbucks Corporation Common Stock,106.26,Consumer Discretionary,2026-10-09,90.75,-2.64,94.17,95.02,96.84,101.26,98.92,2.3,7426019,110.51,77.99,13.75,-15.46,-19.38,False,False,"U:>15% pod maximom,T1,T2,T5,V1"
DFTX,Definium Therapeutics Inc. Common Shares,4.59,Health Care,2026-10-09,36.9,7.96,34.88,37.51,38.16,40.4,27.99,2.02,2134717,49.7,10.47,195.2,-15.46,-19.38,False,False,"U:>15% pod maximom,U:divoký,T1,T2,T4,T5"
WWD,Woodward Inc. Common Stock,19.1,Energy,2026-10-09,335.51,3.73,328.22,326.92,329.15,341.59,364.39,9.09,668558,450.92,244.69,33.28,-15.47,-19.39,False,False,"U:objem,U:>15% pod maximom,T1,T2,T5"
SEB,Seaboard Corporation Common Stock,3.89,Industrials,2026-10-09,3976.0,-2.16,4120.0,4092.23,4160.5,4188.67,4809.98,129.19,12712,5989.37,3140.01,17.59,-15.5,-19.42,False,False,"U:objem,U:>15% pod maximom,T1,T2,T5,V1"
FCPT,Four Corners Property Trust Inc. Common Stock,2.33,Real Estate,2026-10-09,21.28,0.14,21.29,22.11,22.93,23.84,24.62,0.38,922236,26.86,20.86,-11.11,-15.52,-19.44,False,False,"U:objem,U:>15% pod maximom,U:rok v strate,T1,T2,T5,V1"
AXS,Axis Capital Holdings Limited Common Stock,7.11,Finance,2026-10-09,96.73,-0.79,97.84,96.68,97.38,99.05,102.29,1.77,681809,119.99,88.07,-0.06,-15.53,-19.45,False,False,"U:objem,U:>15% pod maximom,U:rok v strate,T1,T2,T5,V1"
EFX,Equifax Inc. Common Stock,17.1,Finance,2026-10-09,145.78,0.16,146.18,150.81,157.56,169.74,180.66,4.88,1616853,238.94,137.01,-37.5,-15.54,-19.46,False,False,"U:>15% pod maximom,U:rok v strate,T1,T2,T5,V1"
RYTM,Rhythm Pharmaceuticals Inc. Common Stock,6.17,Health Care,2026-10-09,90.78,1.27,90.94,95.75,98.77,103.88,98.34,3.62,673760,122.2,74.5,-9.41,-15.55,-19.47,False,False,"U:objem,U:>15% pod maximom,U:rok v strate,T1,T2,T5,V1"
VCEL,Vericel Corporation Common Stock,2.05,Health Care,2026-10-09,40.1,0.12,40.94,39.99,39.61,41.55,38.38,1.31,509607,49.32,28.95,22.37,-15.56,-19.48,False,False,"U:objem,U:>15% pod maximom,T1,T5,V1"
BANC,Banc of California Inc. Common Stock,2.74,Finance,2026-10-09,17.3,-0.29,17.41,17.81,18.11,18.49,19.11,0.41,2894134,21.93,15.33,-1.7,-15.57,-19.49,False,False,"U:>15% pod maximom,U:rok v strate,T1,T2,T5,V1"
O,Realty Income Corporation Common Stock,51.26,Real Estate,2026-10-09,54.18,0.02,54.18,55.55,57.14,59.47,61.74,0.77,6577588,67.94,53.15,-7.64,-15.57,-19.49,False,False,"U:>15% pod maximom,U:rok v strate,T1,T2,T5,V1"
PRM,Perimeter Solutions SA Common Stock,4.53,Industrials,2026-10-09,27.75,0.18,28.95,29.11,29.94,30.99,29.65,1.35,1386379,38.17,19.7,27.88,-15.58,-19.5,False,False,"U:>15% pod maximom,T1,T2,T5,V1"
JEF,Jefferies Financial Group Inc. Common Stock,8.6,Finance,2026-10-09,44.38,-0.05,44.55,46.63,49.04,51.14,52.21,1.52,2102666,66.6,35.53,-16.28,-15.61,-19.53,False,False,"U:>15% pod maximom,U:rok v strate,T1,T2,T5,V1"
HDB,HDFC Bank Limited Common Stock,112.94,Finance,2026-10-09,22.28,1.23,22.15,22.65,22.75,23.0,26.73,0.52,9916352,37.45,21.71,-35.92,-15.64,-19.56,False,False,"U:>15% pod maximom,U:rok v strate,T1,T2,T5"
AVA,Avista Corporation Common Stock,2.97,Utilities,2026-10-09,35.49,0.03,35.6,35.62,36.11,37.15,39.88,0.61,668255,43.5,34.46,-4.44,-15.66,-19.58,False,False,"U:objem,U:>15% pod maximom,U:rok v strate,T1,T2,T5,V1"
IVT,InvenTrust Properties Corp. Common Stock,2.31,Real Estate,2026-10-09,29.78,0.64,29.64,30.43,31.09,32.0,31.99,0.53,636071,37.22,26.81,8.17,-15.71,-19.63,False,False,"U:objem,U:>15% pod maximom,T1,T2,T5"
UHAL,U-Haul Holding Company Common Stock,11.24,Consumer Discretionary,2026-10-09,57.39,-0.71,59.81,61.4,62.7,66.76,58.16,1.33,153087,76.45,41.95,3.33,-15.74,-19.66,False,False,"U:objem,U:>15% pod maximom,T1,T2,T5,V1"
FCN,FTI Consulting Inc. Common Stock,3.88,Consumer Discretionary,2026-10-09,136.16,-3.09,142.4,138.29,141.39,146.89,161.45,5.16,429498,189.3,129.12,-15.2,-15.75,-19.67,False,False,"U:objem,U:>15% pod maximom,U:rok v strate,T1,T2,T5,V1"
DTE,DTE Energy Company Common Stock,26.45,Utilities,2026-10-09,126.9,-0.16,127.73,125.77,127.86,133.01,140.9,2.11,1519701,155.75,119.68,-9.4,-15.76,-19.68,False,False,"U:>15% pod maximom,U:rok v strate,T1,T2,T5,V1"
PUK,Prudential Public Limited Company Common Stock,29.85,Finance,2026-10-09,23.92,0.17,23.89,25.24,26.01,26.87,29.11,0.44,1105174,34.03,23.31,-11.77,-15.77,-19.69,False,False,"U:>15% pod maximom,U:rok v strate,T1,T2,T5"
PTON,Peloton Interactive Inc. Class A Common Stock,2.16,Consumer Discretionary,2026-10-09,5.12,4.07,4.93,4.92,4.95,5.28,5.31,0.2,8574401,8.19,3.65,-30.34,-15.79,-19.71,False,False,"U:>15% pod maximom,U:rok v strate,T1,T2,T5"
TXRH,Texas Roadhouse Inc. Common Stock,10.68,Consumer Discretionary,2026-10-09,161.5,-0.77,164.57,163.36,168.59,185.42,179.32,4.01,991684,216.3,153.83,-3.73,-15.9,-19.82,False,False,"U:objem,U:>15% pod maximom,U:rok v strate,T1,T2,T5,V1"
ALK,Alaska Air Group Inc. Common Stock,4.41,Consumer Discretionary,2026-10-09,39.36,-0.4,39.74,40.01,40.35,42.59,45.11,1.48,2780155,60.63,33.03,-19.92,-15.9,-19.82,False,False,"U:>15% pod maximom,U:rok v strate,T1,T2,T5,V1"
BCS,Barclays PLC Common Stock,77.12,Finance,2026-10-09,22.95,0.0,22.97,24.39,25.24,26.11,25.11,0.49,4550031,28.69,19.29,15.15,-15.9,-19.82,False,False,"U:>15% pod maximom,T1,T2,T5,V1"
KRG,Kite Realty Group Trust Common Stock,4.82,Real Estate,2026-10-09,23.91,-0.71,24.23,24.77,25.27,25.78,26.05,0.45,2405533,29.92,21.33,8.78,-15.96,-19.88,False,False,"U:>15% pod maximom,T1,T2,T5,V1"
MLM,Martin Marietta Materials Inc. Common Stock,34.2,Industrials,2026-10-09,478.35,-0.67,483.49,488.4,494.84,513.54,585.82,12.78,696842,710.97,470.19,-24.53,-15.98,-19.9,False,False,"U:objem,U:>15% pod maximom,U:rok v strate,T1,T2,T5,V1"
MOS,Mosaic Company (The) Common Stock,6.27,Industrials,2026-10-09,18.74,-5.02,20.15,22.73,24.16,23.31,24.4,0.98,8202765,35.18,18.68,-43.96,-16.0,-19.92,False,False,"U:>15% pod maximom,U:rok v strate,T1,T2,T4,T5,V1"
TNGX,Tango Therapeutics Inc.,3.81,Health Care,2026-10-09,23.81,5.49,22.68,23.67,23.83,24.52,21.3,1.68,2648274,34.39,6.69,225.27,-16.04,-19.96,False,False,"U:>15% pod maximom,U:divoký,T1,T2,T4,T5"
TKR,Timken Company (The) Common Stock,7.92,Industrials,2026-10-09,116.12,1.56,115.72,117.16,118.1,122.69,115.41,3.02,921534,146.37,70.57,56.24,-16.06,-19.98,False,False,"U:objem,U:>15% pod maximom,T1,T2,T5"
ADC,Agree Realty Corporation Common Stock,8.19,Real Estate,2026-10-09,65.95,0.2,65.85,67.16,68.78,71.31,74.92,0.99,1502806,82.08,64.43,-6.59,-16.12,-20.04,False,False,"U:>15% pod maximom,U:rok v strate,T1,T2,T5"
UPS,United Parcel Service Inc. Common Stock,80.08,Industrials,2026-10-09,94.57,0.47,94.51,95.55,97.3,100.43,104.8,1.75,4932120,122.41,82.0,10.89,-16.23,-20.15,False,False,"U:>15% pod maximom,T1,T2,T5"
NVTS,Navitas Semiconductor Corporation Common Stock,2.85,Technology,2026-10-09,10.78,-1.37,11.19,11.61,11.65,12.11,13.3,0.78,14101790,34.17,6.85,34.75,-16.24,-20.16,False,False,"U:>15% pod maximom,U:divoký,T1,T2,T4,T5,V1"
LION,Lionsgate Studios Corp Common Shares,3.36,Consumer Discretionary,2026-10-09,11.13,-1.33,11.44,11.2,11.18,11.57,11.43,0.37,2716700,16.7,5.88,81.57,-16.25,-20.17,False,False,"U:>15% pod maximom,T1,T5,V1"
PFGC,Performance Food Group Company Common Stock,14.92,Consumer Discretionary,2026-10-09,94.88,0.17,95.72,92.17,92.66,99.73,96.89,1.87,1600247,117.47,80.82,-5.48,-16.27,-20.19,False,False,"U:>15% pod maximom,U:rok v strate,T1,T2,T5,V1"
LIF,Life360 Inc. Common Stock,3.41,Technology,2026-10-09,43.72,4.39,41.92,41.34,41.48,45.7,48.68,1.61,726530,109.48,37.01,-59.34,-16.28,-20.2,False,False,"U:objem,U:>15% pod maximom,U:rok v strate,T1,T2,T5"
REYN,Reynolds Consumer Products Inc. Common Stock,4.63,Consumer Discretionary,2026-10-09,22.01,0.14,22.1,22.05,21.95,23.57,23.23,0.51,1366863,27.32,20.44,-8.29,-16.31,-20.23,False,False,"U:>15% pod maximom,U:rok v strate,T1,T5,V1"
DX,Dynex Capital Inc. Common Stock,2.66,Real Estate,2026-10-09,10.86,1.5,10.72,11.48,11.98,12.33,13.14,0.32,6357542,14.93,10.36,-16.2,-16.33,-20.25,False,False,"U:>15% pod maximom,U:rok v strate,T1,T2,T5"
SYK,Stryker Corporation Common Stock,106.24,Health Care,2026-10-09,277.33,0.13,277.97,276.96,277.33,304.8,328.32,6.61,2626912,392.55,267.0,-25.09,-16.33,-20.25,False,False,"U:>15% pod maximom,U:rok v strate,T1,T2,T5,V1"
AGO,Assured Guaranty Ltd. Common Stock,3.11,Finance,2026-10-09,70.03,-0.98,70.74,69.85,70.77,73.71,80.46,1.42,422312,92.4,67.24,-14.48,-16.36,-20.28,False,False,"U:objem,U:>15% pod maximom,U:rok v strate,T1,T2,T5,V1"
RIOT,Riot Platforms Inc. Common Stock ,6.32,Finance,2026-10-09,16.89,0.27,18.2,21.0,21.9,20.61,19.45,1.32,18755655,30.32,11.5,-24.21,-16.37,-20.29,False,False,"U:>15% pod maximom,U:rok v strate,T1,T2,T4,T5,V1"
DRS,Leonardo DRS Inc. Common Stock,9.57,Industrials,2026-10-09,36.24,1.03,35.98,36.81,36.85,39.44,42.28,0.86,904136,50.59,32.43,-18.03,-16.4,-20.32,False,False,"U:objem,U:>15% pod maximom,U:rok v strate,T1,T2,T5"
HRI,Herc Holdings Inc. Common Stock ,4.14,Industrials,2026-10-09,123.46,-0.32,126.09,134.13,137.78,148.34,140.68,7.7,619969,188.35,88.45,1.4,-16.42,-20.34,False,False,"U:objem,U:>15% pod maximom,T1,T2,T4,T5,V1"
VMC,Vulcan Materials Company (Holding Company) Common Stock,31.91,Industrials,2026-10-09,244.58,-0.68,246.54,245.22,247.46,261.61,282.97,6.5,1082228,331.09,237.03,-19.25,-16.46,-20.38,False,False,"U:>15% pod maximom,U:rok v strate,T1,T2,T5,V1"
ATMU,Atmus Filtration Technologies Inc. Common Stock,3.48,Consumer Discretionary,2026-10-09,42.81,0.45,43.96,44.44,45.01,47.47,53.73,1.44,691120,66.5,40.75,-3.41,-16.47,-20.39,False,False,"U:objem,U:>15% pod maximom,U:rok v strate,T1,T2,T5,V1"
DNTH,Dianthus Therapeutics Inc. Common Stock,4.61,Health Care,2026-10-09,82.37,-0.07,84.85,92.15,97.69,102.62,82.21,4.02,801907,117.88,32.22,137.04,-16.49,-20.41,False,False,"U:objem,U:>15% pod maximom,T1,T2,T5,V1"
PODD,Insulet Corporation Common Stock,9.33,Health Care,2026-10-09,135.28,0.6,134.6,136.07,137.07,142.08,189.49,3.8,1688611,354.88,126.4,-57.78,-16.52,-20.44,False,False,"U:>15% pod maximom,U:rok v strate,T1,T2,T5"
MKC,McCormick & Company Incorporated Common Stock,12.36,Consumer Staples,2026-10-09,44.81,-2.46,46.11,47.55,49.09,51.12,54.93,1.43,3271131,72.41,43.25,-32.22,-16.63,-20.55,False,False,"U:>15% pod maximom,U:rok v strate,T1,T2,T5,V1"
IBP,Installed Building Products Inc. Common Stock,4.99,Consumer Discretionary,2026-10-09,185.44,-1.27,188.47,195.96,203.03,220.63,253.48,8.58,396617,349.0,178.54,-22.89,-16.67,-20.59,False,False,"U:objem,U:>15% pod maximom,U:rok v strate,T1,T2,T5,V1"
ALLY,Ally Financial Inc. Common Stock,11.51,Finance,2026-10-09,37.59,-0.63,37.83,38.84,40.04,41.47,42.47,0.76,3402741,47.29,35.92,-4.08,-16.69,-20.61,False,False,"U:>15% pod maximom,U:rok v strate,T1,T2,T5,V1"
GTX,Garrett Motion Inc. Common Stock,4.8,Consumer Discretionary,2026-10-09,26.24,1.9,25.99,26.07,26.45,27.35,25.0,0.75,2528490,36.25,12.26,101.54,-16.7,-20.62,False,False,"U:>15% pod maximom,T1,T2,T5"
ORA,Ormat Technologies Inc. Common Stock,5.45,Utilities,2026-10-09,88.92,0.32,89.58,92.66,95.25,100.52,113.41,2.82,850704,146.39,87.06,-16.62,-16.75,-20.67,False,False,"U:objem,U:>15% pod maximom,U:rok v strate,T1,T2,T5,V1"
BNL,Broadstone Net Lease Inc. Common Stock,3.5,Real Estate,2026-10-09,18.26,0.11,18.38,18.9,19.49,20.18,19.87,0.32,2020947,23.1,17.16,-0.44,-16.77,-20.69,False,False,"U:>15% pod maximom,U:rok v strate,T1,T2,T5,V1"
BB,BlackBerry Limited Common Stock,5.07,Technology,2026-10-09,8.91,3.24,9.05,8.58,8.26,8.4,6.5,0.6,14894460,13.59,3.12,83.71,-16.81,-20.73,False,False,"U:>15% pod maximom,U:divoký,T4,T5,V1"
EEFT,Euronet Worldwide Inc. Common Stock,2.38,Finance,2026-10-09,64.6,1.48,64.02,65.4,67.42,69.01,71.27,1.92,656020,89.44,61.62,-25.01,-16.82,-20.74,False,False,"U:objem,U:>15% pod maximom,U:rok v strate,T1,T2,T5"
ASR,Grupo Aeroportuario del Sureste S.A. de C.V. Common Stock,6.91,Consumer Discretionary,2026-10-09,231.75,0.59,232.43,240.33,245.17,254.27,303.85,6.9,62163,381.52,226.19,-26.33,-16.83,-20.75,False,False,"U:objem,U:>15% pod maximom,U:rok v strate,T1,T2,T5,V1"
VIK,Viking Holdings Ltd Ordinary Shares,36.39,Consumer Discretionary,2026-10-09,81.62,-0.02,81.79,81.77,82.81,89.66,84.21,2.5,3519003,110.09,56.37,37.83,-16.88,-20.8,False,False,"U:>15% pod maximom,T1,T2,T5,V1"
SOUN,SoundHound AI Inc Class A Common Stock,2.66,Technology,2026-10-09,5.39,-2.36,5.6,5.93,6.14,6.54,7.66,0.22,27007769,22.17,5.36,-70.99,-16.95,-20.87,False,False,"U:>15% pod maximom,U:divoký,U:rok v strate,T1,T2,T5,V1"
HWM,Howmet Aerospace Inc. Common Stock,88.76,Industrials,2026-10-09,225.26,1.21,224.75,227.76,230.22,252.55,249.16,5.68,2778865,310.0,183.83,19.29,-16.96,-20.88,False,False,"U:>15% pod maximom,T1,T2,T5"
TIGO,Millicom International Cellular S.A. Common Stock,14.74,Telecommunications,2026-10-09,79.48,-9.63,89.54,91.21,93.09,93.12,81.06,3.71,1100182,107.13,44.88,67.89,-16.98,-20.9,False,False,"U:>15% pod maximom,T1,T2,T5,V1"
TXT,Textron Inc. Common Stock,12.59,Industrials,2026-10-09,74.16,1.28,73.61,77.33,78.68,81.5,89.25,1.74,1757434,101.57,71.87,-12.38,-17.07,-20.99,False,False,"U:>15% pod maximom,U:rok v strate,T1,T2,T5"
BEAM,Beam Therapeutics Inc. Common Stock,2.54,Health Care,2026-10-09,25.7,4.47,24.69,24.63,24.83,26.52,28.44,1.37,1883042,38.26,20.23,-7.79,-17.1,-21.02,False,False,"U:>15% pod maximom,U:rok v strate,T1,T2,T4,T5"
FND,Floor & Decor Holdings Inc. Common Stock,4.95,Consumer Discretionary,2026-10-09,45.5,-2.15,46.72,46.71,47.14,51.51,56.14,1.91,2446634,77.46,42.64,-34.2,-17.2,-21.12,False,False,"U:>15% pod maximom,U:rok v strate,T1,T2,T5,V1"
SITE,SiteOne Landscape Supply Inc. Common Stock,3.83,Consumer Discretionary,2026-10-09,87.16,-0.66,88.23,89.87,92.18,94.5,118.91,3.25,919444,168.56,82.0,-26.64,-17.25,-21.17,False,False,"U:objem,U:>15% pod maximom,U:rok v strate,T1,T2,T5,V1"
COGT,Cogent Biosciences Inc. Common Stock,5.22,Health Care,2026-10-09,31.0,3.06,30.66,31.69,32.65,35.04,36.15,1.31,1912277,43.73,13.78,91.48,-17.25,-21.17,False,False,"U:>15% pod maximom,T1,T2,T5"
PRAX,Praxis Precision Medicines Inc. Common Stock,7.36,Health Care,2026-10-09,259.86,-1.4,273.96,290.57,308.46,329.65,316.69,14.75,413480,392.7,50.56,374.54,-17.39,-21.31,False,False,"U:objem,U:>15% pod maximom,U:divoký,T1,T2,T4,T5,V1"
GBCI,Glacier Bancorp Inc. Common Stock,5.6,Finance,2026-10-09,42.73,-0.58,42.98,44.08,44.82,46.36,47.72,0.84,1078585,54.58,39.9,-10.16,-17.45,-21.37,False,False,"U:>15% pod maximom,U:rok v strate,T1,T2,T5,V1"
RKT,Rocket Companies Inc. Class A Common Stock,33.3,Finance,2026-10-09,11.48,-2.38,11.82,12.11,12.6,13.18,15.39,0.57,31069992,24.36,10.99,-29.4,-17.47,-21.39,False,False,"U:>15% pod maximom,U:rok v strate,T1,T2,T5,V1"
VC,Visteon Corporation Common Stock,2.3,Consumer Discretionary,2026-10-09,85.43,-0.84,86.57,91.0,94.36,98.67,101.25,2.53,466826,126.95,83.49,-23.7,-17.49,-21.41,False,False,"U:objem,U:>15% pod maximom,U:rok v strate,T1,T2,T5,V1"
ACI,Albertsons Companies Inc. Class A Common Stock,5.99,Consumer Staples,2026-10-09,12.19,-1.22,12.36,12.01,12.06,12.11,15.24,0.36,8309009,20.0,10.86,-29.5,-17.58,-21.5,False,False,"U:>15% pod maximom,U:rok v strate,T1,T2,T5,V1"
HR,Healthcare Realty Trust Incorporated Common Stock,5.89,Real Estate,2026-10-09,17.15,-0.23,17.24,17.85,18.32,18.8,18.79,0.34,3930515,22.04,16.31,-3.05,-17.59,-21.51,False,False,"U:>15% pod maximom,U:rok v strate,T1,T2,T5,V1"
AS,Amer Sports Inc. Ordinary Shares,15.31,Consumer Discretionary,2026-10-09,28.14,2.51,27.49,27.26,27.44,30.22,34.36,0.79,6399625,42.76,26.1,-13.26,-17.6,-21.52,False,False,"U:>15% pod maximom,U:rok v strate,T1,T2,T5"
YETI,YETI Holdings Inc. Common Stock,2.89,Consumer Discretionary,2026-10-09,39.79,0.48,39.88,41.27,41.38,43.45,44.3,1.33,1674479,53.99,31.66,19.96,-17.67,-21.59,False,False,"U:>15% pod maximom,T1,T2,T5,V1"
HESM,Hess Midstream LP Class A Representing Limited Partner Interests,4.36,Energy,2026-10-09,32.26,-5.12,34.31,37.97,39.24,39.2,38.2,1.4,1523911,41.44,31.63,-1.53,-17.73,-21.65,False,False,"U:>15% pod maximom,U:rok v strate,T1,T2,T5,V1"
ALH,Alliance Laundry Holdings Inc. Common Stock,4.22,Industrials,2026-10-09,21.27,0.14,21.41,21.42,21.57,23.2,23.51,0.67,1243477,28.23,18.64,-14.3,-17.75,-21.67,False,False,"U:>15% pod maximom,U:rok v strate,T1,T2,T5,V1"
PSN,Parsons Corporation Common Stock,4.59,Technology,2026-10-09,45.08,4.79,43.05,43.5,44.44,45.8,55.36,1.7,1420160,89.5,36.26,-48.43,-17.83,-21.75,False,False,"U:>15% pod maximom,U:rok v strate,T1,T2,T5"
APLD,Applied Digital Corporation Common Stock,7.21,Technology,2026-10-09,23.68,-0.71,24.43,25.47,26.1,27.02,32.09,1.53,19009807,50.72,19.0,-19.15,-17.89,-21.81,False,False,"U:>15% pod maximom,U:rok v strate,T1,T2,T4,T5,V1"
LHX,L3Harris Technologies Inc. Common Stock,44.12,Industrials,2026-10-09,236.97,0.02,237.15,240.85,244.57,259.22,309.38,4.65,1583320,379.23,232.34,-20.53,-17.92,-21.84,False,False,"U:>15% pod maximom,U:rok v strate,T1,T2,T5,V1"
WLK,Westlake Corporation Common Stock,7.96,Industrials,2026-10-09,62.29,-0.03,62.35,66.07,68.55,72.15,87.99,2.33,927595,124.23,56.33,-22.83,-18.11,-22.03,False,False,"U:objem,U:>15% pod maximom,U:rok v strate,T1,T2,T5,V1"
LUMN,Lumen Technologies Inc. Common Stock,5.73,Telecommunications,2026-10-09,5.28,-5.04,5.88,6.01,6.3,6.23,7.5,0.28,12969268,11.95,5.13,-22.92,-18.14,-22.06,False,False,"U:>15% pod maximom,U:rok v strate,T1,T2,T4,T5,V1"
NBIX,Neurocrine Biosciences Inc. Common Stock,14.36,Health Care,2026-10-09,142.44,0.84,143.02,143.96,147.05,151.97,147.23,3.66,1293398,186.12,122.14,2.87,-18.18,-22.1,False,False,"U:>15% pod maximom,T1,T2,T5,V1"
YOU,Clear Secure Inc. Class A Common Stock,5.83,Technology,2026-10-09,43.43,0.81,43.59,40.84,41.05,44.24,46.99,1.4,1750057,69.07,29.43,40.14,-18.18,-22.1,False,False,"U:>15% pod maximom,T1,T2,T5,V1"
SFM,Sprouts Farmers Market Inc. Common Stock,6.16,Consumer Staples,2026-10-09,65.14,-1.32,66.44,67.06,69.52,75.97,77.5,2.39,1979139,114.34,61.88,-37.4,-18.24,-22.16,False,False,"U:>15% pod maximom,U:rok v strate,T1,T2,T5,V1"
SNEX,StoneX Group Inc. Common Stock,7.25,Finance,2026-10-09,61.24,1.9,60.89,66.01,67.6,67.81,64.95,2.91,967080,94.66,36.45,38.78,-18.26,-22.18,False,False,"U:objem,U:>15% pod maximom,T1,T2,T5"
NXPI,NXP Semiconductors N.V. Common Stock,58.27,Technology,2026-10-09,227.52,-1.54,231.29,233.62,231.52,230.6,245.95,7.49,3616376,339.95,183.0,2.75,-18.27,-22.19,False,False,"U:>15% pod maximom,T1,T5,V1"
IRON,Disc Medicine Inc. Common Stock,2.33,Health Care,2026-10-09,62.06,2.12,61.58,65.58,68.97,73.54,71.21,2.7,476603,99.5,40.0,-12.28,-18.32,-22.24,False,False,"U:objem,U:>15% pod maximom,U:rok v strate,T1,T2,T5"
COMP,Compass Inc. Class A Common Stock,7.21,Finance,2026-10-09,9.39,-1.37,9.56,9.58,9.9,10.85,10.06,0.44,13122903,13.95,6.37,29.16,-18.35,-22.27,False,False,"U:>15% pod maximom,T1,T2,T5,V1"
WY,Weyerhaeuser Company Common Stock,13.82,Real Estate,2026-10-09,19.1,-0.37,19.17,20.12,21.04,22.53,24.04,0.55,6414274,27.75,18.26,-21.85,-18.41,-22.33,False,False,"U:>15% pod maximom,U:rok v strate,T1,T2,T5,V1"
CVS,CVS Health Corporation Common Stock,112.29,Consumer Staples,2026-10-09,86.16,-1.87,88.5,88.16,90.3,92.9,87.91,2.13,8005687,110.68,69.51,12.28,-18.64,-22.56,False,False,"U:>15% pod maximom,T1,T2,T5,V1"
EVR,Evercore Inc. Class A Common Stock,10.26,Finance,2026-10-09,271.86,1.92,268.22,264.14,269.49,284.69,323.0,7.61,520919,388.71,251.13,-13.41,-18.64,-22.56,False,False,"U:objem,U:>15% pod maximom,U:rok v strate,T1,T2,T5"
AN,AutoNation Inc. Common Stock,5.19,Consumer Discretionary,2026-10-09,157.38,0.2,158.57,168.73,181.29,190.93,197.4,5.9,507268,235.81,152.86,-27.88,-18.64,-22.56,False,False,"U:objem,U:>15% pod maximom,U:rok v strate,T1,T2,T5,V1"
ENLT,Enlight Renewable Energy Ltd. Ordinary Shares,9.36,Utilities,2026-10-09,67.41,0.45,67.5,69.89,72.23,76.34,76.38,2.3,185236,108.65,32.75,100.15,-18.72,-22.64,False,False,"U:objem,U:>15% pod maximom,T1,T2,T5,V1"
FOUR,Shift4 Payments Inc. Class A Common Stock,3.12,Consumer Discretionary,2026-10-09,40.0,1.21,40.19,39.01,40.15,43.12,48.26,1.72,1874390,80.0,34.56,-49.6,-18.75,-22.67,False,False,"U:>15% pod maximom,U:rok v strate,T1,T2,T5,V1"
NLY,Annaly Capital Management Inc. Common Stock,13.77,Real Estate,2026-10-09,18.3,0.16,18.36,19.99,21.03,21.75,22.31,0.51,9351984,24.52,17.76,-12.4,-18.77,-22.69,False,False,"U:>15% pod maximom,U:rok v strate,T1,T2,T5,V1"
GIL,Gildan Activewear Inc. Class A Sub. Vot. Common Stock,7.76,Consumer Discretionary,2026-10-09,41.97,0.17,42.0,43.61,45.87,50.21,57.42,1.79,1544707,73.7,39.93,-30.87,-18.79,-22.71,False,False,"U:>15% pod maximom,U:rok v strate,T1,T2,T5,V1"
BWXT,BWX Technologies Inc. Common Stock,13.03,Industrials,2026-10-09,143.83,1.13,146.59,141.77,145.2,153.8,188.92,5.54,1103796,241.82,131.86,-26.47,-18.8,-22.72,False,False,"U:>15% pod maximom,U:rok v strate,T1,T2,T5,V1"
FIS,Fidelity National Information Services Inc. Common Stock,17.71,Consumer Discretionary,2026-10-09,34.04,-0.87,34.42,34.75,36.09,38.85,45.97,0.92,6223952,69.04,32.1,-50.36,-18.82,-22.74,False,False,"U:>15% pod maximom,U:rok v strate,T1,T2,T5,V1"
VSH,Vishay Intertechnology Inc. Common Stock,5.3,Technology,2026-10-09,34.04,-1.5,36.7,33.54,32.49,32.97,31.14,1.76,4283434,69.47,11.77,114.22,-18.84,-22.76,False,False,"U:>15% pod maximom,U:divoký,T4,T5,V1"
BOH,Bank of Hawaii Corporation Common Stock,2.67,Finance,2026-10-09,66.81,-1.33,67.95,70.79,72.99,75.07,76.5,1.61,413865,86.31,59.36,3.34,-18.9,-22.82,False,False,"U:objem,U:>15% pod maximom,T1,T2,T5,V1"
MOH,Molina Healthcare Inc Common Stock,10.22,Health Care,2026-10-09,196.93,0.6,196.99,195.35,196.3,197.94,182.52,7.06,910639,244.89,121.06,-1.71,-18.92,-22.84,False,False,"U:objem,U:>15% pod maximom,U:rok v strate,T1,T2,T5,V1"
JBHT,J.B. Hunt Transport Services Inc. Common Stock,21.45,Industrials,2026-10-09,229.26,0.37,228.94,234.77,245.7,255.59,244.18,6.02,1020571,299.76,136.46,60.75,-18.99,-22.91,False,False,"U:>15% pod maximom,T1,T2,T5"
PRMB,Primo Brands Corporation Class A Common Stock,7.01,Consumer Staples,2026-10-09,19.27,-0.36,19.4,19.82,20.29,21.73,21.21,0.68,4202717,26.21,14.36,-13.86,-19.0,-22.92,False,False,"U:>15% pod maximom,U:rok v strate,T1,T2,T5,V1"
FTAI,FTAI Aviation Ltd. Common Stock,17.57,Industrials,2026-10-09,169.96,-0.64,173.35,177.18,181.4,194.38,235.66,7.71,1468223,323.51,149.5,0.35,-19.02,-22.94,False,False,"U:>15% pod maximom,T1,T2,T5,V1"
CARR,Carrier Global Corporation Common Stock ,46.02,Industrials,2026-10-09,55.56,-0.48,55.98,55.31,55.94,58.6,61.69,1.29,6458557,76.76,50.24,-4.37,-19.02,-22.94,False,False,"U:>15% pod maximom,U:rok v strate,T1,T2,T5,V1"
GRAB,Grab Holdings Limited Class A Ordinary Shares,12.75,Consumer Discretionary,2026-10-09,3.19,2.57,3.12,3.05,3.06,3.33,3.79,0.12,56519887,6.4,2.74,-48.3,-19.04,-22.96,False,False,"U:>15% pod maximom,U:rok v strate,T1,T2,T5"
CENX,Century Aluminum Company Common Stock,3.6,Industrials,2026-10-09,36.76,1.04,36.67,37.96,40.33,43.04,50.56,1.26,1896139,70.43,25.4,17.37,-19.05,-22.97,False,False,"U:>15% pod maximom,T1,T2,T5"
OC,Owens Corning Inc Common Stock New,9.26,Industrials,2026-10-09,114.16,-2.59,117.77,121.21,124.9,135.32,126.21,4.61,1002561,159.91,97.53,-12.04,-19.1,-23.02,False,False,"U:>15% pod maximom,U:rok v strate,T1,T2,T5,V1"
MRCY,Mercury Systems Inc Common Stock,4.78,Technology,2026-10-09,79.49,1.24,79.93,83.13,83.34,91.0,92.11,2.9,692077,128.45,65.04,-1.82,-19.1,-23.02,False,False,"U:objem,U:>15% pod maximom,U:rok v strate,T1,T2,T5,V1"
EPRT,Essential Properties Realty Trust Inc. Common Stock,5.42,Real Estate,2026-10-09,25.37,1.28,25.11,26.37,27.39,28.81,30.73,0.47,1913992,34.73,24.62,-14.0,-19.15,-23.07,False,False,"U:>15% pod maximom,U:rok v strate,T1,T2,T5"
LBTYK,Liberty Global Ltd. Class C Common Shares,2.98,Telecommunications,2026-10-09,8.52,-2.63,9.0,9.29,9.68,9.92,10.97,0.32,1587985,13.12,8.21,-21.98,-19.17,-23.09,False,False,"U:>15% pod maximom,U:rok v strate,T1,T2,T5,V1"
CTRI,Centuri Holdings Inc. Common Stock,2.1,Utilities,2026-10-09,20.9,0.43,20.89,20.19,20.06,21.38,27.83,0.72,1838863,42.99,19.03,1.85,-19.21,-23.13,False,False,"U:>15% pod maximom,T1,T5"
NESR,National Energy Services Reunited Corp Ordinary Shares,2.34,Energy,2026-10-09,22.78,-1.98,23.97,28.71,31.35,31.46,25.26,1.53,2096903,36.94,9.95,127.01,-19.22,-23.14,False,False,"U:>15% pod maximom,T1,T2,T4,T5,V1"
ALNY,Alnylam Pharmaceuticals Inc. Common Stock,30.04,Health Care,2026-10-09,232.68,3.63,225.9,239.66,247.41,237.38,298.57,9.69,1739196,495.55,197.81,-49.08,-19.23,-23.15,False,False,"U:>15% pod maximom,U:rok v strate,T1,T2,T5"
BGSI,Boyd Group Services Inc. Common Shares,2.17,,2026-10-09,78.05,-0.03,80.1,80.24,82.48,87.89,120.59,2.28,55553,183.1,75.42,,-19.32,-23.24,False,False,"U:objem,U:>15% pod maximom,T1,T2,T5,V1"
RIVN,Rivian Automotive Inc. Class A Common Stock,20.75,Industrials,2026-10-09,13.96,-2.58,14.36,14.94,15.35,15.52,16.02,0.58,23873901,22.69,12.39,6.65,-19.35,-23.27,False,False,"U:>15% pod maximom,T1,T2,T5,V1"
ELVN,Enliven Therapeutics Inc. Common Stock,2.98,Health Care,2026-10-09,40.98,0.86,40.9,46.6,50.39,53.99,41.05,1.95,1143603,62.32,14.78,92.48,-19.44,-23.36,False,False,"U:>15% pod maximom,U:divoký,T1,T2,T5"
ARR,ARMOUR Residential REIT Inc.,2.25,Real Estate,2026-10-09,13.59,0.89,13.5,14.2,14.85,15.5,16.88,0.4,4076036,19.31,13.16,-13.77,-19.44,-23.36,False,False,"U:>15% pod maximom,U:rok v strate,T1,T2,T5"
ATEN,A10 Networks Inc. Common Stock,2.03,Telecommunications,2026-10-09,29.63,5.97,28.85,27.03,26.04,26.73,25.9,1.02,1277092,38.49,16.52,61.12,-19.46,-23.38,False,False,"U:>15% pod maximom,T5"
ALB,Albemarle Corporation Common Stock,12.05,Industrials,2026-10-09,101.27,-0.81,102.69,108.62,113.84,121.66,154.45,3.44,2344852,221.0,88.01,4.94,-19.49,-23.41,False,False,"U:>15% pod maximom,T1,T2,T5,V1"
LPL,LG Display Co Ltd AMERICAN DEPOSITORY SHARES,2.85,Technology,2026-10-09,2.89,1.4,2.95,3.0,3.06,3.18,3.99,0.1,2806195,5.83,2.76,-47.26,-19.5,-23.42,False,False,"U:>15% pod maximom,U:rok v strate,T1,T2,T5,V1"
WDFC,WD-40 Company Common Stock,2.74,Industrials,2026-10-09,202.29,-0.79,204.82,198.22,197.49,211.23,218.74,4.29,117165,298.9,175.38,4.97,-19.54,-23.46,False,False,"U:objem,U:>15% pod maximom,T1,T5,V1"
FSLR,First Solar Inc. Common Stock,19.22,Technology,2026-10-09,177.82,-0.58,181.68,185.23,192.44,205.04,222.07,6.92,2275733,320.95,168.6,-24.11,-19.55,-23.47,False,False,"U:>15% pod maximom,U:rok v strate,T1,T2,T5,V1"
GPK,Graphic Packaging Holding Company,2.54,Consumer Discretionary,2026-10-09,8.35,-2.68,8.6,9.16,9.46,10.37,11.18,0.34,5751369,18.63,8.21,-53.94,-19.56,-23.48,False,False,"U:>15% pod maximom,U:rok v strate,T1,T2,T5,V1"
STLA,Stellantis N.V. Common Shares,13.1,Industrials,2026-10-09,4.48,-0.88,4.53,4.69,4.9,5.12,7.06,0.2,23558941,12.22,4.3,-57.7,-19.57,-23.49,False,False,"U:>15% pod maximom,U:rok v strate,T1,T2,T5,V1"
BYD,Boyd Gaming Corporation Common Stock,5.09,Consumer Discretionary,2026-10-09,68.93,-1.53,70.49,70.98,72.75,76.9,83.0,1.98,1016361,91.41,65.0,-17.33,-19.62,-23.54,False,False,"U:>15% pod maximom,U:rok v strate,T1,T2,T5,V1"
CECO,CECO Environmental Corp. Common Stock,3.84,Industrials,2026-10-09,65.82,0.41,71.22,71.27,72.89,72.44,72.3,3.85,825946,101.24,42.82,31.61,-19.63,-23.55,False,False,"U:objem,U:>15% pod maximom,T1,T2,T4,T5,V1"
ESE,ESCO Technologies Inc. Common Stock,7.88,Telecommunications,2026-10-09,257.83,1.48,257.1,264.29,266.58,280.35,284.19,7.79,222404,362.15,193.68,24.52,-19.63,-23.55,False,False,"U:objem,U:>15% pod maximom,T1,T2,T5"
NMRK,Newmark Group Inc. Class A Common Stock,2.27,Finance,2026-10-09,12.12,-3.19,12.56,13.11,13.67,14.38,15.29,0.51,1658725,19.83,11.9,-29.49,-19.68,-23.6,False,False,"U:>15% pod maximom,U:rok v strate,T1,T2,T5,V1"
KGS,Kodiak Gas Services Inc. Common Stock,5.43,Utilities,2026-10-09,53.47,-0.19,55.03,54.81,57.11,58.51,58.44,2.18,1769352,77.68,32.55,52.08,-19.69,-23.61,False,False,"U:>15% pod maximom,T1,T2,T5,V1"
EXP,Eagle Materials Inc Common Stock,5.13,Industrials,2026-10-09,164.7,-1.55,167.71,175.07,180.07,191.4,205.99,4.48,452161,245.53,164.09,-29.62,-19.71,-23.63,False,False,"U:objem,U:>15% pod maximom,U:rok v strate,T1,T2,T5,V1"
SEZL,Sezzle Inc. Common Stock,3.95,Finance,2026-10-09,128.64,9.74,117.98,113.35,113.85,122.94,104.18,5.73,617139,195.71,49.5,57.47,-19.73,-23.65,False,False,"U:objem,U:>15% pod maximom,U:deň >+8%,T2,T3,T5"
KYIV,Kyivstar Group Ltd. Common Shares,2.83,Telecommunications,2026-10-09,12.1,-0.82,12.5,12.84,13.22,13.21,12.89,0.34,380658,16.55,9.29,-0.08,-19.76,-23.68,False,False,"U:objem,U:>15% pod maximom,U:rok v strate,T1,T2,T5,V1"
DNN,Denison Mines Corp Ordinary Shares (Canada),2.14,Basic Materials,2026-10-09,2.43,2.97,2.55,2.69,2.87,3.04,3.38,0.13,25799836,4.43,2.2,-14.13,-19.8,-23.72,False,False,"U:>15% pod maximom,U:rok v strate,T1,T2,T4,T5,V1"
SRAD,Sportradar Group AG Class A Ordinary Shares,3.88,Technology,2026-10-09,12.49,0.4,12.46,12.52,12.66,12.79,15.66,0.62,2368139,27.85,11.39,-50.59,-19.88,-23.8,False,False,"U:>15% pod maximom,U:rok v strate,T1,T2,T5"
ULS,UL Solutions Inc. Class A Common Stock,14.26,Health Care,2026-10-09,69.99,-0.93,70.9,66.46,67.36,72.44,83.2,2.06,921819,107.54,63.17,-4.2,-20.04,-23.96,False,False,"U:objem,U:>15% pod maximom,U:rok v strate,T1,T2,T5,V1"
BC,Brunswick Corporation Common Stock,4.04,Industrials,2026-10-09,61.48,-1.4,63.33,65.81,67.86,73.35,78.4,1.88,740076,90.25,58.56,-0.84,-20.1,-24.02,False,False,"U:objem,U:>15% pod maximom,U:rok v strate,T1,T2,T5,V1"
IONS,Ionis Pharmaceuticals Inc. Common Stock,7.2,Health Care,2026-10-09,45.28,4.57,44.19,45.08,48.1,52.81,69.52,1.73,3382785,86.74,42.63,-35.56,-20.21,-24.13,False,False,"U:>15% pod maximom,U:rok v strate,T1,T2,T5"
MTH,Meritage Homes Corporation Common Stock,3.95,Consumer Discretionary,2026-10-09,58.81,-3.0,60.86,63.56,64.42,67.77,69.51,2.18,826531,85.38,58.03,-13.4,-20.34,-24.26,False,False,"U:objem,U:>15% pod maximom,U:rok v strate,T1,T2,T5,V1"
BLLN,BillionToOne Inc. Class A Common Stock,4.5,Health Care,2026-10-09,98.09,2.81,96.01,108.19,108.03,104.35,95.29,8.03,683104,150.44,61.96,,-20.41,-24.33,False,False,"U:objem,U:>15% pod maximom,T1,T4,T5"
RDDT,Reddit Inc. Class A Common Stock,30.1,Technology,2026-10-09,159.91,2.2,157.3,152.45,152.19,154.04,166.65,6.54,5900442,263.5,119.27,-24.46,-20.42,-24.34,False,False,"U:>15% pod maximom,U:rok v strate,T1,T5"
PTCT,PTC Therapeutics Inc. Common Stock,5.22,Health Care,2026-10-09,64.7,3.42,62.86,64.64,65.7,68.34,71.84,2.13,1146230,90.87,61.23,-1.98,-20.45,-24.37,False,False,"U:>15% pod maximom,U:rok v strate,T1,T2,T5"
ABG,Asbury Automotive Group Inc Common Stock,3.03,Consumer Discretionary,2026-10-09,167.6,-0.8,169.69,181.23,191.93,200.59,208.89,6.45,253601,258.75,164.34,-31.29,-20.47,-24.39,False,False,"U:objem,U:>15% pod maximom,U:rok v strate,T1,T2,T5,V1"
AROC,Archrock Inc. Common Stock,5.32,Utilities,2026-10-09,30.28,-0.2,30.54,30.56,31.18,31.99,33.84,0.85,1751988,42.23,22.88,21.07,-20.52,-24.44,False,False,"U:>15% pod maximom,T1,T2,T5,V1"
LBTYA,Liberty Global Ltd. Class A Common Shares,3.05,Telecommunications,2026-10-09,8.66,-3.02,9.07,9.52,9.93,10.17,11.24,0.34,2699909,13.52,8.35,-20.04,-20.55,-24.47,False,False,"U:>15% pod maximom,U:rok v strate,T1,T2,T5,V1"
LSTR,Landstar System Inc. Common Stock,5.75,Industrials,2026-10-09,169.11,-0.21,170.06,169.11,170.59,175.83,175.73,3.92,420980,228.46,121.12,30.88,-20.56,-24.48,False,False,"U:objem,U:>15% pod maximom,T1,T2,T5,V1"
CRH,CRH PLC Ordinary Shares,54.81,Industrials,2026-10-09,81.54,-0.42,81.93,84.57,86.54,91.0,107.26,2.25,4805523,131.55,80.13,-30.67,-20.61,-24.53,False,False,"U:>15% pod maximom,U:rok v strate,T1,T2,T5,V1"
BTDR,Bitdeer Technologies Group Class A Ordinary Shares,2.64,Finance,2026-10-09,9.63,-0.93,10.29,11.28,11.75,10.9,12.0,0.75,11651879,27.8,6.92,-53.05,-20.61,-24.53,False,False,"U:>15% pod maximom,U:divoký,U:rok v strate,T1,T2,T4,T5,V1"
MRP,Millrose Properties Inc. Class A Common Stock,3.76,Finance,2026-10-09,22.36,-1.19,22.83,26.3,28.26,28.58,29.21,1.2,1823304,33.49,21.66,-30.97,-20.62,-24.54,False,False,"U:>15% pod maximom,U:rok v strate,T1,T2,T4,T5,V1"
VRT,Vertiv Holdings LLC Class A Common Stock,93.83,Technology,2026-10-09,242.78,-0.39,252.1,246.29,251.27,259.6,266.86,9.49,5262900,379.93,147.82,43.76,-20.63,-24.55,False,False,"U:>15% pod maximom,T1,T2,T5,V1"
WING,Wingstop Inc. Common Stock,3.23,Consumer Discretionary,2026-10-09,122.26,3.17,120.5,106.62,105.64,111.96,173.19,5.23,1264396,302.8,95.82,-51.05,-20.64,-24.56,False,False,"U:>15% pod maximom,U:rok v strate,T1,T3,T5"
NKE,Nike Inc. Common Stock,51.6,Consumer Discretionary,2026-10-09,34.71,-0.09,34.87,35.5,36.24,38.15,48.01,1.16,31693612,70.44,31.97,-49.0,-20.68,-24.6,False,False,"U:>15% pod maximom,U:rok v strate,T1,T2,T5,V1"
NCLH,Norwegian Cruise Line Holdings Ltd. Ordinary Shares,7.11,Consumer Discretionary,2026-10-09,15.57,0.52,15.53,14.68,14.61,16.31,19.26,0.63,16936565,25.13,13.63,-33.15,-20.68,-24.6,False,False,"U:>15% pod maximom,U:rok v strate,T1,T5"
RRX,Regal Rexnord Corporation Common Stock,10.66,Industrials,2026-10-09,165.03,3.14,163.96,155.77,155.18,165.21,189.19,5.48,1210820,247.8,127.96,13.64,-20.83,-24.75,False,False,"U:>15% pod maximom,T1,T5"
MARA,MARA Holdings Inc. Common Stock,3.83,Finance,2026-10-09,9.65,-2.62,10.24,11.72,12.04,11.15,10.98,0.72,46764374,23.45,6.66,-52.23,-20.84,-24.76,False,False,"U:>15% pod maximom,U:rok v strate,T1,T2,T4,T5,V1"
ALM,Almonty Industries Inc. Common Shares,3.34,Basic Materials,2026-10-09,11.87,2.59,12.22,13.36,14.61,15.0,15.8,0.87,6542188,24.41,5.43,51.6,-20.95,-24.87,False,False,"U:>15% pod maximom,U:divoký,T1,T2,T4,T5,V1"
ALGN,Align Technology Inc. Common Stock,10.02,Health Care,2026-10-09,142.71,1.19,141.12,145.88,148.93,157.0,169.83,4.0,914030,200.44,124.91,8.22,-20.98,-24.9,False,False,"U:objem,U:>15% pod maximom,T1,T2,T5"
RBA,RB Global Inc. Common Stock,15.25,Consumer Discretionary,2026-10-09,85.84,2.15,85.85,82.86,82.72,86.27,101.4,2.27,1757812,119.33,78.05,-17.25,-21.09,-25.01,False,False,"U:>15% pod maximom,U:rok v strate,T1,T5,V1"
AGNC,AGNC Investment Corp. Common Stock,10.29,Real Estate,2026-10-09,8.67,-0.12,8.69,9.39,9.84,10.21,10.67,0.24,27566730,12.19,8.41,-13.3,-21.11,-25.03,False,False,"U:>15% pod maximom,U:rok v strate,T1,T2,T5,V1"
SLGN,Silgan Holdings Inc. Common Stock,3.78,Industrials,2026-10-09,35.44,-1.01,35.91,36.31,37.28,39.3,41.58,1.03,1323800,49.55,33.7,-17.1,-21.14,-25.06,False,False,"U:>15% pod maximom,U:rok v strate,T1,T2,T5,V1"
TMUS,T-Mobile US Inc. Common Stock,183.76,Telecommunications,2026-10-09,148.58,-13.27,171.8,166.72,170.81,174.85,190.38,4.87,4907490,231.02,147.9,-34.32,-21.14,-25.06,False,False,"U:>15% pod maximom,U:rok v strate,T1,T2,T5,V1"
LVS,Las Vegas Sands Corp. Common Stock,23.38,Consumer Discretionary,2026-10-09,36.17,0.19,36.12,38.55,40.36,42.68,50.95,0.92,5458276,70.45,35.28,-30.25,-21.2,-25.12,False,False,"U:>15% pod maximom,U:rok v strate,T1,T2,T5"
CMI,Cummins Inc. Common Stock,71.64,Industrials,2026-10-09,523.39,0.57,522.12,525.77,533.97,568.99,603.75,12.42,1028969,737.76,400.72,22.66,-21.22,-25.14,False,False,"U:>15% pod maximom,T1,T2,T5"
SPXC,SPX Technologies Inc. Common Stock,8.44,Industrials,2026-10-09,169.46,0.52,171.56,174.54,179.73,193.29,210.52,5.29,535787,251.08,166.17,-8.88,-21.23,-25.15,False,False,"U:objem,U:>15% pod maximom,U:rok v strate,T1,T2,T5,V1"
IMVT,Immunovant Inc. Common Stock,6.25,Health Care,2026-10-09,30.47,0.69,31.5,34.39,36.13,38.4,31.86,1.43,1249730,45.42,16.08,74.31,-21.27,-25.19,False,False,"U:>15% pod maximom,T1,T2,T5,V1"
FER,Ferrovial N.V. Ordinary Shares,36.18,Industrials,2026-10-09,50.15,-0.28,50.35,53.89,55.38,58.74,65.41,1.12,1586526,74.79,49.43,-16.22,-21.27,-25.19,False,False,"U:>15% pod maximom,U:rok v strate,T1,T2,T5,V1"
CHTR,Charter Communications Inc. Class A Common Stock New,12.57,Telecommunications,2026-10-09,103.38,-5.74,112.18,117.94,127.02,137.34,172.38,5.28,3030933,275.58,102.37,-60.99,-21.31,-25.23,False,False,"U:>15% pod maximom,U:rok v strate,T1,T2,T4,T5,V1"
VCYT,Veracyte Inc. Common Stock,3.51,Health Care,2026-10-09,45.23,3.74,43.67,43.73,43.1,43.76,42.56,2.82,1367058,60.91,29.45,29.49,-21.31,-25.23,False,False,"U:>15% pod maximom,T4,T5"
KBH,KB Home Common Stock,2.72,Consumer Discretionary,2026-10-09,43.13,-2.79,44.62,46.93,48.29,51.56,54.65,1.47,1249907,67.57,42.88,-25.11,-21.31,-25.23,False,False,"U:>15% pod maximom,U:rok v strate,T1,T2,T5,V1"
BBIO,BridgeBio Pharma Inc. Common Stock,12.71,Health Care,2026-10-09,65.35,0.48,66.4,66.94,68.98,74.53,73.34,2.42,2397684,93.42,52.75,19.27,-21.34,-25.26,False,False,"U:>15% pod maximom,T1,T2,T5,V1"
LULU,lululemon athletica inc. Common Stock,9.79,Consumer Discretionary,2026-10-09,94.5,1.96,93.58,97.61,99.28,109.43,142.03,3.13,4777061,225.98,90.38,-45.53,-21.45,-25.37,False,False,"U:>15% pod maximom,U:rok v strate,T1,T2,T5"
MIDD,Middleby Corporation (The) Common Stock,4.77,Industrials,2026-10-09,105.95,0.52,106.36,107.92,108.56,114.04,121.1,2.6,585574,148.55,89.16,-0.76,-21.47,-25.39,False,False,"U:objem,U:>15% pod maximom,U:rok v strate,T1,T2,T5,V1"
VVV,Valvoline Inc. Common Stock,3.93,Industrials,2026-10-09,30.27,-1.85,31.03,29.18,29.21,31.79,34.26,1.01,2446082,41.08,26.21,-10.97,-21.48,-25.4,False,False,"U:>15% pod maximom,U:rok v strate,T1,T2,T5,V1"
LINE,Lineage Inc. Common Stock,7.84,Real Estate,2026-10-09,34.43,-0.03,34.46,35.94,36.76,38.62,38.74,0.95,971100,45.75,31.33,-13.98,-21.48,-25.4,False,False,"U:objem,U:>15% pod maximom,U:rok v strate,T1,T2,T5,V1"
GPI,Group 1 Automotive Inc. Common Stock,2.82,Consumer Discretionary,2026-10-09,232.01,-1.94,237.92,249.25,261.77,262.62,318.67,10.16,238323,461.27,227.88,-45.46,-21.53,-25.45,False,False,"U:objem,U:>15% pod maximom,U:rok v strate,T1,T2,T5,V1"
HRL,Hormel Foods Corporation Common Stock,10.69,Consumer Staples,2026-10-09,19.19,-1.18,19.64,20.12,20.47,22.07,23.06,0.44,4780207,26.6,19.16,-19.27,-21.55,-25.47,False,False,"U:>15% pod maximom,U:rok v strate,T1,T2,T5,V1"
NVO,Novo Nordisk A/S Common Stock,169.06,Health Care,2026-10-09,38.64,1.2,38.23,39.44,41.1,43.43,45.4,0.74,12774325,64.16,35.12,-34.15,-21.59,-25.51,False,False,"U:>15% pod maximom,U:rok v strate,T1,T2,T5"
MMYT,MakeMyTrip Limited Ordinary Shares,4.09,Consumer Discretionary,2026-10-09,44.73,2.76,44.0,46.65,48.53,53.71,53.52,1.95,821292,96.6,32.67,-52.63,-21.64,-25.56,False,False,"U:objem,U:>15% pod maximom,U:rok v strate,T1,T2,T5"
ALKS,Alkermes plc Ordinary Shares,6.73,Health Care,2026-10-09,40.61,1.25,41.26,42.48,43.61,45.99,39.42,1.41,1859325,55.67,27.0,29.41,-21.71,-25.63,False,False,"U:>15% pod maximom,T1,T2,T5,V1"
IBM,International Business Machines Corporation Common Stock,213.5,Technology,2026-10-09,227.13,0.23,227.31,228.84,232.2,232.08,253.53,5.64,8137946,332.46,199.19,-21.2,-21.74,-25.66,False,False,"U:>15% pod maximom,U:rok v strate,T1,T2,T5,V1"
COCO,The Vita Coco Company Inc. Common Stock,3.29,Consumer Staples,2026-10-09,58.39,4.31,56.92,56.55,55.96,59.42,61.42,2.9,1208644,85.83,38.07,36.52,-21.77,-25.69,False,False,"U:>15% pod maximom,T1,T5"
AAL,American Airlines Group Inc. Common Stock,8.47,Consumer Discretionary,2026-10-09,12.76,-0.31,12.83,13.15,13.18,13.81,13.77,0.43,74360593,18.79,10.09,9.81,-21.77,-25.69,False,False,"U:>15% pod maximom,T1,T2,T5,V1"
ODFL,Old Dominion Freight Line Inc. Common Stock,37.67,Industrials,2026-10-09,181.97,0.18,182.27,177.36,178.29,192.08,200.34,4.52,1724069,252.03,126.01,28.8,-21.87,-25.79,False,False,"U:>15% pod maximom,T1,T2,T5,V1"
QBTS,D-Wave Quantum Inc. Common Stock,5.54,Technology,2026-10-09,14.57,-0.21,15.15,16.46,16.91,17.9,20.52,0.87,16625546,46.75,12.75,-58.45,-21.92,-25.84,False,False,"U:>15% pod maximom,U:rok v strate,T1,T2,T4,T5,V1"
SMG,Scotts Miracle-Gro Company (The) Common Stock,2.94,Industrials,2026-10-09,49.86,-1.13,50.48,51.42,53.28,57.23,62.13,1.8,1041622,75.34,47.9,-13.69,-21.98,-25.9,False,False,"U:>15% pod maximom,U:rok v strate,T1,T2,T5,V1"
NVMI,Nova Ltd. Ordinary Shares,11.27,Technology,2026-10-09,353.0,-0.45,369.05,367.14,366.55,375.17,444.45,13.34,515682,615.99,266.43,8.93,-22.03,-25.95,False,False,"U:objem,U:>15% pod maximom,T1,T5,V1"
SAIA,Saia Inc. Common Stock,9.1,Industrials,2026-10-09,336.75,-1.32,344.21,341.32,344.11,350.76,388.98,11.67,428609,494.71,249.32,6.78,-22.06,-25.98,False,False,"U:objem,U:>15% pod maximom,T1,T2,T5,V1"
QXO,QXO Inc. Common Stock,11.54,Consumer Discretionary,2026-10-09,10.81,-2.79,11.17,11.83,12.16,13.12,18.18,0.61,19498241,27.61,10.75,-45.21,-22.17,-26.09,False,False,"U:>15% pod maximom,U:rok v strate,T1,T2,T4,T5,V1"
PLBL,Polibeli Group Ltd Class A Ordinary Shares,2.07,Consumer Discretionary,2026-10-09,5.64,0.0,5.74,5.66,5.63,5.82,7.66,0.41,214409,11.75,5.1,-31.22,-22.21,-26.13,False,False,"U:objem,U:>15% pod maximom,U:rok v strate,T1,T4,T5,V1"
STRL,Sterling Infrastructure Inc. Common Stock,15.86,Industrials,2026-10-09,513.0,-1.04,535.22,509.62,500.98,516.25,544.75,28.16,655212,1005.68,281.58,44.29,-22.28,-26.2,False,False,"U:objem,U:>15% pod maximom,T1,T4,T5,V1"
FBIN,Fortune Brands Innovations Inc. Common Stock,4.69,Basic Materials,2026-10-09,39.01,-0.76,39.4,39.12,39.7,43.35,45.98,1.4,2311187,64.84,32.34,-22.31,-22.41,-26.33,False,False,"U:>15% pod maximom,U:rok v strate,T1,T2,T5,V1"
CLDX,Celldex Therapeutics Inc.,2.3,Health Care,2026-10-09,29.89,2.01,30.1,33.57,35.53,37.7,32.45,1.94,1338295,45.14,22.1,8.53,-22.42,-26.34,False,False,"U:>15% pod maximom,T1,T2,T4,T5,V1"
ACAD,ACADIA Pharmaceuticals Inc. Common Stock,3.37,Health Care,2026-10-09,19.78,1.02,19.79,22.86,24.86,26.34,24.21,0.94,1850960,30.96,19.32,-4.12,-22.43,-26.35,False,False,"U:>15% pod maximom,U:rok v strate,T1,T2,T5,V1"
FNF,Fidelity National Financial Inc. Common Stock,10.67,Finance,2026-10-09,38.8,-2.44,39.87,41.03,42.39,45.15,49.09,1.15,2144785,58.41,37.88,-27.41,-22.46,-26.38,False,False,"U:>15% pod maximom,U:rok v strate,T1,T2,T5,V1"
MOD,Modine Manufacturing Company Common Stock,9.66,Consumer Discretionary,2026-10-09,181.56,-0.18,187.29,186.83,187.62,190.31,215.01,10.85,1405738,323.25,111.18,21.8,-22.5,-26.42,False,False,"U:>15% pod maximom,T1,T2,T4,T5,V1"
PLUG,Plug Power Inc. Common Stock,2.42,Energy,2026-10-09,1.68,-2.89,1.79,1.95,2.04,2.09,2.45,0.09,53218273,4.33,1.68,-55.56,-22.58,-26.5,False,False,"U:>15% pod maximom,U:rok v strate,T1,T2,T4,T5,V1"
NRG,NRG Energy Inc. Common Stock,22.35,Utilities,2026-10-09,107.97,1.55,109.69,102.1,104.89,111.42,139.59,4.35,2976849,189.96,93.36,-35.83,-22.59,-26.51,False,False,"U:>15% pod maximom,U:rok v strate,T1,T2,T5,V1"
WYNN,Wynn Resorts Limited Common stock,7.75,Consumer Discretionary,2026-10-09,75.15,-0.19,75.51,80.12,83.67,90.43,101.85,2.58,1857247,134.72,73.98,-39.17,-22.63,-26.55,False,False,"U:>15% pod maximom,U:rok v strate,T1,T2,T5,V1"
KTB,Kontoor Brands Inc. Common Stock ,3.63,Industrials,2026-10-09,65.62,-1.09,66.43,65.59,66.46,72.95,71.63,1.95,719985,88.96,56.19,-15.0,-22.65,-26.57,False,False,"U:objem,U:>15% pod maximom,U:rok v strate,T1,T2,T5,V1"
TFII,TFI International Inc. Common Shares,9.46,Industrials,2026-10-09,114.13,-0.88,115.47,121.72,126.49,131.08,129.27,3.44,296634,167.69,80.63,25.75,-22.69,-26.61,False,False,"U:objem,U:>15% pod maximom,T1,T2,T5,V1"
AXON,Axon Enterprise Inc. Common Stock,33.9,Industrials,2026-10-09,422.89,1.34,420.97,435.9,455.54,518.68,493.03,15.82,940585,764.02,339.01,-42.39,-22.69,-26.61,False,False,"U:objem,U:>15% pod maximom,U:rok v strate,T1,T2,T5"
LEVI,Levi Strauss & Co Class A Common Stock,7.31,Consumer Discretionary,2026-10-09,18.7,-1.84,19.39,19.77,20.0,21.14,21.72,0.59,2862857,25.7,17.72,-23.8,-22.7,-26.62,False,False,"U:>15% pod maximom,U:rok v strate,T1,T2,T5,V1"
WAFD,WaFd Inc. Common Stock,2.2,Finance,2026-10-09,29.43,-1.04,29.84,31.08,32.27,34.33,34.23,0.76,910155,39.49,26.31,1.8,-22.74,-26.66,False,False,"U:objem,U:>15% pod maximom,T1,T2,T5,V1"
TEX,Terex Corporation Common Stock,5.98,Industrials,2026-10-09,50.67,-3.21,53.8,56.33,58.21,61.26,62.19,2.42,1242644,74.69,41.7,-6.43,-22.77,-26.69,False,False,"U:>15% pod maximom,U:rok v strate,T1,T2,T5,V1"
STWD,STARWOOD PROPERTY TRUST INC. Starwood Property Trust Inc.,4.72,Real Estate,2026-10-09,12.71,-0.31,12.79,14.08,14.83,15.29,16.99,0.36,4751263,19.06,12.42,-31.33,-22.78,-26.7,False,False,"U:>15% pod maximom,U:rok v strate,T1,T2,T5,V1"
CALM,Cal-Maine Foods Inc. Common Stock,3.03,Consumer Staples,2026-10-09,64.35,-0.74,65.45,69.04,71.54,76.17,79.61,2.64,1110817,95.57,61.88,-29.71,-22.85,-26.77,False,False,"U:>15% pod maximom,U:rok v strate,T1,T2,T5,V1"
SRRK,Scholar Rock Holding Corporation Common Stock,5.14,Health Care,2026-10-09,42.19,-0.02,43.12,47.2,50.5,51.47,48.37,2.27,1532304,61.76,27.07,2.93,-22.87,-26.79,False,False,"U:>15% pod maximom,T1,T2,T4,T5,V1"
TTAM,Titan America SA Common Shares,2.42,Industrials,2026-10-09,13.08,-0.23,13.2,13.64,14.05,14.68,16.29,0.43,253107,19.57,12.92,-11.92,-22.88,-26.8,False,False,"U:objem,U:>15% pod maximom,U:rok v strate,T1,T2,T5,V1"
PII,Polaris Inc. Common Stock,3.01,Consumer Discretionary,2026-10-09,51.6,-2.29,53.37,53.72,55.56,60.91,63.54,1.6,822674,77.98,47.14,-17.61,-22.9,-26.82,False,False,"U:objem,U:>15% pod maximom,U:rok v strate,T1,T2,T5,V1"
ESAB,ESAB Corporation Common Stock,4.03,Industrials,2026-10-09,66.85,3.04,65.77,67.76,68.78,75.88,96.93,3.47,858846,137.42,62.74,-43.55,-22.91,-26.83,False,False,"U:objem,U:>15% pod maximom,U:rok v strate,T1,T2,T4,T5"
JBTM,JBT Marel Corporation Common Stock,5.47,Industrials,2026-10-09,107.08,1.63,106.0,109.53,111.48,115.68,134.39,3.33,571773,170.19,103.26,-24.08,-23.07,-26.99,False,False,"U:objem,U:>15% pod maximom,U:rok v strate,T1,T2,T5"
DECK,Deckers Outdoor Corporation Common Stock,11.26,Consumer Discretionary,2026-10-09,82.89,0.4,83.02,79.54,79.64,85.93,100.78,1.99,2844204,122.29,77.2,-16.15,-23.11,-27.03,False,False,"U:>15% pod maximom,U:rok v strate,T1,T2,T5,V1"
RRR,Red Rock Resorts Inc. Class A Common Stock,5.29,Consumer Discretionary,2026-10-09,49.51,-1.71,50.9,50.98,52.24,56.43,59.02,2.07,913130,68.99,47.49,-13.87,-23.13,-27.05,False,False,"U:objem,U:>15% pod maximom,U:rok v strate,T1,T2,T5,V1"
AAON,AAON Inc. Common Stock,7.09,Industrials,2026-10-09,86.16,0.24,88.07,82.02,80.05,82.5,98.09,4.4,1162663,150.46,73.19,-14.88,-23.2,-27.12,False,False,"U:>15% pod maximom,U:rok v strate,T1,T4,T5,V1"
CX,Cemex S.A.B. de C.V. Sponsored ADR,14.49,Industrials,2026-10-09,9.56,0.0,9.61,9.8,10.11,10.54,11.78,0.29,6813515,13.67,9.08,4.82,-23.21,-27.13,False,False,"U:>15% pod maximom,T1,T2,T5,V1"
ENVA,Enova International Inc. Common Stock,4.55,Finance,2026-10-09,178.07,-2.48,184.38,176.77,187.84,217.36,182.71,5.26,359168,267.45,103.02,64.88,-23.25,-27.17,False,False,"U:objem,U:>15% pod maximom,T1,T2,T5,V1"
AIR,AAR Corp. Common Stock,4.08,Industrials,2026-10-09,100.43,-1.13,101.67,110.09,116.29,126.35,117.81,5.36,507566,154.0,76.1,23.58,-23.28,-27.2,False,False,"U:objem,U:>15% pod maximom,T1,T2,T4,T5,V1"
UPST,Upstart Holdings Inc. Common stock,2.35,Finance,2026-10-09,24.1,-0.37,24.25,24.29,24.85,27.16,31.68,1.01,4285930,55.22,22.56,-53.98,-23.39,-27.31,False,False,"U:>15% pod maximom,U:rok v strate,T1,T2,T5,V1"
CYTK,Cytokinetics Incorporated Common Stock,8.62,Health Care,2026-10-09,62.91,1.45,62.79,66.01,68.98,71.83,70.14,2.17,1961104,88.31,54.3,4.31,-23.5,-27.42,False,False,"U:>15% pod maximom,T1,T2,T5"
AAP,Advance Auto Parts Inc.,2.56,Consumer Discretionary,2026-10-09,42.3,-0.24,42.52,41.27,41.84,46.16,51.48,1.58,1929320,65.2,37.89,-15.94,-23.52,-27.44,False,False,"U:>15% pod maximom,U:rok v strate,T1,T2,T5,V1"
UUUU,Energy Fuels Inc Ordinary Shares (Canada),2.48,Industrials,2026-10-09,9.96,0.2,10.18,11.25,12.15,13.04,17.03,0.51,7187788,27.9,9.72,-49.44,-23.68,-27.6,False,False,"U:>15% pod maximom,U:rok v strate,T1,T2,T4,T5,V1"
COO,The Cooper Companies Inc. Common Stock,10.33,Health Care,2026-10-09,54.37,0.13,54.68,55.4,57.01,65.33,70.7,1.35,3233119,89.83,51.01,-22.05,-23.77,-27.69,False,False,"U:>15% pod maximom,U:rok v strate,T1,T2,T5,V1"
ENPH,Enphase Energy Inc. Common Stock,4.35,Technology,2026-10-09,32.81,-0.3,33.18,33.78,34.71,36.62,41.25,1.49,4438177,73.74,25.78,-10.62,-23.8,-27.72,False,False,"U:>15% pod maximom,U:rok v strate,T1,T2,T5,V1"
DVA,DaVita Inc. Common Stock,11.29,Health Care,2026-10-09,179.25,1.26,179.03,180.94,181.83,183.49,171.62,4.45,762739,247.49,101.0,41.83,-23.91,-27.83,False,False,"U:objem,U:>15% pod maximom,T1,T2,T5"
FLG,Flagstar Bank N.A. Common Stock,4.71,Finance,2026-10-09,11.32,-0.26,11.39,12.09,12.58,13.08,13.58,0.28,4695768,15.44,10.57,-5.43,-23.92,-27.84,False,False,"U:>15% pod maximom,U:rok v strate,T1,T2,T5,V1"
PATK,Patrick Industries Inc. Common Stock,2.09,Consumer Discretionary,2026-10-09,63.46,-2.47,65.42,68.24,71.33,77.48,98.98,2.07,540514,148.5,63.32,-34.7,-23.94,-27.86,False,False,"U:objem,U:>15% pod maximom,U:rok v strate,T1,T2,T5,V1"
STM,STMicroelectronics N.V. Common Stock,47.05,Technology,2026-10-09,52.06,-1.23,54.93,52.55,51.58,52.23,48.64,1.99,9528906,81.42,21.11,81.39,-23.97,-27.89,False,False,"U:>15% pod maximom,T1,T5,V1"
ACMR,ACM Research Inc. Class A Common Stock,4.93,Technology,2026-10-09,71.37,0.81,73.33,74.03,74.18,76.27,67.9,5.0,1067587,127.19,28.46,73.78,-24.14,-28.06,False,False,"U:>15% pod maximom,U:divoký,T1,T2,T4,T5,V1"
OKLO,Oklo Inc. Class A common stock,6.43,Utilities,2026-10-09,34.7,0.38,36.3,37.26,38.39,40.23,58.34,1.8,9783826,193.84,33.7,-74.88,-24.25,-28.17,False,False,"U:>15% pod maximom,U:divoký,U:rok v strate,T1,T2,T4,T5,V1"
POOL,Pool Corporation Common Stock,5.75,Consumer Discretionary,2026-10-09,159.54,0.89,158.63,163.55,168.54,179.62,206.76,4.24,793306,305.63,152.7,-46.15,-24.32,-28.24,False,False,"U:objem,U:>15% pod maximom,U:rok v strate,T1,T2,T5"
MYRG,MYR Group Inc. Common Stock,4.84,Industrials,2026-10-09,311.63,0.26,313.16,293.35,287.08,305.1,331.6,12.68,279349,503.57,190.14,52.91,-24.34,-28.26,False,False,"U:objem,U:>15% pod maximom,T1,T5,V1"
PENN,PENN Entertainment Inc. Common Stock,2.11,Consumer Discretionary,2026-10-09,15.48,-1.78,15.81,15.89,16.3,17.35,16.77,0.65,2864442,22.36,11.65,-8.29,-24.41,-28.33,False,False,"U:>15% pod maximom,U:rok v strate,T1,T2,T5,V1"
PCG,Pacific Gas & Electric Co. Common Stock,33.96,Utilities,2026-10-09,13.13,3.63,12.83,12.69,13.08,14.97,16.45,0.41,38303788,19.16,11.77,-19.15,-24.41,-28.33,False,False,"U:>15% pod maximom,U:rok v strate,T1,T2,T5"
GFS,GlobalFoundries Inc. Ordinary Shares,27.51,Technology,2026-10-09,48.24,-2.27,51.45,47.36,46.68,47.93,54.55,2.0,4185857,92.55,32.02,36.54,-24.55,-28.47,False,False,"U:>15% pod maximom,T1,T5,V1"
LGN,Legence Corp. Class A Common stock,5.57,Consumer Discretionary,2026-10-09,51.53,-0.04,52.41,53.47,53.92,57.39,63.64,2.77,1135661,107.24,30.33,65.85,-24.59,-28.51,False,False,"U:>15% pod maximom,T1,T2,T4,T5,V1"
ASTS,AST SpaceMobile Inc. Class A Common Stock,22.16,Consumer Discretionary,2026-10-09,50.97,-10.48,60.3,59.63,60.65,62.85,80.75,4.45,12975744,133.86,47.57,-41.28,-24.59,-28.51,False,False,"U:>15% pod maximom,U:rok v strate,T1,T2,T4,T5,V1"
BIRK,Birkenstock Holding plc Ordinary Shares,5.47,Consumer Discretionary,2026-10-09,33.65,1.6,33.33,32.26,31.87,34.48,38.85,1.06,2286501,50.73,29.93,-22.66,-24.6,-28.52,False,False,"U:>15% pod maximom,U:rok v strate,T1,T5"
LBRT,Liberty Energy Inc. Class A common stock,3.08,Energy,2026-10-09,19.0,0.8,19.75,18.97,19.41,19.71,24.89,0.93,4423333,34.48,11.52,51.27,-24.69,-28.61,False,False,"U:>15% pod maximom,T1,T2,T5,V1"
SFD,Smithfield Foods Inc. Common Stock,7.43,Consumer Staples,2026-10-09,18.61,-1.43,18.99,19.21,19.8,21.4,24.33,0.39,1735014,29.81,18.39,-14.59,-24.75,-28.67,False,False,"U:>15% pod maximom,U:rok v strate,T1,T2,T5,V1"
BIDU,Baidu Inc. ADS,28.55,Technology,2026-10-09,85.33,1.68,84.87,87.98,89.86,94.95,118.93,2.07,2623788,165.3,82.86,-35.55,-24.75,-28.67,False,False,"U:>15% pod maximom,U:rok v strate,T1,T2,T5"
CASY,Casey's General Stores Inc. Common Stock,23.74,Consumer Discretionary,2026-10-09,646.27,0.62,647.73,608.96,619.05,722.55,734.21,16.67,488274,927.85,497.38,17.03,-24.77,-28.69,False,False,"U:objem,U:>15% pod maximom,T1,T2,T5,V1"
MKSI,MKS Inc. Common Stock,17.61,Industrials,2026-10-09,264.5,1.58,274.07,259.86,258.02,273.48,274.93,10.26,1338733,447.62,120.91,97.01,-24.86,-28.78,False,False,"U:>15% pod maximom,T1,T5,V1"
CC,Chemours Company (The) Common Stock,2.08,Industrials,2026-10-09,13.61,-1.59,14.15,14.18,14.5,15.02,18.4,0.47,2262539,28.67,10.44,-0.95,-24.89,-28.81,False,False,"U:>15% pod maximom,U:rok v strate,T1,T2,T5,V1"
PHIN,PHINIA Inc. Common Stock,2.14,Consumer Discretionary,2026-10-09,57.83,-1.08,58.82,60.41,62.42,67.19,71.93,1.72,376982,86.93,50.79,9.9,-25.07,-28.99,False,False,"U:objem,U:>15% pod maximom,T1,T2,T5,V1"
VKTX,Viking Therapeutics Inc. Common Stock,3.49,Health Care,2026-10-09,28.51,2.81,28.49,31.73,32.88,32.79,33.01,3.18,4197946,43.15,25.77,-18.5,-25.21,-29.13,False,False,"U:>15% pod maximom,U:rok v strate,T1,T2,T4,T5"
PRVA,Privia Health Group Inc. Common Stock,2.58,Health Care,2026-10-09,20.85,3.27,20.43,20.02,20.05,20.93,22.78,0.57,1246119,28.82,18.92,-13.84,-25.24,-29.16,False,False,"U:>15% pod maximom,U:rok v strate,T1,T2,T5"
IPGP,IPG Photonics Corporation Common Stock,3.31,Technology,2026-10-09,78.27,0.68,80.36,78.71,78.31,80.03,101.41,3.03,471198,155.82,69.41,-9.69,-25.26,-29.18,False,False,"U:objem,U:>15% pod maximom,U:rok v strate,T1,T5,V1"
AON,Aon plc Class A Ordinary Shares (Ireland),58.78,Finance,2026-10-09,273.47,-1.32,277.9,282.92,292.26,319.39,329.84,6.48,1582971,382.34,266.33,-24.12,-25.56,-29.48,False,False,"U:>15% pod maximom,U:rok v strate,T1,T2,T5,V1"
SGHC,Super Group (SGHC) Limited Ordinary Shares,5.86,Consumer Discretionary,2026-10-09,11.29,-2.17,11.6,12.07,12.68,12.93,12.18,0.42,2494441,15.86,8.46,-15.62,-25.58,-29.5,False,False,"U:>15% pod maximom,U:rok v strate,T1,T2,T5,V1"
AMKR,Amkor Technology Inc. Common Stock,12.67,Technology,2026-10-09,49.12,-3.69,52.72,51.67,51.21,51.68,57.58,2.49,4710511,96.68,28.19,60.37,-25.64,-29.56,False,False,"U:>15% pod maximom,T1,T4,T5,V1"
DBD,Diebold Nixdorf Incorporated Common stock,2.14,Miscellaneous,2026-10-09,63.67,1.03,65.05,63.45,63.96,67.42,75.18,1.87,265428,92.08,54.48,8.49,-25.65,-29.57,False,False,"U:objem,U:>15% pod maximom,T1,T2,T5,V1"
DKNG,DraftKings Inc. Class A Common Stock,9.86,Consumer Discretionary,2026-10-09,19.58,-1.46,19.99,21.1,22.2,23.1,25.35,1.16,12984168,36.98,18.52,-44.38,-25.97,-29.89,False,False,"U:>15% pod maximom,U:rok v strate,T1,T2,T4,T5,V1"
CALY,Callaway Golf Company Common Stock,2.48,Consumer Discretionary,2026-10-09,13.67,-1.44,13.92,14.44,14.82,15.65,15.35,0.36,1979957,20.28,8.39,52.74,-25.99,-29.91,False,False,"U:>15% pod maximom,T1,T2,T5,V1"
CAVA,CAVA Group Inc. Common Stock,6.34,Consumer Discretionary,2026-10-09,53.64,-1.23,54.74,52.74,53.76,60.28,72.25,2.04,3486125,98.79,43.41,-17.51,-26.05,-29.97,False,False,"U:>15% pod maximom,U:rok v strate,T1,T2,T5,V1"
APTV,Aptiv PLC Ordinary Shares,9.18,Consumer Discretionary,2026-10-09,43.8,-0.93,44.31,43.96,44.39,46.3,62.48,1.32,4059079,88.93,42.56,-47.04,-26.05,-29.97,False,False,"U:>15% pod maximom,U:rok v strate,T1,T2,T5,V1"
AXSM,Axsome Therapeutics Inc. Common Stock,8.91,Health Care,2026-10-09,168.35,-1.02,172.27,191.82,201.53,203.16,200.36,6.79,711657,260.19,118.71,37.41,-26.25,-30.17,False,False,"U:objem,U:>15% pod maximom,T1,T2,T5,V1"
AMRZ,Amrize Ltd Ordinary Shares,19.96,Industrials,2026-10-09,36.2,-0.82,36.59,37.76,38.96,42.43,51.82,0.96,3750404,65.94,35.78,-24.77,-26.27,-30.19,False,False,"U:>15% pod maximom,U:rok v strate,T1,T2,T5,V1"
PFSI,PennyMac Financial Services Inc. Common Stock,3.19,Finance,2026-10-09,59.9,-2.35,61.67,64.33,66.75,70.54,90.15,2.04,601928,160.36,59.12,-47.72,-26.49,-30.41,False,False,"U:objem,U:>15% pod maximom,U:rok v strate,T1,T2,T5,V1"
EXTR,Extreme Networks Inc. Common Stock,3.2,Telecommunications,2026-10-09,24.19,0.04,24.75,22.48,21.85,23.26,21.58,0.83,1619323,33.73,13.48,15.63,-26.5,-30.42,False,False,"U:>15% pod maximom,T5,V1"
DNLI,Denali Therapeutics Inc. Common Stock,2.98,Health Care,2026-10-09,19.45,4.18,19.04,20.22,20.82,22.41,21.11,0.86,1615498,27.3,13.75,20.28,-26.55,-30.47,False,False,"U:>15% pod maximom,T1,T2,T5"
SPHR,Sphere Entertainment Co. Class A Common Stock,3.92,Consumer Discretionary,2026-10-09,106.41,-2.6,112.09,131.55,140.2,144.74,129.44,7.35,754012,181.63,57.01,79.9,-26.6,-30.52,False,False,"U:objem,U:>15% pod maximom,T1,T2,T4,T5,V1"
TU,Telus Corporation Ordinary Shares,12.78,Telecommunications,2026-10-09,7.72,-3.98,8.06,8.41,8.78,9.16,11.68,0.21,7424488,15.41,7.64,-49.11,-26.76,-30.68,False,False,"U:>15% pod maximom,U:rok v strate,T1,T2,T5,V1"
SARO,StandardAero Inc. Common Stock,6.73,Industrials,2026-10-09,20.17,-0.79,20.4,21.91,22.84,24.64,27.27,0.66,3578215,34.48,19.85,-24.71,-26.79,-30.71,False,False,"U:>15% pod maximom,U:rok v strate,T1,T2,T5,V1"
UAA,Under Armour Inc. Class A Common Stock,2.1,Consumer Discretionary,2026-10-09,4.93,1.02,4.91,4.72,4.77,5.18,5.98,0.2,9095509,8.15,4.13,2.49,-26.96,-30.88,False,False,"U:>15% pod maximom,T1,T2,T5"
BOOT,Boot Barn Holdings Inc. Common Stock,3.68,Consumer Discretionary,2026-10-09,119.96,-1.35,122.67,124.48,130.67,144.19,163.39,4.37,687022,210.25,118.79,-28.6,-27.0,-30.92,False,False,"U:objem,U:>15% pod maximom,U:rok v strate,T1,T2,T5,V1"
USAR,USA Rare Earth Inc. Class A Common Stock,4.74,Basic Materials,2026-10-09,12.56,-0.55,13.29,14.66,15.56,16.62,19.28,0.69,12599179,43.98,11.45,-59.58,-27.02,-30.94,False,False,"U:>15% pod maximom,U:rok v strate,T1,T2,T4,T5,V1"
KLAR,Klarna Group plc Ordinary Shares,9.5,Finance,2026-10-09,14.06,4.46,13.49,13.26,13.42,15.22,17.62,0.48,5890300,44.75,12.06,-65.96,-27.04,-30.96,False,False,"U:>15% pod maximom,U:rok v strate,T1,T2,T5"
CRUS,Cirrus Logic Inc. Common Stock,5.67,Technology,2026-10-09,106.87,-5.59,113.85,118.49,118.34,118.01,139.66,3.48,825423,180.42,106.26,-14.35,-27.06,-30.98,False,False,"U:objem,U:>15% pod maximom,U:rok v strate,T1,T5,V1"
QS,QuantumScape Corporation Class A Common Stock,2.84,Miscellaneous,2026-10-09,4.58,0.0,4.76,4.81,5.0,5.36,7.16,0.21,17660271,19.07,4.4,-69.45,-27.07,-30.99,False,False,"U:>15% pod maximom,U:divoký,U:rok v strate,T1,T2,T5,V1"
BHF,Brighthouse Financial Inc. Common Stock,2.82,Finance,2026-10-09,48.53,-0.94,49.85,50.43,50.98,53.59,60.43,1.63,931650,66.8,44.51,0.46,-27.14,-31.06,False,False,"U:objem,U:>15% pod maximom,T1,T2,T5,V1"
HAYW,Hayward Holdings Inc. Common Stock,2.43,Industrials,2026-10-09,11.35,-0.79,11.68,12.46,12.83,13.75,14.79,0.33,3033700,17.73,11.27,-25.62,-27.15,-31.07,False,False,"U:>15% pod maximom,U:rok v strate,T1,T2,T5,V1"
MBLY,Mobileye Global Inc. Class A Common Stock,6.0,Technology,2026-10-09,7.1,0.57,7.15,7.64,7.91,8.22,8.84,0.33,5784460,15.81,6.47,-53.41,-27.18,-31.1,False,False,"U:>15% pod maximom,U:rok v strate,T1,T2,T5,V1"
EIX,Edison International Common Stock,20.9,Utilities,2026-10-09,55.3,1.84,54.59,54.2,54.89,61.9,68.05,1.38,4942349,81.62,51.1,4.2,-27.21,-31.13,False,False,"U:>15% pod maximom,T1,T2,T5"
JOBY,Joby Aviation Inc. Common Stock,5.71,Industrials,2026-10-09,5.44,-5.39,5.87,6.06,6.27,6.87,9.37,0.25,32087377,18.77,5.23,-68.26,-27.27,-31.19,False,False,"U:>15% pod maximom,U:rok v strate,T1,T2,T5,V1"
MIAX,Miami International Holdings Inc. Common Stock,3.05,Finance,2026-10-09,30.71,0.03,30.79,35.08,37.88,40.04,42.31,1.48,1517182,57.14,29.21,-28.48,-27.42,-31.34,False,False,"U:>15% pod maximom,U:rok v strate,T1,T2,T5,V1"
TBBK,The Bancorp Inc Common Stock,2.01,Finance,2026-10-09,48.25,-2.19,49.56,49.45,51.44,59.49,59.95,1.37,495488,81.65,47.01,-37.22,-27.43,-31.35,False,False,"U:objem,U:>15% pod maximom,U:rok v strate,T1,T2,T5,V1"
GOLF,Acushnet Holdings Corp. Common Stock,4.62,Consumer Discretionary,2026-10-09,79.18,0.05,81.38,82.35,83.52,87.01,94.47,2.25,361349,119.65,75.16,-1.86,-27.45,-31.37,False,False,"U:objem,U:>15% pod maximom,U:rok v strate,T1,T2,T5,V1"
CHRW,C.H. Robinson Worldwide Inc. Common Stock,16.52,Industrials,2026-10-09,142.31,0.69,142.97,148.59,151.54,148.22,171.7,6.22,1942538,210.33,123.64,10.4,-27.58,-31.5,False,False,"U:>15% pod maximom,T1,T2,T5,V1"
UA,Under Armour Inc. Class C Common Stock,2.04,Consumer Discretionary,2026-10-09,4.78,0.84,4.76,4.61,4.67,5.05,5.82,0.18,2680962,7.91,3.95,1.7,-27.69,-31.61,False,False,"U:>15% pod maximom,T1,T2,T5"
RH,RH Common Stock,2.15,Consumer Discretionary,2026-10-09,116.99,2.92,115.03,122.71,128.58,146.18,158.55,4.94,777263,239.4,106.3,-36.87,-27.7,-31.62,False,False,"U:objem,U:>15% pod maximom,U:rok v strate,T1,T2,T5"
MIRM,Mirum Pharmaceuticals Inc. Common Stock,5.28,Health Care,2026-10-09,86.01,5.73,82.2,88.35,92.79,95.18,98.47,3.75,706792,130.0,63.23,16.51,-27.75,-31.67,False,False,"U:objem,U:>15% pod maximom,T1,T2,T5"
KRMN,Karman Holdings Inc. Common Stock,4.2,Industrials,2026-10-09,32.59,2.84,32.04,33.97,35.1,43.72,67.85,2.06,3529036,118.38,30.87,-56.26,-27.79,-31.71,False,False,"U:>15% pod maximom,U:rok v strate,T1,T2,T4,T5"
VERA,Vera Therapeutics Inc. Class A Common Stock,2.14,Health Care,2026-10-09,29.88,0.5,30.25,32.24,33.47,32.67,38.52,1.71,2172339,56.05,23.05,-2.13,-28.0,-31.92,False,False,"U:>15% pod maximom,U:rok v strate,T1,T2,T4,T5,V1"
BLDR,Builders FirstSource Inc. Common Stock,5.79,Consumer Discretionary,2026-10-09,52.85,-1.78,54.44,57.5,59.36,64.25,84.34,2.23,2680539,131.5,52.06,-58.63,-28.11,-32.03,False,False,"U:>15% pod maximom,U:rok v strate,T1,T2,T5,V1"
BMA,Banco Macro S.A.  ADR (representing Ten Class B Common Shares),4.21,Finance,2026-10-09,64.96,-1.43,67.2,70.28,73.21,76.26,82.8,2.91,293734,106.15,45.55,26.04,-28.36,-32.28,False,False,"U:objem,U:>15% pod maximom,T1,T2,T5,V1"
WDC,Western Digital Corporation Common Stock,146.93,Technology,2026-10-09,397.28,1.01,407.45,435.12,449.44,457.61,405.9,26.45,7771430,799.87,112.52,231.9,-28.49,-32.41,False,False,"U:>15% pod maximom,U:divoký,T1,T2,T4,T5,V1"
ALGT,Allegiant Travel Company Common Stock,2.09,Consumer Discretionary,2026-10-09,76.43,0.01,77.09,77.61,77.78,81.65,88.89,3.47,498520,123.63,57.11,25.83,-28.5,-32.42,False,False,"U:objem,U:>15% pod maximom,T1,T2,T5,V1"
ROL,Rollins Inc. Common Stock,15.52,Consumer Discretionary,2026-10-09,31.98,-0.87,32.48,31.66,32.64,34.51,48.91,0.98,6514384,66.14,29.29,-43.49,-28.81,-32.73,False,False,"U:>15% pod maximom,U:rok v strate,T1,T2,T5,V1"
WSO,Watsco Inc. Common Stock,11.64,Consumer Discretionary,2026-10-09,279.9,-0.83,285.62,304.24,311.15,310.98,370.22,8.57,510441,459.0,277.34,-26.47,-28.91,-32.83,False,False,"U:objem,U:>15% pod maximom,U:rok v strate,T1,T2,T5,V1"
FLUT,Flutter Entertainment plc Ordinary Shares,14.29,Technology,2026-10-09,79.78,-2.21,81.94,83.64,89.15,93.02,116.92,4.22,3011365,255.26,73.5,-67.79,-29.02,-32.94,False,False,"U:>15% pod maximom,U:rok v strate,T1,T2,T4,T5,V1"
POWI,Power Integrations Inc. Common Stock,2.79,Technology,2026-10-09,49.12,-1.54,50.63,50.89,50.61,54.28,58.26,2.32,738617,91.18,30.86,30.95,-29.26,-33.18,False,False,"U:objem,U:>15% pod maximom,T1,T5,V1"
DYN,Dyne Therapeutics Inc. Common Stock,3.06,Health Care,2026-10-09,16.64,1.65,16.47,16.57,17.6,21.58,19.52,0.79,2895619,27.31,13.73,13.35,-29.61,-33.53,False,False,"U:>15% pod maximom,T1,T2,T5"
BKD,Brookdale Senior Living Inc. Common Stock,2.6,Health Care,2026-10-09,10.12,-7.07,10.99,11.12,11.47,12.03,13.4,0.39,5112311,17.09,8.02,13.96,-29.72,-33.64,False,False,"U:>15% pod maximom,T1,T2,T5,V1"
ALGM,Allegro MicroSystems Inc. Common Stock,6.76,Technology,2026-10-09,35.57,-1.93,37.01,35.86,35.58,37.8,40.54,1.68,2354750,71.77,22.41,28.13,-30.06,-33.98,False,False,"U:>15% pod maximom,T1,T5,V1"
TRN,Trinity Industries Inc. Common Stock,2.02,Industrials,2026-10-09,25.52,0.47,25.44,27.06,27.68,28.5,31.55,0.84,701987,38.31,24.76,-8.23,-30.1,-34.02,False,False,"U:objem,U:>15% pod maximom,U:rok v strate,T1,T2,T5"
UCTT,Ultra Clean Holdings Inc. Common Stock,3.06,Technology,2026-10-09,68.59,1.49,73.54,73.18,73.85,75.99,72.91,4.39,1116701,144.22,21.49,146.2,-30.19,-34.11,False,False,"U:>15% pod maximom,U:divoký,T1,T2,T4,T5,V1"
CLBT,Cellebrite DI Ltd. Ordinary Shares,2.85,Technology,2026-10-09,11.26,-0.71,11.38,11.33,11.35,12.13,13.9,0.36,2977633,19.98,9.58,-40.89,-30.19,-34.11,False,False,"U:>15% pod maximom,U:rok v strate,T1,T2,T5,V1"
HGV,Hilton Grand Vacations Inc. Common Stock ,2.69,Consumer Discretionary,2026-10-09,34.53,-0.09,34.93,35.63,37.08,40.53,45.37,1.16,1098553,55.4,33.99,-17.51,-30.48,-34.4,False,False,"U:>15% pod maximom,U:rok v strate,T1,T2,T5,V1"
REZI,Resideo Technologies Inc. Common Stock ,2.61,Industrials,2026-10-09,17.07,-0.76,17.59,18.35,18.7,20.24,23.3,0.66,2445934,31.52,16.79,-41.78,-30.71,-34.63,False,False,"U:>15% pod maximom,U:rok v strate,T1,T2,T5,V1"
CW,Curtiss-Wright Corporation Common Stock,18.74,Technology,2026-10-09,512.6,1.05,511.44,544.55,554.56,605.89,676.17,16.33,367074,808.16,501.6,-7.61,-30.74,-34.66,False,False,"U:objem,U:>15% pod maximom,U:rok v strate,T1,T2,T5"
NWCL,newcleo plc Ordinary Shares,2.12,Industrials,2026-10-09,7.47,-0.66,7.87,8.3,8.96,9.7,10.36,0.78,400312,11.6,7.09,-26.73,-30.77,-34.69,False,False,"U:objem,U:>15% pod maximom,U:rok v strate,T1,T2,T4,T5,V1"
PNR,Pentair plc. Ordinary Share,8.35,Industrials,2026-10-09,52.47,0.33,52.38,54.11,55.46,59.76,79.74,1.25,3381931,112.26,51.13,-52.23,-31.44,-35.36,False,False,"U:>15% pod maximom,U:rok v strate,T1,T2,T5"
CRS,Carpenter Technology Corporation Common Stock,19.18,Industrials,2026-10-09,385.81,-0.33,391.02,397.4,413.99,462.55,443.08,11.91,735246,625.99,233.78,53.83,-31.94,-35.86,False,False,"U:objem,U:>15% pod maximom,T1,T2,T5,V1"
CAR,Avis Budget Group Inc. Common Stock,3.89,Consumer Discretionary,2026-10-09,105.98,-3.65,110.31,110.61,115.95,127.71,155.51,5.82,427163,847.7,85.96,-27.84,-32.0,-35.92,False,False,"U:objem,U:>15% pod maximom,U:divoký,U:rok v strate,T1,T2,T4,T5,V1"
CORZ,Core Scientific Inc. Common Stock,4.94,Finance,2026-10-09,15.41,0.33,15.77,16.87,17.37,18.11,19.82,0.89,11973736,30.46,13.35,-14.58,-32.14,-36.06,False,False,"U:>15% pod maximom,U:rok v strate,T1,T2,T4,T5,V1"
ETOR,eToro Group Ltd. Class A Common Shares,2.03,Finance,2026-10-09,25.9,2.53,25.56,26.85,28.14,29.67,33.51,0.84,1103706,44.21,24.74,-34.41,-32.23,-36.15,False,False,"U:>15% pod maximom,U:rok v strate,T1,T2,T5"
CIFR,Cipher Digital Inc. Common Stock,5.6,Finance,2026-10-09,13.52,0.15,14.24,16.39,17.05,16.92,18.3,1.08,33660301,30.14,11.72,-24.85,-32.69,-36.61,False,False,"U:>15% pod maximom,U:rok v strate,T1,T2,T4,T5,V1"
ICHR,Ichor Holdings Ordinary Shares,2.2,Technology,2026-10-09,59.91,1.84,61.63,57.99,57.0,60.61,59.24,3.06,787307,113.58,14.06,200.75,-33.74,-37.66,False,False,"U:objem,U:>15% pod maximom,U:divoký,T1,T4,T5,V1"
PL,Planet Labs PBC Class A Common Stock,6.25,Technology,2026-10-09,17.18,-0.06,17.53,16.91,16.83,19.54,27.32,0.97,9139795,51.76,10.52,9.71,-33.82,-37.74,False,False,"U:>15% pod maximom,U:divoký,T1,T4,T5,V1"
WULF,TeraWulf Inc. Common Stock,6.81,Finance,2026-10-09,13.77,0.88,14.19,15.45,16.09,16.13,18.12,0.91,30859106,29.84,10.47,1.32,-34.08,-38.0,False,False,"U:>15% pod maximom,T1,T2,T4,T5,V1"
LMND,Lemonade Inc. Common Stock,3.63,Finance,2026-10-09,46.46,-0.96,46.91,46.71,47.66,49.95,60.9,1.76,1216425,99.9,43.28,-13.11,-34.21,-38.13,False,False,"U:>15% pod maximom,U:rok v strate,T1,T2,T5,V1"
DY,Dycom Industries Inc. Common Stock,8.36,Industrials,2026-10-09,269.23,-2.88,280.14,278.72,283.88,328.44,386.83,11.31,589812,566.47,263.36,-7.06,-34.35,-38.27,False,False,"U:objem,U:>15% pod maximom,U:rok v strate,T1,T2,T5,V1"
CELC,Celcuity Inc. Common Stock,3.32,Health Care,2026-10-09,67.94,0.1,69.08,77.58,82.64,85.83,103.66,4.92,1245290,151.02,45.03,37.34,-34.54,-38.46,False,False,"U:>15% pod maximom,T1,T2,T4,T5,V1"
AGX,Argan Inc. Common Stock,5.59,Consumer Discretionary,2026-10-09,392.61,-1.52,406.99,383.85,387.05,455.53,518.66,17.37,362117,805.75,255.6,45.36,-34.54,-38.46,False,False,"U:objem,U:>15% pod maximom,T1,T2,T5,V1"
WSC,WillScot Holdings Corporation Class A Common Stock,3.05,Industrials,2026-10-09,17.07,1.31,17.03,17.68,18.25,20.36,22.15,0.65,2777244,29.77,14.91,-23.73,-35.12,-39.04,False,False,"U:>15% pod maximom,U:rok v strate,T1,T2,T5"
NAMS,NewAmsterdam Pharma Company N.V. Ordinary Shares,2.54,Health Care,2026-10-09,21.58,1.48,22.13,22.61,23.03,24.96,30.84,1.27,1383503,42.21,20.91,-34.63,-35.17,-39.09,False,False,"U:>15% pod maximom,U:rok v strate,T1,T2,T4,T5,V1"
PTRN,Pattern Group Inc. Series A Common Stock,3.26,Consumer Discretionary,2026-10-09,18.42,0.38,18.46,18.41,18.9,20.17,17.19,0.9,1688066,29.8,8.92,31.38,-35.23,-39.15,False,False,"U:>15% pod maximom,T1,T2,T5,V1"
LII,Lennox International Inc. Common Stock,12.5,Industrials,2026-10-09,356.44,-1.41,363.9,362.99,367.34,388.54,483.22,10.21,518911,587.27,350.22,-33.29,-35.33,-39.25,False,False,"U:objem,U:>15% pod maximom,U:rok v strate,T1,T2,T5,V1"
KNF,Knife Riv Holding Co. Common Stock,2.97,Industrials,2026-10-09,49.84,-4.65,52.5,53.17,55.08,60.47,75.89,2.6,897268,96.28,49.15,-25.01,-36.44,-40.36,False,False,"U:objem,U:>15% pod maximom,U:rok v strate,T1,T2,T4,T5,V1"
BBAR,Banco BBVA Argentina S.A. ADS,2.59,Finance,2026-10-09,12.65,-0.32,13.13,13.47,13.97,14.81,16.6,0.6,642420,22.47,8.34,30.01,-36.69,-40.61,False,False,"U:objem,U:>15% pod maximom,T1,T2,T5,V1"
DKS,Dick's Sporting Goods Inc Common Stock,11.97,Consumer Discretionary,2026-10-09,136.65,1.5,135.76,131.47,131.4,154.41,197.67,4.7,3168414,244.38,120.15,-38.95,-36.77,-40.69,False,False,"U:>15% pod maximom,U:rok v strate,T1,T5"
APP,Applovin Corporation Class A Common Stock,93.74,Technology,2026-10-09,277.04,-1.1,280.12,303.62,312.46,318.17,445.79,12.84,5823463,738.01,266.84,-53.85,-37.44,-41.36,False,False,"U:>15% pod maximom,U:rok v strate,T1,T2,T5,V1"
FG,F&G Annuities & Life Inc. Common Stock,2.56,Finance,2026-10-09,19.26,-1.38,19.81,21.86,22.78,24.01,26.5,0.87,692630,35.33,19.25,-35.09,-37.55,-41.47,False,False,"U:objem,U:>15% pod maximom,U:rok v strate,T1,T2,T5,V1"
MGM,MGM Resorts International Common Stock,7.75,Consumer Discretionary,2026-10-09,29.27,-2.47,30.42,34.03,36.7,39.39,39.58,1.31,3304893,51.59,29.19,-9.8,-38.04,-41.96,False,False,"U:>15% pod maximom,U:rok v strate,T1,T2,T5,V1"
TTD,The Trade Desk Inc. Class A Common Stock,5.83,Technology,2026-10-09,12.08,-2.11,12.35,12.93,13.44,13.9,21.97,0.44,23740280,55.11,11.62,-77.67,-38.96,-42.88,False,False,"U:>15% pod maximom,U:divoký,U:rok v strate,T1,T2,T5,V1"
STUB,StubHub Holdings Inc. Class A Common Stock,2.35,Consumer Discretionary,2026-10-09,6.12,-0.33,6.17,5.71,5.77,6.66,9.06,0.3,6488674,21.49,5.22,-67.89,-40.58,-44.5,False,False,"U:>15% pod maximom,U:divoký,U:rok v strate,T1,T2,T5,V1"
MTZ,MasTec Inc. Common Stock,17.4,Industrials,2026-10-09,212.65,-1.85,219.34,217.15,221.96,242.4,305.35,10.06,1526393,441.43,182.34,1.22,-40.96,-44.88,False,False,"U:>15% pod maximom,T1,T2,T5,V1"
BROS,Dutch Bros Inc. Class A Common Stock,6.95,Consumer Discretionary,2026-10-09,38.05,-4.35,40.16,39.27,40.84,46.5,54.94,1.3,4024565,74.02,37.4,-23.35,-42.75,-46.67,False,False,"U:>15% pod maximom,U:rok v strate,T1,T2,T5,V1"
LASR,nLIGHT Inc. Common Stock,2.21,Technology,2026-10-09,38.48,0.44,39.71,39.54,39.84,46.02,57.91,1.6,1151068,86.95,28.05,27.04,-44.06,-47.98,False,False,"U:>15% pod maximom,T1,T2,T5,V1"
RSI,Rush Street Interactive Inc. Class A Common Stock,4.71,Consumer Discretionary,2026-10-09,18.9,-6.99,20.67,21.5,23.11,24.2,24.02,1.12,2933231,34.53,15.51,0.37,-44.7,-48.62,False,False,"U:>15% pod maximom,T1,T2,T4,T5,V1"
FRMI,Fermi Inc. Common Stock,2.35,Real Estate,2026-10-09,3.43,-6.28,3.91,4.44,4.83,5.25,6.9,0.29,17969652,32.39,3.42,-87.19,-45.64,-49.56,False,False,"U:>15% pod maximom,U:divoký,U:rok v strate,T1,T2,T4,T5,V1"
XENE,Xenon Pharmaceuticals Inc. Common Shares,3.5,Health Care,2026-10-09,36.44,0.77,36.41,41.46,47.09,53.62,52.91,1.63,1416258,72.66,35.06,-11.72,-46.19,-50.11,False,False,"U:>15% pod maximom,U:rok v strate,T1,T2,T5"
FICO,Fair Isaac Corporation Common Stock,15.28,Consumer Discretionary,2026-10-09,667.58,-5.63,712.99,807.45,875.1,969.93,1191.87,56.03,607101,1858.91,586.05,-60.93,-47.77,-51.69,False,False,"U:objem,U:>15% pod maximom,U:rok v strate,T1,T2,T4,T5,V1"
OPEN,Opendoor Technologies Inc Common Stock,2.22,Finance,2026-10-09,2.22,-3.06,2.31,2.48,2.65,3.04,4.54,0.13,43664846,9.45,2.13,-72.73,-50.5,-54.42,False,False,"U:>15% pod maximom,U:divoký,U:rok v strate,T1,T2,T4,T5,V1"
LQDA,Liquidia Corporation Common Stock,2.51,Health Care,2026-10-09,27.38,-2.28,29.35,52.18,62.4,66.07,54.01,6.5,2509373,93.61,21.94,12.91,-61.55,-65.47,False,False,"U:>15% pod maximom,U:divoký,T1,T2,T4,T5,V1"
