symbol,name,marketCap,sector,industry,country
A,Agilent Technologies Inc. Common Stock,48579160833.0,Industrials,Biotechnology: Laboratory Analytical Instruments,United States
AA,Alcoa Corporation Common Stock ,11084196690.0,Industrials,Aluminum,United States
AADX,Applied Aerospace & Defense Inc. Common Stock,2073894022.0,Industrials,Military/Government/Technical,
AAL,American Airlines Group Inc. Common Stock,8850538245.0,Consumer Discretionary,Air Freight/Delivery Services,United States
AAMI,Acadian Asset Management Inc. Common Stock,3254799639.0,Finance,Investment Managers,United Kingdom
AAOI,Applied Optoelectronics Inc. Common Stock,8427798246.0,Technology,Semiconductors,United States
AAON,AAON Inc. Common Stock,6823863164.0,Industrials,Industrial Machinery/Components,United States
AAP,Advance Auto Parts Inc.,2350164000.0,Consumer Discretionary,Auto & Home Supply Stores,United States
AAPL,Apple Inc. Common Stock,4860153823600.0,Technology,Computer Manufacturing,United States
AAUC,Allied Gold Corporation Common Shares,2909584006.0,,,
ABBV,AbbVie Inc. Common Stock,462260210583.0,Health Care,Biotechnology: Pharmaceutical Preparations,United States
ABCB,Ameris Bancorp Common Stock,5336367645.0,Finance,Major Banks,United States
ABCL,AbCellera Biologics Inc. Common Shares,4725781668.0,Health Care,Biotechnology: Pharmaceutical Preparations,Canada
ABG,Asbury Automotive Group Inc Common Stock,3093115299.0,Consumer Discretionary,Retail-Auto Dealers and Gas Stations,United States
ABM,ABM Industries Incorporated Common Stock,2819361875.0,Consumer Discretionary,Diversified Commercial Services,United States
ABNB,Airbnb Inc. Class A Common Stock,96194919813.0,Consumer Discretionary,Diversified Commercial Services,United States
ABT,Abbott Laboratories Common Stock,171013781144.0,Health Care,Biotechnology: Pharmaceutical Preparations,United States
ACA,Arcosa Inc. Common Stock ,7176960135.0,Industrials,Metal Fabrications,United States
ACAD,ACADIA Pharmaceuticals Inc. Common Stock,3471956188.0,Health Care,Biotechnology: Pharmaceutical Preparations,United States
ACCV,Accelevation Holdings Corp. Class A Ordinary Shares,5884227195.0,Energy,Industrial Machinery/Components,United States
ACGL,Arch Capital Group Ltd. Common Stock,31515922077.0,Finance,Property-Casualty Insurers,Bermuda
ACHC,Acadia Healthcare Company Inc. Common Stock,2560257563.0,Health Care,Medical Specialities,United States
ACHR,Archer Aviation Inc. Class A Common Stock,3868076813.0,Industrials,Aerospace,United States
ACI,Albertsons Companies Inc. Class A Common Stock,5634631180.0,Consumer Staples,Food Chains,United States
ACIW,ACI Worldwide Inc. Common Stock,4934692180.0,Technology,Computer Software: Prepackaged Software,United States
ACLS,Axcelis Technologies Inc. Common Stock,4051033727.0,Technology,Industrial Machinery/Components,United States
ACM,AECOM Common Stock,7586654254.0,Consumer Discretionary,Military/Government/Technical,United States
ACMR,ACM Research Inc. Class A Common Stock,5636012940.0,Technology,Industrial Machinery/Components,United States
ACN,Accenture plc Class A Ordinary Shares (Ireland),122401347208.0,Consumer Discretionary,Business Services,Ireland
ACT,Enact Holdings Inc. Common Stock,5947543607.0,Finance,Specialty Insurers,United States
AD,Array Digital Infrastructure Inc. Common Shares,2916780000.0,Telecommunications,Telecommunications Equipment,United States
ADBE,Adobe Inc. Common Stock,93384648000.0,Technology,Computer Software: Prepackaged Software,United States
ADC,Agree Realty Corporation Common Stock,8309781701.0,Real Estate,Real Estate Investment Trusts,United States
ADEA,Adeia Inc. Common Stock,2823171840.0,Telecommunications,Cable & Other Pay Television Services,United States
ADI,Analog Devices Inc. Common Stock,192231965620.0,Technology,Semiconductors,United States
ADM,Archer-Daniels-Midland Company Common Stock,38257951699.0,Consumer Staples,Packaged Foods,United States
ADMA,ADMA Biologics Inc Common Stock,2246566340.0,Health Care,Biotechnology: Biological Products (No Diagnostic Substances),United States
ADP,Automatic Data Processing Inc. Common Stock,102256674477.0,Technology,EDP Services,United States
ADPT,Adaptive Biotechnologies Corporation Common Stock,4612319834.0,Health Care,Biotechnology: Biological Products (No Diagnostic Substances),United States
ADRX,ADARx Pharmaceuticals Inc. Common Stock,2129618421.0,Health Care,Biotechnology: Pharmaceutical Preparations,United States
ADSK,Autodesk Inc. Common Stock,43681000000.0,Technology,Computer Software: Prepackaged Software,United States
ADT,ADT Inc. Common Stock,4441800228.0,Consumer Discretionary,Diversified Commercial Services,United States
ADUS,Addus HomeCare Corporation Common Stock,2064257122.0,Health Care,Medical/Nursing Services,United States
AEE,Ameren Corporation Common Stock,27512682284.0,Utilities,Power Generation,United States
AEG,Aegon Ltd. New York Registry Shares,16474242901.0,Finance,Life Insurance,Netherlands
AEHR,Aehr Test Systems Common Stock,3253543973.0,Industrials,Electrical Products,United States
AEIS,Advanced Energy Industries Inc. Common Stock,11287015564.0,Technology,Industrial Machinery/Components,United States
AEM,Agnico Eagle Mines Limited Common Stock,93020704103.0,Basic Materials,Precious Metals,Canada
AEO,American Eagle Outfitters Inc. Common Stock,2979453861.0,Consumer Discretionary,Clothing/Shoe/Accessory Stores,United States
AEP,American Electric Power Company Inc. Common Stock,64587301841.0,Utilities,Electric Utilities: Central,United States
AER,AerCap Holdings N.V. Ordinary Shares,22163802929.0,Consumer Discretionary,Diversified Commercial Services,Netherlands
AES,The AES Corporation Common Stock,10630235587.0,Industrials,Electric Utilities: Central,United States
AFG,American Financial Group Inc. Common Stock,11340339690.0,Finance,Property-Casualty Insurers,United States
AFL,AFLAC Incorporated Common Stock,56040153850.0,Finance,Accident &Health Insurance,United States
AFRM,Affirm Holdings Inc. Class A Common Stock,23359673553.0,Finance,Finance: Consumer Services,United States
AG,First Majestic Silver Corp. Ordinary Shares (Canada),8719513915.0,Basic Materials,Precious Metals,Canada
AGCO,AGCO Corporation Common Stock,7999724404.0,Industrials,Industrial Machinery/Components,United States
AGI,Alamos Gold Inc. Class A Common Shares,13602679662.0,Basic Materials,Precious Metals,Canada
AGM,Federal Agricultural Mortgage Corporation Common Stock,2245746213.0,Finance,Finance Companies,United States
AGNC,AGNC Investment Corp. Common Stock,10752316724.0,Real Estate,Real Estate Investment Trusts,United States
AGO,Assured Guaranty Ltd. Common Stock,2978271966.0,Finance,Property-Casualty Insurers,Bermuda
AGX,Argan Inc. Common Stock,5302578784.0,Consumer Discretionary,Engineering & Construction,United States
AGYS,Agilysys Inc. Common Stock (DE),2738217899.0,Technology,EDP Services,United States
AHR,American Healthcare REIT Inc. Common Stock,11953073352.0,Real Estate,Real Estate Investment Trusts,United States
AIG,American International Group Inc. New Common Stock,38913709637.0,Finance,Property-Casualty Insurers,United States
AIR,AAR Corp. Common Stock,4078506590.0,Industrials,Aerospace,United States
AIT,Applied Industrial Technologies Inc. Common Stock,12206305970.0,Consumer Discretionary,Industrial Specialties,United States
AIZ,Assurant Inc. Common Stock,12996812605.0,Finance,Property-Casualty Insurers,United States
AJG,Arthur J. Gallagher & Co. Common Stock,58464593000.0,Finance,Specialty Insurers,United States
AKAM,Akamai Technologies Inc. Common Stock,15284261367.0,Consumer Discretionary,Business Services,United States
AKR,Acadia Realty Trust Common Stock,2573615210.0,Real Estate,Real Estate Investment Trusts,United States
ALAB,Astera Labs Inc. Common Stock,61755492471.0,Technology,Semiconductors,United States
ALB,Albemarle Corporation Common Stock,12482574929.0,Industrials,Major Chemicals,United States
ALC,Alcon Inc. Ordinary Shares,32355575000.0,Health Care,Ophthalmic Goods,Switzerland
ALGM,Allegro MicroSystems Inc. Common Stock,6775714372.0,Technology,Semiconductors,United States
ALGN,Align Technology Inc. Common Stock,10325642488.0,Health Care,Industrial Specialties,United States
ALGT,Allegiant Travel Company Common Stock,2071928451.0,Consumer Discretionary,Air Freight/Delivery Services,United States
ALH,Alliance Laundry Holdings Inc. Common Stock,4234207745.0,Industrials,Industrial Machinery/Components,United States
ALK,Alaska Air Group Inc. Common Stock,4319040744.0,Consumer Discretionary,Air Freight/Delivery Services,United States
ALKS,Alkermes plc Ordinary Shares,6797767781.0,Health Care,Biotechnology: Pharmaceutical Preparations,Ireland
ALL,Allstate Corporation (The) Common Stock,56099064787.0,Finance,Property-Casualty Insurers,United States
ALLE,Allegion plc Ordinary Shares,13076106583.0,Consumer Discretionary,Diversified Commercial Services,United States
ALLY,Ally Financial Inc. Common Stock,11443992451.0,Finance,Major Banks,United States
ALM,Almonty Industries Inc. Common Shares,3796406670.0,Basic Materials,Other Metals and Minerals,Canada
ALMR,Alamar Biosciences Inc. Common Stock,2364211538.0,Industrials,Biotechnology: Laboratory Analytical Instruments,United States
ALNY,Alnylam Pharmaceuticals Inc. Common Stock,33016061775.0,Health Care,Biotechnology: Pharmaceutical Preparations,United States
ALRM,Alarm.com Holdings Inc. Common Stock,2673944719.0,Technology,Computer Software: Prepackaged Software,United States
ALSN,Allison Transmission Holdings Inc. Common Stock,9352788584.0,Consumer Discretionary,Auto Parts:O.E.M.,United States
ALV,Autoliv Inc. Common Stock,8194512210.0,Consumer Discretionary,Auto Parts:O.E.M.,Sweden
ALVO,Alvotech Ordinary Shares,2264502584.0,Health Care,Biotechnology: Biological Products (No Diagnostic Substances),Luxembourg
AM,Antero Midstream Corporation Common Stock,9569427840.0,Utilities,Natural Gas Distribution,United States
AMAT,Applied Materials Inc. Common Stock,405829860401.0,Technology,Semiconductors,United States
AMBA,Ambarella Inc. Ordinary Shares,3068238894.0,Technology,Semiconductors,United States
AMBP,Ardagh Metal Packaging S.A. Ordinary Shares,2594016203.0,Industrials,Containers/Packaging,
AMC,AMC Entertainment Holdings Inc. Class A Common Stock,2677813914.0,Consumer Discretionary,Movies/Entertainment,United States
AMCR,Amcor plc Ordinary Shares,19353790583.0,Consumer Discretionary,Miscellaneous manufacturing industries,United Kingdom
AMD,Advanced Micro Devices Inc. Common Stock,998682931694.0,Technology,Semiconductors,United States
AME,AMETEK Inc.,56794887976.0,Industrials,Industrial Machinery/Components,United States
AMG,Affiliated Managers Group Inc. Common Stock,9454650104.0,Finance,Investment Managers,United States
AMGN,Amgen Inc. Common Stock,227881796428.0,Health Care,Biotechnology: Biological Products (No Diagnostic Substances),United States
AMH,American Homes 4 Rent Common Shares of Beneficial Interest,10915478498.0,Real Estate,Real Estate Investment Trusts,United States
AMKR,Amkor Technology Inc. Common Stock,13013940483.0,Technology,Semiconductors,United States
AMLX,Amylyx Pharmaceuticals Inc. Common Stock,3650836035.0,Health Care,Biotechnology: Pharmaceutical Preparations,United States
AMP,Ameriprise Financial Inc. Common Stock,44260829307.0,Finance,Investment Managers,United States
AMR,Alpha Metallurgical Resources Inc. Common Stock,2132868950.0,Energy,Coal Mining,United States
AMRX,Amneal Pharmaceuticals Inc. Class A Common Stock,7014681782.0,Health Care,Biotechnology: Pharmaceutical Preparations,United States
AMRZ,Amrize Ltd Ordinary Shares,20449549829.0,Industrials,Building Materials,Switzerland
AMT,American Tower Corporation (REIT) Common Stock,76273000257.0,Real Estate,Real Estate Investment Trusts,United States
AMTM,Amentum Holdings Inc. Common Stock,4430456204.0,Consumer Discretionary,Business Services,United States
AMZN,Amazon.com Inc. Common Stock,2687410026464.0,Consumer Discretionary,Catalog/Specialty Distribution,United States
AN,AutoNation Inc. Common Stock,5205093297.0,Consumer Discretionary,Retail-Auto Dealers and Gas Stations,United States
ANDE,Andersons Inc. (The) Common Stock,2232194949.0,Industrials,Farming/Seeds/Milling,United States
ANDG,Andersen Group Inc. Class A Common Stock,6146571843.0,Consumer Discretionary,Business Services,
ANET,Arista Networks Inc. Common Stock,256772726086.0,Telecommunications,Computer Communications Equipment,United States
ANF,Abercrombie & Fitch Company Common Stock,5715486238.0,Consumer Discretionary,Clothing/Shoe/Accessory Stores,United States
AON,Aon plc Class A Ordinary Shares (Ireland),58709956368.0,Finance,Specialty Insurers,United States
AOS,A.O. Smith Corporation Common Stock,7661166260.0,Consumer Discretionary,Consumer Electronics/Appliances,United States
APA,APA Corporation Common Stock,14553601725.0,Energy,Oil & Gas Production,United States
APAM,Artisan Partners Asset Management Inc. Class A Common Stock,2928344804.0,Finance,Investment Managers,United States
APD,Air Products and Chemicals Inc. Common Stock,61957795012.0,Basic Materials,Major Chemicals,United States
APG,APi Group Corporation Common Stock,16681387464.0,Consumer Discretionary,Diversified Commercial Services,United States
APH,Amphenol Corporation Common Stock,207881010850.0,Technology,Electrical Products,United States
APLD,Applied Digital Corporation Common Stock,7288929870.0,Technology,EDP Services,United States
APLE,Apple Hospitality REIT Inc. Common Shares,3815096400.0,Real Estate,Real Estate Investment Trusts,United States
APO,Apollo Global Management Inc. (New) Common Stock,68538439034.0,Finance,Investment Managers,United States
APP,Applovin Corporation Class A Common Stock,97192689930.0,Technology,Computer Software: Programming Data Processing,United States
APPF,AppFolio Inc. Class A Common Stock,7101815236.0,Technology,Computer Software: Prepackaged Software,United States
APPN,Appian Corporation Class A Common Stock,2526305346.0,Technology,Computer Software: Prepackaged Software,United States
APTV,Aptiv PLC Ordinary Shares,8932385900.0,Consumer Discretionary,Auto Parts:O.E.M.,United Kingdom
AQN,Algonquin Power & Utilities Corp. Common Shares,3871830851.0,Utilities,Electric Utilities: Central,United States
AR,Antero Resources Corporation Common Stock,10265388210.0,Energy,Oil & Gas Production,United States
ARCB,ArcBest Corporation Common Stock,2848456554.0,Industrials,Trucking Freight/Courier Services,United States
ARCC,Ares Capital Corporation Common Stock,13714236340.0,Finance,Finance: Consumer Services,United States
ARE,Alexandria Real Estate Equities Inc. Common Stock,8269789672.0,Real Estate,Real Estate Investment Trusts,United States
ARES,Ares Management Corporation Class A Common Stock,38368305693.0,Finance,Investment Managers,United States
ARIS,Aris Mining Corporation Common Shares,3591360000.0,,,
ARMK,Aramark Common Stock,14117121106.0,Consumer Discretionary,Restaurants,United States
AROC,Archrock Inc. Common Stock,5310993624.0,Utilities,Natural Gas Distribution,United States
ARQT,Arcutis Biotherapeutics Inc. Common Stock,3322038529.0,Health Care,Biotechnology: Pharmaceutical Preparations,United States
ARR,ARMOUR Residential REIT Inc.,2310957014.0,Real Estate,Real Estate Investment Trusts,United States
ARW,Arrow Electronics Inc. Common Stock,11555531021.0,Technology,Electronic Components,United States
ARWR,Arrowhead Pharmaceuticals Inc. Common Stock,9245104865.0,Health Care,Biotechnology: Pharmaceutical Preparations,United States
ARX,Accelerant Holdings Class A Common Shares,4285130131.0,Finance,Specialty Insurers,Cayman Islands
ARXS,Arxis Inc. Class A Common Stock,20619059134.0,Industrials,Military/Government/Technical,United States
AS,Amer Sports Inc. Ordinary Shares,15218742991.0,Consumer Discretionary,Apparel,
ASB,Associated Banc-Corp Common Stock,5410542730.0,Finance,Major Banks,United States
ASH,Ashland Inc. Common Stock,3110285690.0,Consumer Discretionary,Specialty Chemicals,United States
ASML,ASML Holding N.V. New York Registry Shares,698249621151.0,Technology,Industrial Machinery/Components,Netherlands
ASND,Ascendis Pharma A/S Ordinary Share,15010373592.0,Health Care,Biotechnology: Pharmaceutical Preparations,Denmark
ASO,Academy Sports and Outdoors Inc. Common Stock,2961328868.0,Consumer Discretionary,Other Specialty Stores,United States
ASR,Grupo Aeroportuario del Sureste S.A. de C.V. Common Stock,7055700000.0,Consumer Discretionary,Aerospace,Mexico
ASST,Strive Inc. Class A Common Stock,2852847907.0,Finance,Finance: Consumer Services,United States
ASTS,AST SpaceMobile Inc. Class A Common Stock,22906398697.0,Consumer Discretionary,Telecommunications Equipment,United States
ATI,ATI Inc. Common Stock,25790670540.0,Industrials,Steel/Iron Ore,United States
ATKR,Atkore Inc. Common Stock,3199949113.0,Miscellaneous,Industrial Machinery/Components,United States
ATMU,Atmus Filtration Technologies Inc. Common Stock,3542877782.0,Consumer Discretionary,Auto Parts:O.E.M.,United States
ATO,Atmos Energy Corporation Common Stock,26436569231.0,Utilities,Oil/Gas Transmission,United States
ATR,AptarGroup Inc. Common Stock,7703489590.0,Industrials,Plastic Products,United States
ATRC,AtriCure Inc. Common Stock,2858685723.0,Health Care,Medical/Dental Instruments,United States
ATRO,Astronics Corporation Common Stock,2899671095.0,Industrials,Military/Government/Technical,United States
AU,AngloGold Ashanti PLC Ordinary Shares,47517021601.0,Basic Materials,Precious Metals,South Africa
AUB,Atlantic Union Bankshares Corporation Common Stock,5419825303.0,Finance,Major Banks,United States
AUGO,Aura Minerals Inc. Common Shares,6592536066.0,Basic Materials,Metal Mining,United States
AUPH,Aurinia Pharmaceuticals Inc Ordinary Shares,2154763666.0,Health Care,Biotechnology: Pharmaceutical Preparations,Canada
AUR,Aurora Innovation Inc. Class A Common Stock,11103020185.0,Technology,EDP Services,United States
AVA,Avista Corporation Common Stock,2938886805.0,Utilities,Power Generation,United States
AVAH,Aveanna Healthcare Holdings Inc. Common Stock,2708106427.0,Health Care,Medical/Nursing Services,United States
AVAV,AeroVironment Inc. Common Stock,7227720238.0,Industrials,Aerospace,United States
AVGO,Broadcom Inc. Common Stock,1676451072289.0,Technology,Semiconductors,United States
AVNT,Avient Corporation Common Stock,3691711888.0,Industrials,Major Chemicals,United States
AVPT,AvePoint Inc. Class A Common Stock,2978841198.0,Technology,Computer Software: Prepackaged Software,United States
AVT,Avnet Inc. Common Stock,8203194251.0,Technology,Electronic Components,United States
AVTR,Avantor Inc. Common Stock,10179200542.0,Industrials,Biotechnology: Laboratory Analytical Instruments,United States
AVY,Avery Dennison Corporation Common Stock,12934762195.0,Consumer Discretionary,Containers/Packaging,United States
AWI,Armstrong World Industries Inc Common Stock,6843619414.0,Industrials,Plastic Products,United States
AWK,American Water Works Company Inc. Common Stock,25729442206.0,Utilities,Water Supply,United States
AWR,American States Water Company Common Stock,3263201089.0,Utilities,Water Supply,United States
AX,Axos Financial Inc. Common Stock,4922197320.0,Finance,Savings Institutions,United States
AXGN,Axogen Inc. Common Stock,2459509825.0,Health Care,Biotechnology: Electromedical & Electrotherapeutic Apparatus,United States
AXON,Axon Enterprise Inc. Common Stock,34324432586.0,Industrials,Ordnance And Accessories,United States
AXP,American Express Company Common Stock,205361720215.0,Finance,Finance: Consumer Services,United States
AXS,Axis Capital Holdings Limited Common Stock,6873427061.0,Finance,Property-Casualty Insurers,Bermuda
AXSM,Axsome Therapeutics Inc. Common Stock,9658499031.0,Health Care,Biotechnology: Pharmaceutical Preparations,United States
AXTA,Axalta Coating Systems Ltd. Common Shares,6882883104.0,Consumer Discretionary,Paints/Coatings,United States
AXTI,AXT Inc Common Stock,5076022341.0,Technology,Semiconductors,United States
AYA,Aya Gold & Silver Inc. Common Shares,3874572919.0,Basic Materials,Precious Metals,Canada
AYI,Acuity Inc. Common Stock,9274331816.0,Consumer Discretionary,Building Products,United States
AZN,AstraZeneca PLC Ordinary Shares,250395706067.0,Health Care,Biotechnology: Pharmaceutical Preparations,United Kingdom
AZO,AutoZone Inc. Common Stock,46201081157.0,Consumer Discretionary,Auto & Home Supply Stores,United States
AZZ,AZZ Inc.,4038621219.0,Industrials,Industrial Specialties,United States
B,Barrick Mining Corporation Common Shares,66938119321.0,Basic Materials,Precious Metals,Canada
BA,Boeing Company (The) Common Stock,147048342221.0,Industrials,Aerospace,United States
BAC,Bank of America Corporation Common Stock,380615293507.0,Finance,Major Banks,United States
BAH,Booz Allen Hamilton Holding Corporation Common Stock,8350182826.0,Consumer Discretionary,Professional Services,United States
BALL,Ball Corporation Common Stock,14831329093.0,Industrials,Containers/Packaging,United States
BAM,Brookfield Asset Management Inc Class A Limited Voting Shares,71204826262.0,Real Estate,Building operators,
BANC,Banc of California Inc. Common Stock,2721487615.0,Finance,Major Banks,United States
BANF,BancFirst Corporation Common Stock,3537275874.0,Finance,Major Banks,United States
BANR,Banner Corporation Common Stock,2454844624.0,Finance,Major Banks,United States
BAP,Credicorp Ltd. Common Stock,35853010759.0,Finance,Commercial Banks,Peru
BATRA,Atlanta Braves Holdings Inc. Series A Common Stock,3723663063.0,Consumer Discretionary,Services-Misc. Amusement & Recreation,United States
BATRK,Atlanta Braves Holdings Inc. Series C Common Stock,3397048467.0,Consumer Discretionary,Services-Misc. Amusement & Recreation,United States
BAX,Baxter International Inc. Common Stock,12407903976.0,Health Care,Medical/Dental Instruments,United States
BB,BlackBerry Limited Common Stock,5306771802.0,Technology,Computer Software: Prepackaged Software,Canada
BBAR,Banco BBVA Argentina S.A. ADS,2624441505.0,Finance,Commercial Banks,Argentina
BBIO,BridgeBio Pharma Inc. Common Stock,12863075789.0,Health Care,Biotechnology: Pharmaceutical Preparations,United States
BBT,Beacon Financial Corporation Common stock,2346012247.0,Finance,Banks,United States
BBUC,Brookfield Business Corporation Class A Subordinate Voting Shares,5303529000.0,Consumer Discretionary,Engineering & Construction,
BBVA,Banco Bilbao Vizcaya Argentaria S.A. Common Stock,159108957669.0,Finance,Commercial Banks,Spain
BBWI,Bath & Body Works Inc.,3210193383.0,Consumer Discretionary,Other Specialty Stores,United States
BBY,Best Buy Co. Inc. Common Stock,18506372072.0,Consumer Discretionary,Consumer Electronics/Video Chains,United States
BC,Brunswick Corporation Common Stock,4162586775.0,Industrials,Industrial Machinery/Components,United States
BCC,Boise Cascade L.L.C. Common Stock,2587193677.0,Consumer Discretionary,RETAIL: Building Materials,United States
BCE,BCE Inc. Common Stock,18967575118.0,Telecommunications,Telecommunications Equipment,Canada
BCH,Banco De Chile ADS,20208467094.0,Finance,Commercial Banks,Chile
BCO,Brinks Company (The) Common Stock,4159741138.0,Industrials,Integrated Freight & Logistics,United States
BCPC,Balchem Corporation Common Stock,5258598344.0,Industrials,Major Chemicals,United States
BCRX,BioCryst Pharmaceuticals Inc. Common Stock,2128607425.0,Health Care,Biotechnology: Biological Products (No Diagnostic Substances),United States
BCS,Barclays PLC Common Stock,81553715160.0,Finance,Commercial Banks,United Kingdom
BDC,Belden Inc Common Stock,4217709155.0,Industrials,Telecommunications Equipment,United States
BDX,Becton Dickinson and Company Common Stock,48757237200.0,Health Care,Medical/Dental Instruments,United States
BE,Bloom Energy Corporation Class A Common Stock,81578184295.0,Energy,Industrial Machinery/Components,United States
BEAM,Beam Therapeutics Inc. Common Stock,2525383409.0,Health Care,Biotechnology: Biological Products (No Diagnostic Substances),United States
BELFA,Bel Fuse Inc. Class A Common Stock,2855112449.0,,,United States
BELFB,Bel Fuse Inc. Class B Common Stock,3524958534.0,,,United States
BEN,Franklin Templeton Inc. Common Stock,16319430349.0,Finance,Investment Managers,United States
BEPC,Brookfield Renewable Corporation Brookfield Renewable Corporation Class A Subordinate Voting Shares,10635729523.0,Utilities,Electric Utilities: Central,United States
BETA,Beta Technologies Inc. Class A Common Stock,5170097426.0,Industrials,Aerospace,United States
BFAM,Bright Horizons Family Solutions Inc. Common Stock,3099041698.0,Consumer Discretionary,Other Consumer Services,United States
BFH,Bread Financial Holdings Inc. Common Stock,3755483447.0,Consumer Discretionary,Business Services,United States
BFLY,Butterfly Network Inc. Class A Common Stock,2385915240.0,Health Care,Medical Electronics,United States
BG,Bunge Limited Common Shares,20547140205.0,Consumer Staples,Packaged Foods,United States
BGC,BGC Group Inc. Class A Common Stock,5482128999.0,Finance,Investment Bankers/Brokers/Service,United States
BGR,BlackRock Energy and Resources Trust,2291406679.0,Finance,Trusts Except Educational Religious and Charitable,United States
BGSI,Boyd Group Services Inc. Common Shares,2182654868.0,,,Canada
BHC,Bausch Health Companies Inc. Common Stock,2180364971.0,Health Care,Biotechnology: Pharmaceutical Preparations,Canada
BHE,Benchmark Electronics Inc. Common Stock,2978121645.0,Technology,Electrical Products,United States
BHF,Brighthouse Financial Inc. Common Stock,2869826994.0,Finance,Life Insurance,United States
BHVN,Biohaven Ltd. Common Shares ,2016434476.0,Health Care,Biotechnology: Pharmaceutical Preparations,United States
BIDU,Baidu Inc. ADS,29557748487.0,Technology,Computer Software: Programming Data Processing,China
BIIB,Biogen Inc. Common Stock,33374673068.0,Health Care,Biotechnology: Biological Products (No Diagnostic Substances),United States
BILL,BILL Holdings Inc. Common Stock,3627674306.0,Technology,Computer Software: Prepackaged Software,United States
BIO,Bio-Rad Laboratories Inc. Class A Common Stock,10099276079.0,Industrials,Biotechnology: Laboratory Analytical Instruments,United States
BIPC,Brookfield Infrastructure Corporation Brookfield Infrastructure Corporation,4380585409.0,Consumer Discretionary,Marine Transportation,Canada
BIRK,Birkenstock Holding plc Ordinary Shares,5351740272.0,Consumer Discretionary,Shoe Manufacturing,
BJ,BJ's Wholesale Club Holdings Inc. Common Stock,11620951664.0,Consumer Discretionary,Department/Specialty Retail Stores,United States
BKD,Brookdale Senior Living Inc. Common Stock,2586390839.0,Health Care,Hospital/Nursing Management,United States
BKE,Buckle Inc. (The) Common Stock,2212459040.0,Consumer Discretionary,Clothing/Shoe/Accessory Stores,United States
BKH,Black Hills Corporation Common Stock,5343820121.0,Utilities,Electric Utilities: Central,United States
BKNG,Booking Holdings Inc. Common Stock,122407397255.0,Consumer Discretionary,Transportation Services,United States
BKR,Baker Hughes Company Class A Common Stock,54497806498.0,Consumer Discretionary,Oil and Gas Field Machinery,United States
BKU,BankUnited Inc. Common Stock,3006000908.0,Finance,Savings Institutions,United States
BKV,BKV Corporation Common Stock,2335403292.0,Energy,Oil & Gas Production,United States
BLCO,Bausch + Lomb Corporation Common Shares,6071809182.0,Health Care,Ophthalmic Goods,
BLDR,Builders FirstSource Inc. Common Stock,6134074014.0,Consumer Discretionary,RETAIL: Building Materials,United States
BLK,BlackRock Inc. Common Stock,163896588107.0,Finance,Investment Bankers/Brokers/Service,United States
BLLN,BillionToOne Inc. Class A Common Stock,5022588325.0,Health Care,Medical Specialities,United States
BLSH,Bullish Ordinary Shares,5569882236.0,Finance,Finance: Consumer Services,Cayman Islands
BLX,Bladex Inc. Class E Common Stock,2068692523.0,Finance,Commercial Banks,Panama
BMA,Banco Macro S.A.  ADR (representing Ten Class B Common Shares),4279439278.0,Finance,Commercial Banks,Argentina
BMI,Badger Meter Inc. Common Stock,3581035078.0,Industrials,Industrial Machinery/Components,United States
BMNR,BitMine Immersion Technologies Inc. Common Stock,15943273593.0,Finance,Finance: Consumer Services,United States
BMO,Bank Of Montreal Common Stock,116254176638.0,Finance,Commercial Banks,Canada
BMRN,BioMarin Pharmaceutical Inc. Common Stock,11614425540.0,Health Care,Biotechnology: Pharmaceutical Preparations,United States
BMY,Bristol-Myers Squibb Company Common Stock,127465394534.0,Health Care,Biotechnology: Pharmaceutical Preparations,United States
BN,Brookfield Corporation Class A Limited Voting Shares,89354332786.0,Real Estate,Building operators,Canada
BNL,Broadstone Net Lease Inc. Common Stock,3550019964.0,Real Estate,Real Estate Investment Trusts,United States
BNS,Bank Nova Scotia Halifax Pfd 3 Ordinary Shares,111441363782.0,Finance,Major Banks,Canada
BNT,Brookfield Wealth Solutions Ltd. Class A Exchangeable Limited Voting Shares,12344281871.0,Finance,Property-Casualty Insurers,
BNTX,BioNTech SE American Depositary Share,24693389178.0,Health Care,Biotechnology: Biological Products (No Diagnostic Substances),Germany
BNY,The Bank of New York Mellon Corporation Common Stock,98132054057.0,Finance,Major Banks,United States
BOH,Bank of Hawaii Corporation Common Stock,2718921292.0,Finance,Major Banks,United States
BOKF,BOK Financial Corporation Common Stock,7680931989.0,Finance,Major Banks,United States
BOOT,Boot Barn Holdings Inc. Common Stock,3648415157.0,Consumer Discretionary,Clothing/Shoe/Accessory Stores,United States
BOX,Box Inc. Class A Common Stock,4593481880.0,Technology,Computer Software: Prepackaged Software,United States
BP,BP p.l.c. Common Stock,115162758340.0,Energy,Integrated oil Companies,United Kingdom
BPOP,Popular Inc. Common Stock,9914367980.0,Finance,Major Banks,United States
BR,Broadridge Financial Solutions Inc. Common Stock,18188195155.0,Consumer Discretionary,Business Services,United States
BRC,Brady Corporation Common Stock,3915615377.0,Consumer Discretionary,Miscellaneous manufacturing industries,United States
BRK/A,Berkshire Hathaway Inc.,1098750232370.0,,,United States
BRK/B,Berkshire Hathaway Inc.,1098632747189.0,,,United States
BRKR,Bruker Corporation Common Stock,9865265711.0,Industrials,Biotechnology: Laboratory Analytical Instruments,United States
BRO,Brown & Brown Inc. Common Stock,20377770741.0,Finance,Specialty Insurers,United States
BROS,Dutch Bros Inc. Class A Common Stock,6735726969.0,Consumer Discretionary,Restaurants,United States
BRX,Brixmor Property Group Inc. Common Stock,8469675922.0,Real Estate,Real Estate Investment Trusts,United States
BRZE,Braze Inc. Class A Common Stock,2850969118.0,Technology,Computer Software: Prepackaged Software,United States
BSAC,Banco Santander - Chile ADS,15716406975.0,Finance,Commercial Banks,Chile
BSP,Bending Spoons S.p.A. Ordinary Shares,22933466276.0,Technology,Computer Software: Programming Data Processing,Italy
BSX,Boston Scientific Corporation Common Stock,63258868810.0,Health Care,Medical/Dental Instruments,United States
BSY,Bentley Systems Incorporated Class B Common Stock,9651867804.0,Technology,Computer Software: Prepackaged Software,United States
BTDR,Bitdeer Technologies Group Class A Ordinary Shares,2850995750.0,Finance,Finance: Consumer Services,Singapore
BTE,Baytex Energy Corp Common Shares,3211262640.0,Energy,Oil & Gas Production,Canada
BTG,B2Gold Corp Common shares (Canada),6895989378.0,Basic Materials,Precious Metals,Canada
BTI,British American Tobacco  Industries p.l.c. Common Stock ADR,117522145392.0,Health Care, Medicinal Chemicals and Botanical Products ,United Kingdom
BTSG,BrightSpring Health Services Inc. Common Stock,11228795677.0,Health Care,Medical/Nursing Services,United States
BTU,Peabody Energy Corporation Common Stock ,2973141000.0,Energy,Coal Mining,United States
BTX,BlackRock Technology and Private Equity Term Trust Common Shares of Beneficial Interest,2117449643.0,,,United States
BUD,Anheuser-Busch Inbev SA Sponsored ADR (Belgium),144892615477.0,Consumer Staples,Beverages (Production/Distribution),Belgium
BULL,Webull Corporation Class A Ordinary Shares,3767179648.0,Finance,Investment Bankers/Brokers/Service,United States
BURL,Burlington Stores Inc. Common Stock,16783591952.0,Consumer Discretionary,Department/Specialty Retail Stores,United States
BUSE,First Busey Corporation Class A Common Stock,2423310164.0,Finance,Major Banks,United States
BVN,Buenaventura Mining Company Inc.,8020905260.0,Basic Materials,Metal Mining,Peru
BWA,BorgWarner Inc. Common Stock,12242384539.0,Consumer Discretionary,Auto Parts:O.E.M.,United States
BWIN,The Baldwin Insurance Group Inc. Class A Common Stock,4434652038.0,Finance,Specialty Insurers,United States
BWLP,BW LPG Limited Common Shares,3990014100.0,Consumer Discretionary,Transportation Services,
BWXT,BWX Technologies Inc. Common Stock,12552211260.0,Industrials,Industrial Machinery/Components,United States
BX,Blackstone Inc. Common Stock,84137569028.0,Finance,Investment Managers,United States
BXP,BXP Inc. Common Stock,9756917687.0,Real Estate,Real Estate Investment Trusts,United States
BYD,Boyd Gaming Corporation Common Stock,4836670910.0,Consumer Discretionary,Hotels/Resorts,United States
BZ,KANZHUN LIMITED American Depository Shares,6849524404.0,Technology,Computer Software: Programming Data Processing,China
C,Citigroup Inc. Common Stock,217194514663.0,Finance,Major Banks,United States
CAAP,Corporacion America Airports SA Common Shares,4203175074.0,Consumer Discretionary,Aerospace,
CACC,Credit Acceptance Corporation Common Stock,5512087980.0,Finance,Finance: Consumer Services,United States
CACI,CACI International Inc. Class A Common Stock,13461085529.0,Technology,EDP Services,United States
CAE,CAE Inc. Common Shares,7719422927.0,Miscellaneous,Industrial Machinery/Components,Canada
CAG,ConAgra Brands Inc. Common Stock,6452108826.0,Consumer Staples,Packaged Foods,United States
CAH,Cardinal Health Inc. Common Stock,51521954263.0,Health Care,Other Pharmaceuticals,United States
CAI,Caris Life Sciences Inc. Common Stock,8655890547.0,Health Care,Medical Specialities,United States
CAKE,Cheesecake Factory Incorporated (The) Common Stock,5236809122.0,Consumer Discretionary,Restaurants,United States
CALM,Cal-Maine Foods Inc. Common Stock,3193095814.0,Consumer Staples,Farming/Seeds/Milling,United States
CALX,Calix Inc Common Stock,2163442662.0,Consumer Discretionary,Telecommunications Equipment,United States
CALY,Callaway Golf Company Common Stock,2515213241.0,Consumer Discretionary,Recreational Games/Products/Toys,United States
CAMT,Camtek Ltd. Ordinary Shares,7226671237.0,Technology,Electronic Components,Israel
CAR,Avis Budget Group Inc. Common Stock,3768198179.0,Consumer Discretionary,Rental/Leasing Companies,United States
CARG,CarGurus Inc. Class A Common Stock ,2775529574.0,Technology,EDP Services,United States
CARR,Carrier Global Corporation Common Stock ,45222472627.0,Industrials,Industrial Machinery/Components,United States
CART,Maplebear Inc. Common Stock,10233816208.0,Consumer Discretionary,Business Services,United States
CASY,Casey's General Stores Inc. Common Stock,22488783213.0,Consumer Discretionary,Retail-Auto Dealers and Gas Stations,United States
CAT,Caterpillar Inc. Common Stock,372699803252.0,Industrials,Construction/Ag Equipment/Trucks,United States
CATY,Cathay General Bancorp Common Stock,3969472290.0,Finance,Major Banks,United States
CAVA,CAVA Group Inc. Common Stock,6319215312.0,Consumer Discretionary,Restaurants,United States
CB,Chubb Limited  Common Stock,125481404140.0,Finance,Property-Casualty Insurers,Switzerland
CBC,Central Bancompany Inc. Class A Common Stock,7484535406.0,Finance,Major Banks,United States
CBOE,Cboe Global Markets Inc. Common Stock,30782583688.0,Finance,Investment Bankers/Brokers/Service,
CBRE,CBRE Group Inc Common Stock Class A,37201738534.0,Finance,Real Estate,United States
CBRS,Cerebras Systems Inc. Class A Common Stock,42203251884.0,Technology,Semiconductors,United States
CBSH,Commerce Bancshares Inc. Common Stock,7851477424.0,Finance,Major Banks,United States
CBT,Cabot Corporation Common Stock,3970940748.0,Industrials,Major Chemicals,United States
CBU,Community Financial System Inc. Common Stock,3132750984.0,Finance,Major Banks,United States
CBZ,CBIZ Inc. Common Stock,2967691543.0,Consumer Discretionary,Business Services,United States
CC,Chemours Company (The) Common Stock,2042271362.0,Industrials,Major Chemicals,United States
CCC,CCC Intelligent Solutions Holdings Inc. Common Stock,3922704729.0,Technology,Computer Software: Prepackaged Software,United States
CCEP,Coca-Cola Europacific Partners plc Ordinary Shares,46174553260.0,Consumer Staples,Beverages (Production/Distribution),United Kingdom
CCI,Crown Castle Inc. Common Stock,28356605009.0,Real Estate,Real Estate Investment Trusts,United States
CCJ,Cameco Corporation Common Stock,37747643203.0,Basic Materials,Other Metals and Minerals,Canada
CCK,Crown Holdings Inc.,11464445465.0,Industrials,Containers/Packaging,United States
CCL,Carnival Corporation Ltd. Common Shares,32996732566.0,Consumer Discretionary,Marine Transportation,United States
CCZ,Comcast Holdings ZONES,223209240442.0,Telecommunications,Cable & Other Pay Television Services,United States
CDE,Coeur Mining Inc. Common Stock,18091655965.0,Basic Materials,Precious Metals,United States
CDLR,Cadeler A/S American Depositary Share (each representing four (4) Ordinary Shares),2112184422.0,Consumer Discretionary,Marine Transportation,
CDNA,CareDx Inc. Common Stock,3362724495.0,Health Care,Medical Specialities,United States
CDNS,Cadence Design Systems Inc. Common Stock,90930637705.0,Technology,Computer Software: Prepackaged Software,United States
CDP,COPT Defense Properties Common Shares of Beneficial Interest,3787909297.0,Real Estate,Real Estate Investment Trusts,United States
CDW,CDW Corporation Common Stock,16022233316.0,Consumer Discretionary,Catalog/Specialty Distribution,United States
CE,Celanese Corporation Common Stock,4869559847.0,Industrials,Major Chemicals,United States
CECO,CECO Environmental Corp. Common Stock,4078802961.0,Industrials,Pollution Control Equipment,United States
CEG,Constellation Energy Corporation Common Stock ,90001160414.0,Utilities,Electric Utilities: Central,United States
CELC,Celcuity Inc. Common Stock,3891065324.0,Health Care,Medical Specialities,United States
CELH,Celsius Holdings Inc. Common Stock,6920508535.0,Consumer Staples,Beverages (Production/Distribution),United States
CENT,Central Garden & Pet Company Common Stock,2434226136.0,Consumer Discretionary,Consumer Specialties,United States
CENTA,Central Garden & Pet Company Class A Common Stock Nonvoting,2098103885.0,Consumer Discretionary,Consumer Specialties,United States
CENX,Century Aluminum Company Common Stock,3561778754.0,Industrials,Aluminum,United States
CET,Central Securities Corporation Common Stock,13434818852.0,Finance,Finance/Investors Services,United States
CF,CF Industries Holdings Inc. Common Stock,17434152576.0,Industrials,Agricultural Chemicals,United States
CFG,Citizens Financial Group Inc. Common Stock,26854232003.0,Finance,Major Banks,United States
CFR,Cullen/Frost Bankers Inc. Common Stock,9488255006.0,Finance,Major Banks,United States
CG,The Carlyle Group Inc. Common Stock,14132158769.0,Finance,Investment Managers,United States
CGAU,Centerra Gold Inc. Common Shares,4349690791.0,Basic Materials,Precious Metals,Canada
CGNX,Cognex Corporation Common Stock,10202776017.0,Industrials,Industrial Machinery/Components,United States
CGON,CG Oncology Inc. Common stock,6283716184.0,Health Care,Biotechnology: Biological Products (No Diagnostic Substances),United States
CHD,Church & Dwight Company Inc. Common Stock,22349352118.0,Consumer Discretionary,Package Goods/Cosmetics,United States
CHDN,Churchill Downs Incorporated Common Stock,5274914390.0,Consumer Discretionary,Services-Misc. Amusement & Recreation,United States
CHE,Chemed Corp,6601245202.0,Health Care,Medical/Nursing Services,United States
CHEF,The Chefs' Warehouse Inc. Common Stock,4576096630.0,Consumer Discretionary,Food Distributors,United States
CHH,Choice Hotels International Inc. Common Stock,4626826450.0,Consumer Discretionary,Hotels/Resorts,United States
CHKP,Check Point Software Technologies Ltd. Ordinary Shares,13104616374.0,Technology,Computer Software: Prepackaged Software,Israel
CHRD,Chord Energy Corporation Common Stock,7333343699.0,Energy,Oil & Gas Production,United States
CHRN,ChronoScale Holdings Corporation Common Stock,2873426928.0,Industrials,Industrial Machinery/Components,United States
CHRW,C.H. Robinson Worldwide Inc. Common Stock,17289312134.0,Industrials,Integrated Freight & Logistics,United States
CHT,Chunghwa Telecom Co. Ltd.,35280866864.0,Telecommunications,Telecommunications Equipment,Taiwan
CHTR,Charter Communications Inc. Class A Common Stock New,12706643863.0,Telecommunications,Cable & Other Pay Television Services,United States
CHWY,Chewy Inc. Class A Common Stock,7315075932.0,Consumer Discretionary,Catalog/Specialty Distribution,United States
CHYM,Chime Financial Inc. Class A Common Stock,10085507357.0,Finance,Finance: Consumer Services,United States
CI,The Cigna Group Common Stock,71828491309.0,Health Care,Medical Specialities,United States
CIEN,Ciena Corporation Common Stock,49891075266.0,Utilities,Telecommunications Equipment,United States
CIFR,Cipher Digital Inc. Common Stock,6567861176.0,Finance,Finance: Consumer Services,United States
CIGI,Colliers International Group Inc. Subordinate Voting Shares,4589123126.0,Finance,Real Estate,Canada
CINF,Cincinnati Financial Corporation Common Stock,24459796032.0,Finance,Property-Casualty Insurers,United States
CL,Colgate-Palmolive Company Common Stock,68014785770.0,Consumer Discretionary,Package Goods/Cosmetics,United States
CLBT,Cellebrite DI Ltd. Ordinary Shares,2830100336.0,Technology,Computer Software: Prepackaged Software,Israel
CLDX,Celldex Therapeutics Inc.,2545142132.0,Health Care,Biotechnology: In Vitro & In Vivo Diagnostic Substances,United States
CLF,Cleveland-Cliffs Inc. Common Stock,6281645917.0,Basic Materials,Metal Mining,United States
CLH,Clean Harbors Inc. Common Stock,16376187947.0,Industrials,Environmental Services,United States
CLMT,Calumet Inc. Common Stock,4604109497.0,Energy,Integrated oil Companies,United States
CLOV,Clover Health Investments Corp. Class A Common Stock,2289283494.0,Health Care,Medical Specialities,United States
CLS,Celestica Inc. Common Stock,41554730063.0,Technology,Electrical Products,Canada
CLSK,CleanSpark Inc. Common Stock,3307803900.0,Finance,Finance: Consumer Services,United States
CLX,Clorox Company (The) Common Stock,9796620715.0,Consumer Discretionary,Specialty Chemicals,United States
CM,Canadian Imperial Bank of Commerce Common Stock,100038607285.0,Finance,Commercial Banks,Canada
CMBT,CMB.TECH NV Ordinary Shares,5981456858.0,Consumer Discretionary,Marine Transportation,
CMC,Commercial Metals Company Common Stock,6869771204.0,Industrials,Steel/Iron Ore,United States
CMCSA,Comcast Corporation Class A Common Stock,77218331828.0,Telecommunications,Cable & Other Pay Television Services,United States
CME,CME Group Inc. Class A Common Stock,94202575321.0,Finance,Investment Bankers/Brokers/Service,United States
CMG,Chipotle Mexican Grill Inc. Common Stock,40430105100.0,Consumer Discretionary,Restaurants,United States
CMI,Cummins Inc. Common Stock,71113344050.0,Industrials,Industrial Machinery/Components,United States
CMS,CMS Energy Corporation Common Stock,19780445739.0,Utilities,Power Generation,United States
CNA,CNA Financial Corporation Common Stock,12144569649.0,Finance,Property-Casualty Insurers,United States
CNC,Centene Corporation Common Stock,30686969400.0,Health Care,Medical Specialities,United States
CNH,CNH Industrial N.V. Common Shares,15904778560.0,Industrials,Construction/Ag Equipment/Trucks,United Kingdom
CNI,Canadian National Railway Company Common Stock,71827490000.0,Industrials,Railroads,Canada
CNK,Cinemark Holdings Inc Cinemark Holdings Inc. Common Stock,4323512192.0,Consumer Discretionary,Movies/Entertainment,United States
CNM,Core & Main Inc. Class A Common Stock,7901693194.0,Consumer Discretionary,Durable Goods,United States
CNO,CNO Financial Group Inc. Common Stock,4895305740.0,Finance,Accident &Health Insurance,United States
CNP,CenterPoint Energy Inc (Holding Co) Common Stock,24240906598.0,Utilities,Electric Utilities: Central,United States
CNQ,Canadian Natural Resources Limited Common Stock,97380298800.0,Energy,Oil & Gas Production,Canada
CNR,Core Natural Resources Inc. Common Stock,4260776301.0,Energy,Coal Mining,United States
CNS,Cohen & Steers Inc Common Stock,3759428278.0,Finance,Investment Managers,United States
CNX,CNX Resources Corporation Common Stock,4611403165.0,Energy,Oil & Gas Production,United States
CNXN,PC Connection Inc. Common Stock,2277233673.0,Consumer Discretionary,Catalog/Specialty Distribution,United States
COCO,The Vita Coco Company Inc. Common Stock,3360536306.0,Consumer Staples,Beverages (Production/Distribution),United States
COF,Capital One Financial Corporation Common Stock,118445517287.0,Finance,Major Banks,United States
COGT,Cogent Biosciences Inc. Common Stock,5556269924.0,Health Care,Biotechnology: Pharmaceutical Preparations,United States
COHR,Coherent Corp. Common Stock,56362478721.0,Technology,Electronic Components,United States
COHU,Cohu Inc. Common Stock,3225640825.0,Industrials,Electrical Products,United States
COIN,Coinbase Global Inc. Class A Common Stock,49181840816.0,Finance,Finance: Consumer Services,United States
COKE,Coca-Cola Consolidated Inc. Common Stock,12598623925.0,Consumer Staples,Beverages (Production/Distribution),United States
COLB,Columbia Banking System Inc. Common Stock,8091004865.0,Finance,Major Banks,United States
COLD,Americold Realty Trust Inc. Common Stock,3991018103.0,Real Estate,Real Estate Investment Trusts,United States
COLM,Columbia Sportswear Company Common Stock,2939001268.0,Consumer Discretionary,Apparel,United States
COMP,Compass Inc. Class A Common Stock,6726797109.0,Finance,Real Estate,United States
CON,Concentra Group Holdings Parent Inc. Common Stock,4389160473.0,Health Care,Medical Specialities,United States
COO,The Cooper Companies Inc. Common Stock,10749478770.0,Health Care,Ophthalmic Goods,United States
COP,ConocoPhillips Common Stock,150347385497.0,Energy,Integrated oil Companies,United States
COR,Cencora Inc. Common Stock,57295856291.0,Health Care,Other Pharmaceuticals,United States
CORT,Corcept Therapeutics Incorporated Common Stock,12456178286.0,Health Care,Biotechnology: Pharmaceutical Preparations,United States
CORZ,Core Scientific Inc. Common Stock,5135020247.0,Finance,Finance: Consumer Services,United States
COST,Costco Wholesale Corporation Common Stock,403716494433.0,Consumer Discretionary,Department/Specialty Retail Stores,United States
COTY,Coty Inc. Class A Common Stock,2298591671.0,Consumer Discretionary,Package Goods/Cosmetics,United States
CP,Canadian Pacific Kansas City Limited Common Shares,75931657635.0,Industrials,Railroads,Canada
CPA,Copa Holdings S.A. Class A Common Stock,5424118213.0,Consumer Discretionary,Air Freight/Delivery Services,Panama
CPAY,Corpay Inc. Common Stock,25515320171.0,Consumer Discretionary,Business Services,United States
CPB,The Campbell's Company Common Stock,5913993962.0,Consumer Staples,Packaged Foods,United States
CPK,Chesapeake Utilities Corporation Common Stock,3096715209.0,Utilities,Oil & Gas Production,United States
CPNG,Coupang Inc. Class A Common Stock,24931487307.0,Consumer Discretionary,Catalog/Specialty Distribution,United States
CPRT,Copart Inc. (DE) Common Stock,25270294731.0,Consumer Discretionary,Retail-Auto Dealers and Gas Stations,United States
CPT,Camden Property Trust Common Stock,9725171326.0,Real Estate,Real Estate Investment Trusts,United States
CR,Crane Company Common Stock,11792428631.0,Industrials,Metal Fabrications,United States
CRBG,Corebridge Financial Inc. Common Stock,14763985929.0,Finance,Life Insurance,United States
CRC,California Resources Corporation Common Stock,4512050564.0,Energy,Oil & Gas Production,United States
CRCL,Circle Internet Group Inc. Class A Common Stock,20860981142.0,Finance,Finance: Consumer Services,United States
CRDO,Credo Technology Group Holding Ltd Ordinary Shares,36611154107.0,Technology,Semiconductors,United States
CRGY,Crescent Energy Company Class A Common Stock,4258903641.0,Energy,Oil & Gas Production,United States
CRH,CRH PLC Ordinary Shares,55421304970.0,Industrials,Building Materials,Ireland
CRK,Comstock Resources Inc. Common Stock,3617405151.0,Energy,Oil & Gas Production,United States
CRL,Charles River Laboratories International Inc. Common Stock,14083444629.0,Health Care,Biotechnology: Commercial Physical & Biological Resarch,United States
CRM,Salesforce Inc. Common Stock,188936110000.0,Technology,Computer Software: Prepackaged Software,United States
CROX,Crocs Inc. Common Stock,5624436748.0,Consumer Discretionary,Shoe Manufacturing,United States
CRS,Carpenter Technology Corporation Common Stock,19269361632.0,Industrials,Steel/Iron Ore,United States
CRSP,CRISPR Therapeutics AG Common Shares,5349037564.0,Health Care,Biotechnology: Biological Products (No Diagnostic Substances),Switzerland
CRUS,Cirrus Logic Inc. Common Stock,6012603793.0,Technology,Semiconductors,United States
CRVL,CorVel Corp. Common Stock,3766010368.0,Finance,Specialty Insurers,United States
CRWD,CrowdStrike Holdings Inc. Class A Common Stock,271086749420.0,Technology,Computer Software: Prepackaged Software,United States
CRWV,CoreWeave Inc. Class A Common Stock,48049868766.0,Technology,Computer Software: Prepackaged Software,United States
CSCO,Cisco Systems Inc. Common Stock (DE),424340625141.0,Telecommunications,Computer Communications Equipment,United States
CSGP,CoStar Group Inc. Common Stock,11102413911.0,Finance,Real Estate,United States
CSL,Carlisle Companies Incorporated Common Stock,12794702229.0,Industrials,Specialty Chemicals,United States
CSQ,Calamos Strategic Total Return Common Stock,3239718613.0,Finance,Finance Companies,United States
CSQR,Csquare Inc. Common Stock,2634483287.0,Technology,Computer Software: Programming Data Processing,
CSTM,Constellium SE Ordinary Shares (France),3278415740.0,Industrials,Metal Fabrications,Netherlands
CSW,CSW Industrials Inc. Common Stock,4693827735.0,Industrials,Home Furnishings,United States
CSX,CSX Corporation Common Stock,86158608390.0,Industrials,Railroads,United States
CTAS,Cintas Corporation Common Stock,77929740571.0,Industrials,Garments and Clothing,United States
CTOS,Custom Truck One Source Inc. Common Stock,2072575424.0,Consumer Discretionary,Diversified Commercial Services,Cayman Islands
CTRE,CareTrust REIT Inc. Common Stock,8643605219.0,Real Estate,Real Estate Investment Trusts,United States
CTRI,Centuri Holdings Inc. Common Stock,2023299582.0,Utilities,Oil & Gas Production,United States
CTSH,Cognizant Technology Solutions Corporation Class A Common Stock,25873515365.0,Technology,EDP Services,United States
CTVA,Corteva Inc. Common Stock ,51807769400.0,Consumer Staples,Farming/Seeds/Milling,United States
CUBE,CubeSmart Common Shares,8461597468.0,Real Estate,Real Estate Investment Trusts,United States
CUBI,Customers Bancorp Inc Common Stock,2500001126.0,Finance,Major Banks,United States
CURB,Curbline Properties Corp. Common Stock,3201508236.0,Finance,Real Estate,United States
CUZ,Cousins Properties Incorporated Common Stock,4549600883.0,Real Estate,Real Estate Investment Trusts,United States
CVBF,CVB Financial Corporation Common Stock,3803304570.0,Finance,Major Banks,United States
CVCO,Cavco Industries Inc. Common Stock When Issued,4308064365.0,Consumer Discretionary,Homebuilding,United States
CVE,Cenovus Energy Inc Common Stock,58275000000.0,Energy,Oil & Gas Production,Canada
CVI,CVR Energy Inc. Common Stock,5126055243.0,Energy,Integrated oil Companies,United States
CVLT,Commvault Systems Inc. Common Stock,6213369035.0,Technology,Computer Software: Prepackaged Software,United States
CVNA,Carvana Co. Class A Common Stock,68823004176.0,Consumer Discretionary,Retail-Auto Dealers and Gas Stations,United States
CVS,CVS Health Corporation Common Stock,109594970920.0,Consumer Staples,Retail-Drug Stores and Proprietary Stores,United States
CVSA,Covista Inc. Common Shares,4159543804.0,Real Estate,Other Consumer Services,United States
CVX,Chevron Corporation Common Stock,403472251864.0,Energy,Integrated oil Companies,United States
CW,Curtiss-Wright Corporation Common Stock,20085689336.0,Technology,Industrial Machinery/Components,United States
CWEN,Clearway Energy Inc. Class C Common Stock,4797754292.0,Utilities,Electric Utilities: Central,United States
CWK,Cushman & Wakefield Ltd. Common Shares,2771968891.0,Finance,Real Estate,United States
CWST,Casella Waste Systems Inc. Class A Common Stock,5113477696.0,Utilities,Environmental Services,United States
CWT,California Water Service Group Common Stock,2861295203.0,Utilities,Water Supply,United States
CX,Cemex S.A.B. de C.V. Sponsored ADR,14416362254.0,Industrials,Building Materials,Mexico
CXT,Crane NXT Co. Common Stock,2711137418.0,Industrials,Metal Fabrications,United States
CXW,CoreCivic Inc. Common Stock,3189315020.0,Real Estate,Real Estate Investment Trusts,United States
CYTK,Cytokinetics Incorporated Common Stock,9163033480.0,Health Care,Biotechnology: Pharmaceutical Preparations,United States
CZR,Caesars Entertainment Inc. Common Stock,6040309030.0,Consumer Discretionary,Hotels/Resorts,United States
D,Dominion Energy Inc. Common Stock,53228910433.0,Utilities,Electric Utilities: Central,United States
DAC,Danaos Corporation Common Stock,2808978227.0,Consumer Discretionary,Marine Transportation,Greece
DAL,Delta Air Lines Inc. Common Stock,54885218084.0,Consumer Discretionary,Air Freight/Delivery Services,United States
DAN,Dana Incorporated Common Stock ,2937919103.0,Consumer Discretionary,Auto Parts:O.E.M.,United States
DAR,Darling Ingredients Inc. Common Stock,9580215030.0,Consumer Staples,Packaged Foods,United States
DASH,DoorDash Inc. Class A Common Stock,79531836336.0,Consumer Discretionary,Business Services,United States
DAVE,Dave Inc. Class A Common Stock,4101023056.0,Finance,Finance: Consumer Services,United States
DB,Deutsche Bank AG Common Stock,67523446000.0,Finance,Major Banks,Germany
DBD,Diebold Nixdorf Incorporated Common stock,2078210117.0,Miscellaneous,Office Equipment/Supplies/Services,United States
DBX,Dropbox Inc. Class A Common Stock,7640259297.0,Technology,Computer Software: Prepackaged Software,United States
DCI,Donaldson Company Inc. Common Stock,10088817628.0,Industrials,Pollution Control Equipment,United States
DCO,Ducommun Incorporated Common Stock,2590216090.0,Industrials,Military/Government/Technical,United States
DD,DuPont de Nemours Inc. Common Stock,17540732023.0,Industrials,Major Chemicals,United States
DDOG,Datadog Inc. Class A Common Stock,98332695322.0,Technology,Computer Software: Prepackaged Software,United States
DDS,Dillard's Inc. Common Stock,10464875975.0,Consumer Discretionary,Department/Specialty Retail Stores,United States
DE,Deere & Company Common Stock,181066945429.0,Industrials,Industrial Machinery/Components,United States
DECK,Deckers Outdoor Corporation Common Stock,10659407698.0,Consumer Discretionary,Shoe Manufacturing,United States
DELL,Dell Technologies Inc. Class C Common Stock ,342035468863.0,Technology,Computer Manufacturing,United States
DEO,Diageo plc Common Stock,47649235378.0,Consumer Staples,Beverages (Production/Distribution),United Kingdom
DFTX,Definium Therapeutics Inc. Common Shares,5114006117.0,Health Care, Medicinal Chemicals and Botanical Products ,United States
DG,Dollar General Corporation Common Stock,26381355748.0,Consumer Discretionary,Department/Specialty Retail Stores,United States
DGII,Digi International Inc. Common Stock,2892785416.0,Telecommunications,Computer Communications Equipment,United States
DGX,Quest Diagnostics Incorporated Common Stock,25724719015.0,Health Care,Medical Specialities,United States
DHI,D.R. Horton Inc. Common Stock,38221178136.0,Consumer Discretionary,Homebuilding,United States
DHR,Danaher Corporation Common Stock,155746560264.0,Industrials,Industrial Machinery/Components,United States
DHT,DHT Holdings Inc.,3634709747.0,Consumer Discretionary,Marine Transportation,Jersey
DINO,HF Sinclair Corporation Common Stock,19079762675.0,Energy,Natural Gas Distribution,United States
DIOD,Diodes Incorporated Common Stock,4457344527.0,Technology,Semiconductors,United States
DIS,Walt Disney Company (The) Common Stock,181129456020.0,Consumer Discretionary,Services-Misc. Amusement & Recreation,United States
DJT,Trump Media & Technology Group Corp. Common Stock,2518147942.0,Technology,Computer Software: Programming Data Processing,United States
DK,Delek US Holdings Inc. Common Stock,4370140258.0,Energy,Integrated oil Companies,United States
DKNG,DraftKings Inc. Class A Common Stock,9432626912.0,Consumer Discretionary,Services-Misc. Amusement & Recreation,United States
DKS,Dick's Sporting Goods Inc Common Stock,11941947205.0,Consumer Discretionary,Other Specialty Stores,United States
DLB,Dolby Laboratories Common Stock,5504915082.0,Miscellaneous,Multi-Sector Companies,United States
DLO,DLocal Limited Class A Common Shares,4058263715.0,Consumer Discretionary,Business Services,Uruguay
DLR,Digital Realty Trust Inc. Common Stock,64952449973.0,Real Estate,Real Estate Investment Trusts,United States
DLTR,Dollar Tree Inc. Common Stock,21393606692.0,Consumer Discretionary,Department/Specialty Retail Stores,United States
DNLI,Denali Therapeutics Inc. Common Stock,3304045820.0,Health Care,Biotechnology: Biological Products (No Diagnostic Substances),United States
DNN,Denison Mines Corp Ordinary Shares (Canada),2344509769.0,Basic Materials,Other Metals and Minerals,Canada
DNOW,DNOW Inc. Common Stock,2802181311.0,Consumer Discretionary,Oil and Gas Field Machinery,United States
DNTH,Dianthus Therapeutics Inc. Common Stock,4925021983.0,Health Care,Biotechnology: Pharmaceutical Preparations,United States
DOC,Healthpeak Properties Inc. Common Stock,13769859382.0,Real Estate,Real Estate Investment Trusts,United States
DOCN,DigitalOcean Holdings Inc. Common Stock,15683936175.0,Technology,Computer Software: Programming Data Processing,United States
DOCS,Doximity Inc. Class A Common Stock,5051491073.0,Technology,EDP Services,United States
DOCU,DocuSign Inc. Common Stock,12550499652.0,Technology,Computer Software: Prepackaged Software,United States
DOO,BRP Inc. Common Subordinate Voting Shares,3992954948.0,Consumer Discretionary,Industrial Specialties,Canada
DORM,Dorman Products Inc. Common Stock,3638230767.0,Consumer Discretionary,Auto Parts:O.E.M.,United States
DOV,Dover Corporation Common Stock,25191936086.0,Industrials,Industrial Machinery/Components,United States
DOW,Dow Inc. Common Stock ,19893263181.0,Industrials,Major Chemicals,United States
DOX,Amdocs Limited Ordinary Shares,6172554640.0,Technology,EDP Services,Guernsey
DPC,DPC Holdings PLC Ordinary Shares,6313348856.0,Telecommunications,Metal Fabrications,
DPZ,Domino's Pizza Inc Common Stock,9911618623.0,Consumer Discretionary,Food Distributors,United States
DRH,Diamondrock Hospitality Company Common Stock,2528926217.0,Real Estate,Real Estate Investment Trusts,United States
DRI,Darden Restaurants Inc. Common Stock,22045567509.0,Consumer Discretionary,Restaurants,United States
DRS,Leonardo DRS Inc. Common Stock,9776236194.0,Industrials,Industrial Machinery/Components,Israel
DSGX,Descartes Systems Group Inc. (The) Common Stock,6917455996.0,Technology,Computer Software: Prepackaged Software,Canada
DT,Dynatrace Inc. Common Stock,16686982871.0,Technology,Computer Software: Prepackaged Software,United States
DTE,DTE Energy Company Common Stock,25345126804.0,Utilities,Electric Utilities: Central,United States
DTM,DT Midstream Inc. Common Stock ,12187767413.0,Utilities,Natural Gas Distribution,United States
DUK,Duke Energy Corporation (Holding Company) Common Stock,88893847024.0,Utilities,Power Generation,United States
DUOL,Duolingo Inc. Class A Common Stock,6662364706.0,Technology,Computer Software: Prepackaged Software,United States
DV,DoubleVerify Holdings Inc. Common Stock,2090772566.0,Technology,Computer Software: Programming Data Processing,United States
DVA,DaVita Inc. Common Stock,11159896000.0,Health Care,Misc Health and Biotechnology Services,United States
DVN,Devon Energy Corporation Common Stock,50644000000.0,Energy,Oil & Gas Production,United States
DX,Dynex Capital Inc. Common Stock,2764579455.0,Real Estate,Real Estate Investment Trusts,United States
DXCM,DexCom Inc. Common Stock,32562460412.0,Health Care,Medical/Dental Instruments,United States
DXPE,DXP Enterprises Inc. Common Stock,2811862389.0,Industrials,Industrial Machinery/Components,United States
DY,Dycom Industries Inc. Common Stock,8115710310.0,Industrials,Water Sewer Pipeline Comm & Power Line Construction,United States
DYN,Dyne Therapeutics Inc. Common Stock,3008485003.0,Health Care,Biotechnology: Pharmaceutical Preparations,United States
E,ENI S.p.A. Common Stock,85434672845.0,Energy,Oil & Gas Production,Italy
EAI,Entergy Arkansas LLC First Mortgage Bonds 4.875% Series Due September 1 2066,8660680603.0,Utilities,Electric Utilities: Central,United States
EAT,Brinker International Inc. Common Stock,8105280248.0,Consumer Discretionary,Restaurants,United States
EBAY,eBay Inc. Common Stock,47192250000.0,Consumer Discretionary,Business Services,United States
EBC,Eastern Bankshares Inc. Common Stock,4782746783.0,Finance,Savings Institutions,United States
ECG,Everus Construction Group Inc. Common Stock,6001022007.0,Consumer Discretionary,Homebuilding,United States
ECHO,EchoStar  Corporation Common Stock,26001844612.0,Consumer Discretionary,Telecommunications Equipment,United States
ECL,Ecolab Inc. Common Stock,76972627812.0,Consumer Discretionary,Package Goods/Cosmetics,United States
ECO,Okeanis Eco Tankers Corp. Common Stock,3157931696.0,Consumer Discretionary,Marine Transportation,
ECPG,Encore Capital Group Inc Common Stock,2003012525.0,Finance,Finance Companies,United States
ED,Consolidated Edison Inc. Common Stock,37800184579.0,Utilities,Power Generation,United States
EDU,New Oriental Education & Technology Group Inc. Sponsored ADR representing 10 Ordinary Share (Cayman Islands),8602591394.0,Real Estate,Other Consumer Services,China
EE,Excelerate Energy Inc. Class A Common Stock,3643609634.0,Utilities,Oil/Gas Transmission,United States
EEFT,Euronet Worldwide Inc. Common Stock,2351564018.0,Finance,Investment Bankers/Brokers/Service,United States
EFSC,Enterprise Financial Services Corporation Common Stock,2133549054.0,Finance,Major Banks,United States
EFX,Equifax Inc. Common Stock,16123627127.0,Finance,Finance: Consumer Services,United States
EFXT,Enerflex Ltd Common Shares,2782724704.0,Industrials,Industrial Machinery/Components,Canada
EG,Everest Group Ltd. Common Stock,14001616175.0,Finance,Property-Casualty Insurers,Bermuda
EGO,Eldorado Gold Corporation Ordinary Shares,10058201527.0,Basic Materials,Precious Metals,Canada
EGP,EastGroup Properties Inc. Common Stock,10617541442.0,Real Estate,Real Estate Investment Trusts,United States
EHC,Encompass Health Corporation Common Stock,11985399622.0,Health Care,Hospital/Nursing Management,United States
EIX,Edison International Common Stock,20676055092.0,Utilities,Electric Utilities: Central,United States
EL,Estee Lauder Companies Inc. (The) Common Stock,33564053061.0,Consumer Discretionary,Package Goods/Cosmetics,United States
ELAN,Elanco Animal Health Incorporated Common Stock,11186532774.0,Health Care,Biotechnology: Pharmaceutical Preparations,United States
ELC,Entergy Louisiana Inc. Collateral Trust Mortgage Bonds 4.875 % Series due September 1 2066,3985409847.0,Utilities,Electric Utilities: Central,United States
ELF,e.l.f. Beauty Inc. Common Stock,5958037356.0,Consumer Discretionary,Package Goods/Cosmetics,United States
ELS,Equity Lifestyle Properties Inc. Common Stock,11319789226.0,Real Estate,Real Estate Investment Trusts,United States
ELV,Elevance Health Inc. Common Stock,84323117338.0,Health Care,Medical Specialities,United States
ELVN,Enliven Therapeutics Inc. Common Stock,3358731684.0,Health Care,Biotechnology: Pharmaceutical Preparations,United States
EMA,Emera Incorporated Common Shares,14693376000.0,Utilities,Electric Utilities: Central,Canada
EMBJ,Embraer S.A. Common Stock,13609686416.0,Industrials,Aerospace,Brazil
EME,EMCOR Group Inc. Common Stock,33280479205.0,Industrials,Engineering & Construction,United States
EMN,Eastman Chemical Company Common Stock,7416231978.0,Industrials,Major Chemicals,United States
EMP,Entergy Mississippi LLC First Mortgage Bonds 4.90% Series Due October 1 2066,8670013233.0,Utilities,Electric Utilities: Central,United States
EMR,Emerson Electric Company Common Stock,86514780000.0,Technology,Consumer Electronics/Appliances,United States
ENB,Enbridge Inc Common Stock,101539210627.0,Energy,Natural Gas Distribution,Canada
ENJ,Entergy New Orleans LLC First Mortgage Bonds 5.0% Series due December 1 2052,8779671635.0,Utilities,Power Generation,United States
ENLT,Enlight Renewable Energy Ltd. Ordinary Shares,9678812205.0,Utilities,Electric Utilities: Central,Israel
ENO,Entergy New Orleans LLC First Mortgage Bonds 5.50% Series due April 1 2066,4244542293.0,Utilities,Power Generation,United States
ENPH,Enphase Energy Inc. Common Stock,4359451938.0,Technology,Semiconductors,United States
ENS,EnerSys Common Stock,6619050561.0,Miscellaneous,Industrial Machinery/Components,United States
ENSG,The Ensign Group Inc. Common Stock,10024578648.0,Health Care,Hospital/Nursing Management,United States
ENTG,Entegris Inc. Common Stock,23540368000.0,Industrials,Plastic Products,United States
ENVA,Enova International Inc. Common Stock,4160766778.0,Finance,Finance: Consumer Services,United States
EOG,EOG Resources Inc. Common Stock,72259139286.0,Energy,Oil & Gas Production,United States
EPAM,EPAM Systems Inc. Common Stock,5589965261.0,Technology,EDP Services,United States
EPD,Enterprise Products Partners L.P. Common Stock,76898981988.0,Utilities,Natural Gas Distribution,United States
EPR,EPR Properties Common Stock,4300058792.0,Real Estate,Real Estate Investment Trusts,United States
EPRT,Essential Properties Realty Trust Inc. Common Stock,5582006233.0,Real Estate,Real Estate Investment Trusts,United States
EQH,Equitable Holdings Inc. Common Stock,13998512499.0,Finance,Specialty Insurers,United States
EQIX,Equinix Inc. Common Stock REIT,99814304124.0,Real Estate,Real Estate Investment Trusts,United States
EQNR,Equinor ASA,104011274848.0,Energy,Integrated oil Companies,Norway
EQPT,EquipmentShare.com Inc Class A Common Stock,4401140477.0,Consumer Discretionary,Diversified Commercial Services,United States
EQT,EQT Corporation Common Stock,30375056960.0,Energy,Oil & Gas Production,United States
EQX,Equinox Gold Corp. Common Shares,12970478622.0,Basic Materials,Precious Metals,Canada
ERAS,Erasca Inc. Common Stock,5127511433.0,Health Care,Biotechnology: Pharmaceutical Preparations,United States
ERIE,Erie Indemnity Company Class A Common Stock,10122334252.0,Finance,Specialty Insurers,United States
ERO,Ero Copper Corp. Common Shares,3825958646.0,Basic Materials,Metal Mining,Canada
EROC,ERock Inc. Class A Common Stock,2689844981.0,Energy,Industrial Machinery/Components,
EROK,EagleRock Land LLC Class A shares representing limited liability company interests,2735607056.0,Energy,Oil & Gas Production,
ES,Eversource Energy (D/B/A) Common Stock,24167452217.0,Utilities,Electric Utilities: Central,United States
ESAB,ESAB Corporation Common Stock,4095615323.0,Industrials,Industrial Machinery/Components,United States
ESE,ESCO Technologies Inc. Common Stock,6868355087.0,Telecommunications,Telecommunications Equipment,United States
ESI,Element Solutions Inc. Common Stock,8841106360.0,Industrials,Major Chemicals,United States
ESLT,Elbit Systems Ltd. Ordinary Shares,31719557395.0,Industrials,Military/Government/Technical,Israel
ESNT,Essent Group Ltd. Common Shares,5204747710.0,Finance,Property-Casualty Insurers,Bermuda
ESS,Essex Property Trust Inc. Common Stock,17313274782.0,Real Estate,Real Estate Investment Trusts,United States
ESTC,Elastic N.V. Ordinary Shares,9627700376.0,Technology,Computer Software: Prepackaged Software,United States
ETN,Eaton Corporation PLC Ordinary Shares,166899364000.0,Technology,Industrial Machinery/Components,Ireland
ETOR,eToro Group Ltd. Class A Common Shares,2070040758.0,Finance,Investment Bankers/Brokers/Service,Israel
ETR,Entergy Corporation Common Stock,46317842491.0,Utilities,Electric Utilities: Central,United States
ETSY,Etsy Inc. Common Stock,6561477165.0,Consumer Discretionary,Business Services,United States
EVR,Evercore Inc. Class A Common Stock,9902877835.0,Finance,Investment Managers,United States
EVRG,Evergy Inc. Common Stock,18085688972.0,Utilities,Power Generation,United States
EW,Edwards Lifesciences Corporation Common Stock,49754848000.0,Health Care,Industrial Specialties,United States
EWBC,East West Bancorp Inc. Common Stock,16979879314.0,Finance,Major Banks,United States
EWTX,Edgewise Therapeutics Inc. Common Stock,4409327637.0,Health Care,Biotechnology: Pharmaceutical Preparations,United States
EXC,Exelon Corporation Common Stock,41703060267.0,Utilities,Power Generation,United States
EXE,Expand Energy Corporation Common Stock,19467153617.0,Energy,Oil & Gas Production,United States
EXEL,Exelixis Inc. Common Stock,14472928630.0,Health Care,Biotechnology: Biological Products (No Diagnostic Substances),United States
EXK,Endeavour Silver Corporation Ordinary Shares (Canada),2540270321.0,Basic Materials,Precious Metals,Canada
EXLS,ExlService Holdings Inc. Common Stock,5212437716.0,Consumer Discretionary,Business Services,United States
EXP,Eagle Materials Inc Common Stock,5246094082.0,Industrials,Building Materials,United States
EXPD,Expeditors International of Washington Inc. Common Stock,24001468446.0,Industrials,Integrated Freight & Logistics,United States
EXPE,Expedia Group Inc. Common Stock,30153637854.0,Consumer Discretionary,Transportation Services,United States
EXPO,Exponent Inc. Common Stock,3110464815.0,Consumer Discretionary,Professional Services,United States
EXR,Extra Space Storage Inc Common Stock,27784059573.0,Real Estate,Real Estate Investment Trusts,United States
EXTR,Extreme Networks Inc. Common Stock,2835061408.0,Telecommunications,Computer Communications Equipment,United States
F,Ford Motor Company Common Stock,47235927707.0,Industrials,Auto Manufacturing,United States
FA,First Advantage Corporation Common Stock,3057215700.0,Technology,EDP Services,United States
FAF,First American Corporation (New) Common Stock,6201554000.0,Finance,Specialty Insurers,United States
FANG,Diamondback Energy Inc. Common Stock,51471276325.0,Energy,Oil & Gas Production,United States
FAST,Fastenal Company Common Stock,56835554791.0,Consumer Discretionary,RETAIL: Building Materials,United States
FBIN,Fortune Brands Innovations Inc. Common Stock,4542084700.0,Basic Materials,Forest Products,United States
FBK,FB Financial Corporation Common Stock,2583869735.0,Finance,Major Banks,United States
FBNC,First Bancorp Common Stock,2529882074.0,Finance,Major Banks,United States
FBP,First BanCorp. New Common Stock,4021282179.0,Finance,Major Banks,Puerto Rico
FCF,First Commonwealth Financial Corporation Common Stock,2044361363.0,Finance,Major Banks,United States
FCFS,FirstCash Holdings Inc. Common Stock,9161425314.0,Consumer Discretionary,Other Specialty Stores,United States
FCN,FTI Consulting Inc. Common Stock,3714032953.0,Consumer Discretionary,Professional Services,United States
FCNCA,First Citizens BancShares Inc. Class A Common Stock,23266085824.0,Finance,Major Banks,United States
FCPT,Four Corners Property Trust Inc. Common Stock,2388299395.0,Real Estate,Real Estate Investment Trusts,United States
FCX,Freeport-McMoRan Inc. Common Stock,100521226610.0,Basic Materials,Metal Mining,United States
FDS,FactSet Research Systems Inc. Common Stock,9600918333.0,Technology,Computer Software: Programming Data Processing,United States
FDX,FedEx Corporation Common Stock,67472374314.0,Consumer Discretionary,Air Freight/Delivery Services,United States
FDXF,FedEx Freight Holding Company Inc. Common Stock,16354293388.0,Consumer Discretionary,Air Freight/Delivery Services,United States
FE,FirstEnergy Corp. Common Stock,25072468254.0,Utilities,Electric Utilities: Central,United States
FELE,Franklin Electric Co. Inc. Common Stock,4239437283.0,Consumer Discretionary,Metal Fabrications,United States
FER,Ferrovial N.V. Ordinary Shares,38922664383.0,Industrials,Military/Government/Technical,Netherlands
FERG,Ferguson Enterprises Inc. Common Stock,43066443859.0,Miscellaneous,Miscellaneous,United Kingdom
FFBC,First Financial Bancorp. Common Stock,3293828122.0,Finance,Major Banks,United States
FFIN,First Financial Bankshares Inc. Common Stock,4549215072.0,Finance,Major Banks,United States
FFIV,F5 Inc. Common Stock,25209288883.0,Telecommunications,Computer Communications Equipment,United States
FG,F&G Annuities & Life Inc. Common Stock,2838675331.0,Finance,Life Insurance,United States
FHB,First Hawaiian Inc. Common Stock,2995794886.0,Finance,Major Banks,United States
FHI,Federated Hermes Inc. Common Stock,4208600040.0,Finance,Investment Managers,United States
FHN,First Horizon Corporation Common Stock,10906350177.0,Finance,Major Banks,United States
FIBK,First Interstate BancSystem Inc. Common Stock (DE),3406186654.0,Finance,Major Banks,United States
FICO,Fair Isaac Corporation Common Stock,12795950808.0,Consumer Discretionary,Business Services,United States
FIG,Figma Inc. Class A Common Stock,11203867404.0,Technology,Computer Software: Prepackaged Software,United States
FIGR,Figure Technology Solutions Inc. Class A Common Stock,6473301607.0,Finance,Finance: Consumer Services,U.S. Virgin Islands
FIGS,FIGS Inc. Class A Common Stock,2302703754.0,Consumer Discretionary,Apparel,United States
FIS,Fidelity National Information Services Inc. Common Stock,16966724669.0,Consumer Discretionary,Business Services,United States
FISV,Fiserv Inc. Common Stock,24025220455.0,Consumer Discretionary,Business Services,United States
FITB,Fifth Third Bancorp Common Stock,45870625887.0,Finance,Major Banks,United States
FIVE,Five Below Inc. Common Stock,12088214465.0,Consumer Discretionary,Department/Specialty Retail Stores,United States
FIVN,Five9 Inc. Common Stock,2541347289.0,Technology,EDP Services,United States
FIX,Comfort Systems USA Inc. Common Stock,58214587656.0,Industrials,Engineering & Construction,United States
FIZZ,National Beverage Corp. Common Stock,2733566818.0,Consumer Staples,Beverages (Production/Distribution),United States
FLEX,Flex Ltd. Ordinary Shares,40630633550.0,Technology,Electrical Products,Singapore
FLG,Flagstar Bank N.A. Common Stock,4844133396.0,Finance,Banks,United States
FLR,Fluor Corporation Common Stock,6403522288.0,Industrials,Military/Government/Technical,United States
FLS,Flowserve Corporation Common Stock,9294486474.0,Industrials,Fluid Controls,United States
FLUT,Flutter Entertainment plc Ordinary Shares,13058000238.0,Technology,Computer Software: Programming Data Processing,Ireland
FLY,Firefly Aerospace Inc. Common Stock,3875417532.0,Industrials,Military/Government/Technical,United States
FLYW,Flywire Corporation Voting Common Stock,2129184295.0,Consumer Discretionary,Business Services,United States
FMX,Fomento Economico Mexicano S.A.B. de C.V. Common Stock,40391194846.0,Consumer Staples,Beverages (Production/Distribution),Mexico
FN,Fabrinet Ordinary Shares,15203657749.0,Utilities,Telecommunications Equipment,Cayman Islands
FNB,F.N.B. Corporation Common Stock,6075146728.0,Finance,Major Banks,United States
FND,Floor & Decor Holdings Inc. Common Stock,4878305297.0,Consumer Discretionary,RETAIL: Building Materials,United States
FNF,Fidelity National Financial Inc. Common Stock,10365652764.0,Finance,Specialty Insurers,United States
FNV,Franco-Nevada Corporation,45925182899.0,Basic Materials,Precious Metals,Canada
FORM,FormFactor Inc. FormFactor Inc. Common Stock,11664205450.0,Technology,Semiconductors,United States
FOUR,Shift4 Payments Inc. Class A Common Stock,2855987540.0,Consumer Discretionary,Business Services,United States
FOX,Fox Corporation Class B Common Stock,23740224919.0,Industrials,Broadcasting,United States
FOXA,Fox Corporation Class A Common Stock,26417852418.0,Industrials,Broadcasting,United States
FPS,Forgent Power Solutions Inc. Class A Common Stock,11397817604.0,Energy,Industrial Machinery/Components,United States
FR,First Industrial Realty Trust Inc. Common Stock,7893393205.0,Real Estate,Real Estate Investment Trusts,United States
FRHC,Freedom Holding Corp. Common Stock,10671676522.0,Finance,Investment Bankers/Brokers/Service,Kazakhstan
FRME,First Merchants Corporation Common Stock,2498240607.0,Finance,Major Banks,United States
FRMI,Fermi Inc. Common Stock,2696367535.0,Real Estate,Real Estate Investment Trusts,United States
FRO,Frontline Plc Ordinary Shares,10968629741.0,Consumer Discretionary,Marine Transportation,Bermuda
FROG,JFrog Ltd. Ordinary Shares,11965159219.0,Technology,Computer Software: Prepackaged Software,United States
FRPT,Freshpet Inc. Common Stock,2766222739.0,Consumer Staples,Packaged Foods,United States
FRSH,Freshworks Inc. Class A Common Stock,3337176674.0,Technology,Computer Software: Prepackaged Software,United States
FRT,Federal Realty Investment Trust Common Stock,9409224213.0,Real Estate,Real Estate Investment Trusts,United States
FRVO,Fervo Energy Company Class A common stock,4005831874.0,Utilities,Electric Utilities: Central,United States
FSK,FS KKR Capital Corp. Common Stock,3036979677.0,Finance,Investment Managers,United States
FSLR,First Solar Inc. Common Stock,18824408066.0,Technology,Semiconductors,United States
FSLY,Fastly Inc. Class A Common Stock,4089231000.0,Technology,Computer Software: Prepackaged Software,United States
FSM,Fortuna Mining Corp. Common Shares,3423225030.0,Basic Materials,Precious Metals,Canada
FSS,Federal Signal Corporation Common Stock,6762800083.0,Industrials,Auto Manufacturing,United States
FSV,FirstService Corporation Common Shares,5584490188.0,Finance,Real Estate,Canada
FTAI,FTAI Aviation Ltd. Common Stock,17155165410.0,Industrials,Misc Corporate Leasing Services,United States
FTDR,Frontdoor Inc. Common Stock,5037479266.0,Consumer Discretionary,Diversified Commercial Services,United States
FTI,TechnipFMC plc Ordinary Share,26635805233.0,Consumer Discretionary,Oil and Gas Field Machinery,
FTNT,Fortinet Inc. Common Stock,131158652610.0,Technology,Computer peripheral equipment,United States
FTS,Fortis Inc. Common Shares,26985738000.0,Utilities,Electric Utilities: Central,United States
FTV,Fortive Corporation Common Stock ,16553554620.0,Industrials,Industrial Machinery/Components,United States
FUL,H. B. Fuller Company Common Stock,2662926517.0,Industrials,Home Furnishings,United States
FULT,Fulton Financial Corporation Common Stock,4307032541.0,Finance,Major Banks,United States
FWONA,Liberty Media Corporation Series A Common Stock,21217459086.0,Industrials,Broadcasting,United States
FWONK,Liberty Media Corporation Series C Common Stock,23165464014.0,Industrials,Broadcasting,United States
G,Genpact Limited Common Stock,5466159260.0,Consumer Discretionary,Professional Services,Bermuda
GAP,Gap Inc. (The) Common Stock,8023009929.0,Consumer Discretionary,Clothing/Shoe/Accessory Stores,United States
GATX,GATX Corporation Common Stock,6001706000.0,Consumer Discretionary,Transportation Services,United States
GBCI,Glacier Bancorp Inc. Common Stock,5625156370.0,Finance,Major Banks,United States
GBDC,Golub Capital BDC Inc. Common Stock,3279399569.0,Finance,Finance: Consumer Services,United States
GCMG,GCM Grosvenor Inc. Class A Common Stock,2613990169.0,Finance,Investment Managers,United States
GD,General Dynamics Corporation Common Stock,89778994017.0,Industrials,Marine Transportation,United States
GDDY,GoDaddy Inc. Class A Common Stock,12096122209.0,Technology,EDP Services,United States
GDS,GDS Holdings Limited ADS,6257792854.0,Technology,Computer Software: Programming Data Processing,China
GDV,Gabelli Dividend & Income Trust Common Shares of Beneficial Interest,2551432410.0,Finance,Investment Managers,United States
GE,GE Aerospace Common Stock,324020397185.0,Technology,Consumer Electronics/Appliances,United States
GEF,Greif Inc. Class A Common Stock,3674536668.0,,,United States
GEHC,GE HealthCare Technologies Inc. Common Stock ,29526730293.0,Health Care,Medical Electronics,United States
GEN,Gen Digital Inc. Common Stock,13180886445.0,Technology,Computer Software: Prepackaged Software,United States
GEO,Geo Group Inc (The) REIT,4010448724.0,Consumer Discretionary,Homebuilding,United States
GEV,GE Vernova Inc. Common Stock,253147405405.0,Technology,Consumer Electronics/Appliances,United States
GFF,Griffon Corporation Common Stock,4214220377.0,Industrials,Building Products,United States
GFL,GFL Environmental Inc. Subordinate voting shares no par value,18785031417.0,Utilities,Environmental Services,Canada
GFS,GlobalFoundries Inc. Ordinary Shares,26711499456.0,Technology,Semiconductors,United States
GGB,Gerdau S.A. Common Stock,9336245191.0,Industrials,Steel/Iron Ore,Brazil
GGG,Graco Inc. Common Stock,12444531836.0,Industrials,Fluid Controls,United States
GH,Guardant Health Inc. Common Stock,23935228881.0,Health Care,Medical Specialities,United States
GHC,Graham Holdings Company Common Stock,4805245754.0,Real Estate,Other Consumer Services,United States
GIB,CGI Inc. Common Stock,15775366559.0,Consumer Discretionary,Professional Services,Canada
GIL,Gildan Activewear Inc. Class A Sub. Vot. Common Stock,7894728480.0,Consumer Discretionary,Apparel,Canada
GILD,Gilead Sciences Inc. Common Stock,184815315853.0,Health Care,Biotechnology: Biological Products (No Diagnostic Substances),United States
GIS,General Mills Inc. Common Stock,17195538551.0,Consumer Staples,Packaged Foods,United States
GJS,Goldman Sachs Group Securities STRATS Trust for Goldman Sachs Group Securities Series 2006-2,7176897759.0,Finance,Finance: Consumer Services,United States
GKOS,Glaukos Corporation Common Stock,9684572616.0,Health Care,Medical/Dental Instruments,United States
GL,Globe Life Inc. Common Stock,12730110896.0,Finance,Life Insurance,United States
GLBE,Global-E Online Ltd. Ordinary Shares,6657488082.0,Technology,Computer Software: Prepackaged Software,Israel
GLNG,Golar Lng Ltd,4827522015.0,Consumer Discretionary,Marine Transportation,Bermuda
GLPI,Gaming and Leisure Properties Inc. Common Stock,11046234033.0,Real Estate,Real Estate Investment Trusts,United States
GLW,Corning Incorporated Common Stock,132447069775.0,Industrials,Telecommunications Equipment,United States
GLXY,Galaxy Digital Inc. Class A Common Stock,8888817907.0,Finance,Investment Bankers/Brokers/Service,United States
GM,General Motors Company Common Stock,67563768657.0,Industrials,Auto Manufacturing,United States
GMAB,Genmab A/S ADS,4583410411.0,Health Care,Biotechnology: Pharmaceutical Preparations,Denmark
GME,GameStop Corporation Common Stock,12435949404.0,Consumer Discretionary,Electronics Distribution,United States
GMED,Globus Medical Inc. Class A Common Stock,10056217359.0,Health Care,Medical/Dental Instruments,United States
GNRC,Generac Holdlings Inc. Common Stock,12211366409.0,Consumer Discretionary,Metal Fabrications,United States
GNTX,Gentex Corporation Common Stock,4580255616.0,Consumer Discretionary,Auto Parts:O.E.M.,United States
GNW,Genworth Financial Inc Common Stock,3389323802.0,Finance,Life Insurance,United States
GOLF,Acushnet Holdings Corp. Common Stock,4818416130.0,Consumer Discretionary,Recreational Games/Products/Toys,United States
GOOG,Alphabet Inc. Class C Capital Stock,4167250200000.0,Technology,Computer Software: Programming Data Processing,United States
GOOGL,Alphabet Inc. Class A Common Stock,4208098400000.0,Technology,Computer Software: Programming Data Processing,United States
GPC,Genuine Parts Company Common Stock,17334485971.0,Consumer Discretionary,Automotive Aftermarket,United States
GPGI,GPGI Inc. Class A Common Stock,3440995273.0,Finance,Finance: Consumer Services,United States
GPI,Group 1 Automotive Inc. Common Stock,2866579779.0,Consumer Discretionary,Retail-Auto Dealers and Gas Stations,United States
GPK,Graphic Packaging Holding Company,2679447736.0,Consumer Discretionary,Containers/Packaging,United States
GPN,Global Payments Inc. Common Stock,21611383911.0,Consumer Discretionary,Business Services,United States
GPOR,Gulfport Energy Corporation Common Shares,2661068156.0,Energy,Oil & Gas Production,United States
GRAB,Grab Holdings Limited Class A Ordinary Shares,12752498345.0,Consumer Discretionary,Business Services,Singapore
GRAL,GRAIL Inc. Common Stock ,6258632708.0,Health Care,Medical Specialities,United States
GRBK,Green Brick Partners Inc. Common Stock,2843437113.0,Consumer Discretionary,Homebuilding,United States
GRDN,Guardian Pharmacy Services Inc. Class A Common Stock,2583099157.0,Consumer Staples,Retail-Drug Stores and Proprietary Stores,United States
GRMN,Garmin Ltd. Common Stock (Switzerland),55317821426.0,Industrials,Industrial Machinery/Components,Switzerland
GRND,Grindr Inc. Common Stock,2682052275.0,Technology,Computer Software: Programming Data Processing,Singapore
GS,Goldman Sachs Group Inc. (The) Common Stock,262159088907.0,Finance,Investment Bankers/Brokers/Service,United States
GSAT,Globalstar Inc. Common Stock,10739509397.0,Consumer Discretionary,Telecommunications Equipment,United States
GTES,Gates Industrial Corporation Ltd. Common Shares,6632560654.0,Industrials,Industrial Machinery/Components,United Kingdom
GTLB,GitLab Inc. Class A Common Stock,7871850000.0,Technology,Computer Software: Prepackaged Software,United States
GTX,Garrett Motion Inc. Common Stock,4854423566.0,Consumer Discretionary,Auto Parts:O.E.M.,Switzerland
GVA,Granite Construction Incorporated Common Stock,5072744354.0,Industrials,Military/Government/Technical,United States
GWRE,Guidewire Software Inc. Common Stock,11690514746.0,Technology,Computer Software: Prepackaged Software,United States
GWW,W.W. Grainger Inc. Common Stock,58676469506.0,Industrials,Office Equipment/Supplies/Services,United States
GXO,GXO Logistics Inc. Common Stock ,5097729537.0,Consumer Discretionary,Transportation Services,United States
H,Hyatt Hotels Corporation Class A Common Stock,14936605855.0,Consumer Discretionary,Hotels/Resorts,United States
HAE,Haemonetics Corporation Common Stock,4790839470.0,Health Care,Medical/Dental Instruments,United States
HAFN,Hafnia Limited Common Shares,4968432253.0,Consumer Discretionary,Transportation Services,
HAL,Halliburton Company Common Stock,26493545671.0,Energy,Oilfield Services/Equipment,United States
HALO,Halozyme Therapeutics Inc. Common Stock,12530179200.0,Health Care,Biotechnology: Biological Products (No Diagnostic Substances),United States
HAS,Hasbro Inc. Common Stock,12366778867.0,Consumer Discretionary,Recreational Games/Products/Toys,United States
HASI,HA Sustainable Infrastructure Capital Inc. Common Stock,4602719198.0,Finance,Finance/Investors Services,United States
HAYW,Hayward Holdings Inc. Common Stock,2596343684.0,Industrials,Industrial Machinery/Components,United States
HBAN,Huntington Bancshares Incorporated Common Stock,30831530245.0,Finance,Major Banks,United States
HBM,Hudbay Minerals Inc. Ordinary Shares (Canada),11849782197.0,Basic Materials,Metal Mining,Canada
HCA,HCA Healthcare Inc. Common Stock,92389850110.0,Health Care,Hospital/Nursing Management,United States
HCC,Warrior Met Coal Inc. Common Stock,4650279802.0,Energy,Coal Mining,United States
HCI,HCI Group Inc. Common Stock,2162123862.0,Finance,Property-Casualty Insurers,United States
HD,Home Depot Inc. (The) Common Stock,283832721701.0,Consumer Discretionary,RETAIL: Building Materials,United States
HDB,HDFC Bank Limited Common Stock,114629282816.0,Finance,Commercial Banks,India
HEI,Heico Corporation Common Stock,42371650048.0,Industrials,Aerospace,United States
HESM,Hess Midstream LP Class A Representing Limited Partner Interests,4796472423.0,Energy,Oil & Gas Production,United States
HG,Hamilton Insurance Group Ltd. Class B Common Shares,2749282750.0,Finance,Property-Casualty Insurers,Bermuda
HGTY,Hagerty Inc. Class A Common Stock,4625161259.0,Finance,Specialty Insurers,United States
HGV,Hilton Grand Vacations Inc. Common Stock ,2693918866.0,Consumer Discretionary,Hotels/Resorts,United States
HHH,Howard Hughes Holdings Inc. Common Stock,4396662670.0,Real Estate,Real Estate Investment Trusts,United States
HIG,The Hartford Insurance Group Inc. Common Stock,33143898165.0,Finance,Property-Casualty Insurers,United States
HII,Huntington Ingalls Industries Inc. Common Stock,10523785988.0,Industrials,Marine Transportation,United States
HIMS,Hims & Hers Health Inc. Class A Common Stock,6950406573.0,Health Care,Medical/Nursing Services,United States
HIW,Highwoods Properties Inc. Common Stock,3201086243.0,Real Estate,Real Estate Investment Trusts,United States
HL,Hecla Mining Company Common Stock,11440216380.0,Industrials,Mining & Quarrying of Nonmetallic Minerals (No Fuels),United States
HLI,Houlihan Lokey Inc. Class A Common Stock,8829460410.0,Finance,Investment Managers,United States
HLIO,Helios Technologies Inc. Common Stock,2241360000.0,Industrials,Metal Fabrications,United States
HLNE,Hamilton Lane Incorporated Class A Common Stock,4786910017.0,Finance,Investment Managers,United States
HLT,Hilton Worldwide Holdings Inc. Common Stock ,71597649169.0,Consumer Discretionary,Hotels/Resorts,United States
HMC,Honda Motor Company Ltd. Common Stock,41001847322.0,Industrials,Auto Manufacturing,Japan
HMY,Harmony Gold Mining Company Limited,11248084069.0,Basic Materials,Precious Metals,South Africa
HNGE,Hinge Health Inc. Class A Common Stock,7846725109.0,Technology,EDP Services,United States
HNI,HNI Corporation Common Stock,3271279176.0,Consumer Discretionary,Office Equipment/Supplies/Services,United States
HOG,Harley-Davidson Inc. Common Stock,2542491346.0,Consumer Discretionary,Motor Vehicles,United States
HOMB,Home BancShares Inc. Common Stock,5637398573.0,Finance,Major Banks,United States
HON,Honeywell International Inc. Common Stock,66855325709.0,Industrials,Aerospace,United States
HONA,Honeywell Aerospace Inc. Common Stock ,49118163793.0,Industrials,Aerospace,United States
HOOD,Robinhood Markets Inc. Class A Common Stock,101146755713.0,Finance,Investment Bankers/Brokers/Service,United States
HP,Helmerich & Payne Inc. Common Stock,3711732417.0,Energy,Oil & Gas Production,United States
HPE,Hewlett Packard Enterprise Company Common Stock,84811724730.0,Technology,Retail: Computer Software & Peripheral Equipment,United States
HPQ,HP Inc. Common Stock,28208021510.0,Technology,Computer Manufacturing,United States
HQY,HealthEquity Inc. Common Stock,7316995084.0,Consumer Discretionary,Business Services,United States
HR,Healthcare Realty Trust Incorporated Common Stock,6079848542.0,Real Estate,Real Estate Investment Trusts,United States
HRB,H&R Block Inc. Common Stock,5006456064.0,Consumer Discretionary,Other Consumer Services,United States
HRI,Herc Holdings Inc. Common Stock ,4172244211.0,Industrials,Misc Corporate Leasing Services,United States
HRL,Hormel Foods Corporation Common Stock,10973994952.0,Consumer Staples,Meat/Poultry/Fish,United States
HRMY,Harmony Biosciences Holdings Inc. Common Stock,2286360789.0,Health Care,Biotechnology: Pharmaceutical Preparations,United States
HSAI,Hesai Group American Depositary Share,2506418265.0,Industrials,Industrial Machinery/Components,China
HSBC,HSBC Holdings plc. Common Stock,340964832234.0,Finance,Savings Institutions,United Kingdom
HSIC,Henry Schein Inc. Common Stock,9358166132.0,Health Care,Medical Specialities,United States
HST,Host Hotels & Resorts Inc. Common Stock,15339935294.0,Real Estate,Real Estate Investment Trusts,United States
HSY,The Hershey Company Common Stock,31667892800.0,Consumer Staples,Specialty Foods,United States
HTFL,Heartflow Inc. Common Stock,4325942943.0,Health Care,Medical/Dental Instruments,United States
HTGC,Hercules Capital Inc. Common Stock,3146226840.0,Finance,Investment Managers,United States
HTH,Hilltop Holdings Inc.,2157406464.0,Finance,Major Banks,United States
HTO,H2O America Common Stock,2579634831.0,Utilities,Water Supply,United States
HUBB,Hubbell Inc Common Stock,23964854206.0,Technology,Electrical Products,United States
HUBS,HubSpot Inc. Common Stock,10221573881.0,Technology,Computer Software: Prepackaged Software,United States
HUM,Humana Inc. Common Stock,45819043124.0,Health Care,Medical Specialities,United States
HURN,Huron Consulting Group Inc. Common Stock,2495176592.0,Consumer Discretionary,Professional Services,United States
HUT,Hut 8 Corp. Common Stock,10612640195.0,Finance,Finance: Consumer Services,United States
HWC,Hancock Whitney Corporation Common Stock,5779269098.0,Finance,Major Banks,United States
HWKN,Hawkins Inc. Common Stock,2630264742.0,Consumer Discretionary,Specialty Chemicals,United States
HWM,Howmet Aerospace Inc. Common Stock,90200900426.0,Industrials,Metal Fabrications,United States
HXL,Hexcel Corporation Common Stock,6346320092.0,Industrials,Major Chemicals,United States
IAG,Iamgold Corporation Ordinary Shares,10512110000.0,Basic Materials,Precious Metals,Canada
IBKR,Interactive Brokers Group Inc. Class A Common Stock,38701937367.0,Finance,Investment Bankers/Brokers/Service,United States
IBM,International Business Machines Corporation Common Stock,207203616393.0,Technology,Computer Manufacturing,United States
IBN,ICICI Bank Limited Common Stock,98630550652.0,Finance,Commercial Banks,India
IBOC,International Bancshares Corporation Common Stock,4259807751.0,Finance,Major Banks,United States
IBP,Installed Building Products Inc. Common Stock,5100012483.0,Consumer Discretionary,Homebuilding,United States
IBRX,ImmunityBio Inc. Common Stock,10004854417.0,Health Care,Biotechnology: Biological Products (No Diagnostic Substances),United States
ICE,Intercontinental Exchange Inc. Common Stock,85348803859.0,Finance,Investment Bankers/Brokers/Service,United States
ICHR,Ichor Holdings Ordinary Shares,2316918606.0,Technology,Semiconductors,United States
ICL,ICL Group Ltd. Ordinary Shares,6479177100.0,Industrials,Agricultural Chemicals,Israel
ICLR,ICON plc Ordinary Shares,13015679577.0,Health Care,Biotechnology: Commercial Physical & Biological Resarch,Ireland
ICUI,ICU Medical Inc. Common Stock,4013879669.0,Health Care,Medical/Dental Instruments,United States
IDA,IDACORP Inc. Common Stock,7561690281.0,Utilities,Electric Utilities: Central,United States
IDCC,InterDigital Inc. Common Stock,8414564702.0,Miscellaneous,Multi-Sector Companies,United States
IDXX,IDEXX Laboratories Inc. Common Stock,41138710964.0,Health Care,Biotechnology: In Vitro & In Vivo Diagnostic Substances,United States
IDYA,IDEAYA Biosciences Inc. Common Stock,3707125975.0,Health Care,Biotechnology: Pharmaceutical Preparations,United States
IEP,Icahn Enterprises L.P. Common Stock,4798676878.0,Energy,Integrated oil Companies,United States
IESC,IES Holdings Inc. Common Stock,12794624449.0,Industrials,Engineering & Construction,United States
IEX,IDEX Corporation Common Stock,16806661890.0,Industrials,Fluid Controls,United States
IFF,International Flavors & Fragrances Inc. Common Stock,21299918911.0,Industrials,Major Chemicals,United States
IFS,Intercorp Financial Services Inc. Common Shares,6004531175.0,Finance,Commercial Banks,
IHS,IHS Holding Limited Ordinary Shares,2804957416.0,Telecommunications,Telecommunications Equipment,Cayman Islands
ILMN,Illumina Inc. Common Stock,41325680000.0,Health Care,Medical Specialities,United States
IMAX,Imax Corporation Common Stock,3005347847.0,Consumer Discretionary,Industrial Machinery/Components,Canada
IMNM,Immunome Inc. Common Stock,2443054800.0,Health Care,Biotechnology: Pharmaceutical Preparations,United States
IMO,Imperial Oil Limited Common Stock,59506118650.0,Energy,Integrated oil Companies,Canada
IMVT,Immunovant Inc. Common Stock,6977349598.0,Health Care,Biotechnology: Biological Products (No Diagnostic Substances),United States
INCY,Incyte Corp. Common Stock,24597371477.0,Health Care,Biotechnology: Commercial Physical & Biological Resarch,United States
INDB,Independent Bank Corp. Common Stock,3678210537.0,Finance,Major Banks,United States
INDV,Indivior Pharmaceuticals Inc. Common Stock,4231444834.0,Health Care,Biotechnology: Pharmaceutical Preparations,United Kingdom
INFQ,Infleqtion Inc. Common Stock,3035559490.0,Technology,EDP Services,
ING,ING Group N.V. Common Stock,103036537924.0,Finance,Commercial Banks,Netherlands
INGM,Ingram Micro Holding Corporation Common Stock,6184045646.0,Technology,Retail: Computer Software & Peripheral Equipment,United States
INGR,Ingredion Incorporated Common Stock,6042159828.0,Consumer Staples,Packaged Foods,United States
INIO,INNIO N.V. Ordinary Shares,13597500000.0,Consumer Discretionary,Metal Fabrications,Germany
INOD,Innodata Inc. Common Stock,2261003130.0,Technology,EDP Services,United States
INSM,Insmed Incorporated Common Stock,24926064752.0,Health Care,Biotechnology: Pharmaceutical Preparations,United States
INSP,Inspire Medical Systems Inc. Common Stock,2005223610.0,Health Care,Medical/Dental Instruments,United States
INSW,International Seaways Inc. Common Stock ,5455378594.0,Consumer Discretionary,Marine Transportation,United States
INTA,Intapp Inc. Common Stock,2770468669.0,Technology,Computer Software: Prepackaged Software,United States
INTC,Intel Corporation Common Stock,635423907308.0,Technology,Semiconductors,United States
INTR,Inter & Co. Inc. Class A Common Shares,2356657680.0,Finance,Commercial Banks,Brazil
INTU,Intuit Inc. Common Stock,73679637560.0,Technology,Computer Software: Prepackaged Software,United States
INVH,Invitation Homes Inc. Common Stock,15551109541.0,Finance,Real Estate,United States
IOND,Ionic Digital Inc. Class A Common Stock,3614542738.0,Finance,Finance: Consumer Services,United States
IONQ,IonQ Inc. Common Stock,16710761492.0,Technology,EDP Services,United States
IONS,Ionis Pharmaceuticals Inc. Common Stock,7420129977.0,Health Care,Biotechnology: Pharmaceutical Preparations,United States
IOSP,Innospec Inc. Common Stock,2347831400.0,Industrials,Major Chemicals,United States
IOT,Samsara Inc. Class A Common Stock,22329126619.0,Technology,EDP Services,United States
IOVA,Iovance Biotherapeutics Inc. Common Stock,6713036622.0,Health Care,Biotechnology: Biological Products (No Diagnostic Substances),United States
IP,International Paper Company Common Stock,17565833417.0,Basic Materials,Paper,United States
IPAR,Interparfums Inc. Common Stock,3553580660.0,Consumer Discretionary,Package Goods/Cosmetics,United States
IPGP,IPG Photonics Corporation Common Stock,3329603713.0,Technology,Semiconductors,United States
IQV,IQVIA Holdings Inc. Common Stock,44252710000.0,Health Care,Biotechnology: Commercial Physical & Biological Resarch,United States
IR,Ingersoll Rand Inc. Common Stock,29142637112.0,Industrials,Industrial Machinery/Components,United States
IRDM,Iridium Communications Inc Common Stock,5075502346.0,Consumer Discretionary,Telecommunications Equipment,United States
IREN,IREN Limited Ordinary Shares,16109117530.0,Finance,Finance: Consumer Services,Australia
IRM,Iron Mountain Incorporated (Delaware)Common Stock REIT,33030126991.0,Real Estate,Real Estate Investment Trusts,United States
IRON,Disc Medicine Inc. Common Stock,2513195568.0,Health Care,Biotechnology: Pharmaceutical Preparations,United States
IRT,Independence Realty Trust Inc. Common Stock,3425368559.0,Real Estate,Real Estate Investment Trusts,United States
IRTC,iRhythm Holdings Inc. Common Stock,3746574921.0,Health Care,Medical/Dental Instruments,United States
ISRG,Intuitive Surgical Inc. Common Stock,143653448592.0,Health Care,Industrial Specialties,United States
IT,Gartner Inc. Common Stock,11779809983.0,Consumer Discretionary,Other Consumer Services,United States
ITGR,Integer Holdings Corporation Common Stock,4294895265.0,Health Care,Biotechnology: Electromedical & Electrotherapeutic Apparatus,United States
ITRI,Itron Inc. Common Stock,3780548254.0,Industrials,Electrical Products,United States
ITT,ITT Inc. Common Stock ,18042708000.0,Industrials,Fluid Controls,United States
ITW,Illinois Tool Works Inc. Common Stock,73273344000.0,Industrials,Industrial Machinery/Components,United States
IVT,InvenTrust Properties Corp. Common Stock,2351049695.0,Real Estate,Real Estate Investment Trusts,United States
IVZ,Invesco Ltd Common Stock,13315633365.0,Finance,Investment Managers,United States
J,Jacobs Solutions Inc. Common Stock,15831812910.0,Industrials,Military/Government/Technical,United States
JAN,Janus Living Inc. Class A-1 Common Stock,9193915693.0,Real Estate,Real Estate Investment Trusts,
JAZZ,Jazz Pharmaceuticals plc Common Stock (Ireland),15029022867.0,Health Care,Biotechnology: Pharmaceutical Preparations,Ireland
JBHT,J.B. Hunt Transport Services Inc. Common Stock,21041642083.0,Industrials,Trucking Freight/Courier Services,United States
JBL,Jabil Inc. Common Stock,30059224351.0,Technology,Electrical Products,United States
JBS,JBS N.V. Class A Common Shares,12090790521.0,Consumer Staples,Meat/Poultry/Fish,
JBTM,JBT Marel Corporation Common Stock,5477673107.0,Industrials,Industrial Machinery/Components,United States
JCI,Johnson Controls International plc Ordinary Share,90043469516.0,Industrials,Industrial Machinery/Components,Switzerland
JEF,Jefferies Financial Group Inc. Common Stock,8859853214.0,Finance,Investment Bankers/Brokers/Service,United States
JHX,James Hardie Industries plc. Ordinary Shares,14693024171.0,Industrials,Building Materials,Ireland
JKHY,Jack Henry & Associates Inc. Common Stock,10042929970.0,Technology,EDP Services,United States
JLL,Jones Lang LaSalle Incorporated Common Stock,14000980105.0,Finance,Real Estate,United States
JMKE,Jersey Mike's Subs Inc. Class A Common Stock,5342686298.0,Consumer Discretionary,Restaurants,
JNJ,Johnson & Johnson Common Stock,637996554570.0,Health Care,Biotechnology: Pharmaceutical Preparations,United States
JOBY,Joby Aviation Inc. Common Stock,6012940392.0,Industrials,Aerospace,United States
JOE,St. Joe Company (The) Common Stock,3744885067.0,Real Estate,Homebuilding,United States
JPM,JP Morgan Chase & Co. Common Stock,879407738892.0,Finance,Major Banks,United States
JXN,Jackson Financial Inc. Class A Common Stock ,8758681174.0,Finance,Life Insurance,United States
KAI,Kadant Inc Common Stock,3088320278.0,Industrials,Industrial Machinery/Components,United States
KALU,Kaiser Aluminum Corporation Common Stock,2367675503.0,Industrials,Metal Fabrications,United States
KB,KB Financial Group Inc,44142148578.0,Finance,Commercial Banks,South Korea
KBH,KB Home Common Stock,2849063060.0,Consumer Discretionary,Homebuilding,United States
KBR,KBR Inc. Common Stock,4432542266.0,Industrials,Military/Government/Technical,United States
KD,Kyndryl Holdings Inc. Common Stock,2452633641.0,Technology,EDP Services,United States
KDP,Keurig Dr Pepper Inc. Common Stock,41287461993.0,Consumer Staples,Beverages (Production/Distribution),United States
KEEL,Keel Infrastructure Corp. Common Stock,2180033438.0,Finance,Finance: Consumer Services,Canada
KEN,Kenon Holdings Ltd. Ordinary Shares,3136925499.0,Utilities,Electric Utilities: Central,Singapore
KEP,Korea Electric Power Corporation Common Stock,14071852568.0,Utilities,Electric Utilities: Central,South Korea
KEX,Kirby Corporation Common Stock,6930000000.0,Consumer Discretionary,Marine Transportation,United States
KEY,KeyCorp Common Stock,21417270079.0,Finance,Major Banks,United States
KEYS,Keysight Technologies Inc. Common Stock,61975896970.0,Industrials,Industrial Machinery/Components,United States
KFY,Korn Ferry Common Stock,3905868143.0,Consumer Discretionary,Diversified Commercial Services,United States
KGC,Kinross Gold Corporation Common Stock,28753928000.0,Basic Materials,Precious Metals,Canada
KGS,Kodiak Gas Services Inc. Common Stock,5369964851.0,Utilities,Natural Gas Distribution,United States
KHC,The Kraft Heinz Company Common Stock,26941915782.0,Consumer Staples,Packaged Foods,United States
KIM,Kimco Realty Corporation (HC) Common Stock,14898231974.0,Real Estate,Real Estate Investment Trusts,United States
KKR,KKR & Co. Inc. Common Stock,81954130371.0,Finance,Investment Managers,United States
KLAC,KLA Corporation Common Stock,254384915486.0,Technology,Electronic Components,United States
KLAR,Klarna Group plc Ordinary Shares,8742935343.0,Finance,Finance: Consumer Services,
KLIC,Kulicke and Soffa Industries Inc. Common Stock,4932019089.0,Technology,Semiconductors,Singapore
KMB,Kimberly-Clark Corporation Common Stock,32403175672.0,Consumer Discretionary,Containers/Packaging,United States
KMI,Kinder Morgan Inc. Common Stock,67138082983.0,Utilities,Natural Gas Distribution,United States
KMT,Kennametal Inc. Common Stock,2348229553.0,Industrials,Industrial Machinery/Components,United States
KMX,CarMax Inc,7820720501.0,Consumer Discretionary,Retail-Auto Dealers and Gas Stations,United States
KN,Knowles Corporation Common Stock,3172993611.0,Consumer Staples,Consumer Electronics/Appliances,United States
KNF,Knife Riv Holding Co. Common Stock,2862011636.0,Industrials,Mining & Quarrying of Nonmetallic Minerals (No Fuels),United States
KNSA,Kiniksa Pharmaceuticals International plc Class A Ordinary Shares,5821371610.0,Health Care,Biotechnology: Pharmaceutical Preparations,United States
KNSL,Kinsale Capital Group Inc. Common Stock,7351736669.0,Finance,Property-Casualty Insurers,United States
KNTK,Kinetik Holdings Inc. Class A Common Stock,8151432276.0,Utilities,Natural Gas Distribution,United States
KNX,Knight-Swift Transportation Holdings Inc.,10349654040.0,Industrials,Trucking Freight/Courier Services,United States
KO,Coca-Cola Company (The) Common Stock,370363438837.0,Consumer Staples,Beverages (Production/Distribution),United States
KOD,Kodiak Sciences Inc Common Stock,5958128524.0,Health Care,Biotechnology: Biological Products (No Diagnostic Substances),United States
KR,Kroger Company (The) Common Stock,34620309594.0,Consumer Staples,Food Chains,United States
KRC,Kilroy Realty Corporation Common Stock,3869600031.0,Real Estate,Real Estate Investment Trusts,United States
KRG,Kite Realty Group Trust Common Stock,4886461696.0,Real Estate,Real Estate Investment Trusts,United States
KRMN,Karman Holdings Inc. Common Stock,4296742813.0,Industrials,Military/Government/Technical,United States
KRYS,Krystal Biotech Inc. Common Stock,9843388900.0,Health Care,Biotechnology: Biological Products (No Diagnostic Substances),United States
KSPI,Joint Stock Company Kaspi.kz American Depository Shares,17808705718.0,,,Kazakhstan
KSS,Kohl's Corporation Common Stock,2092929175.0,Consumer Discretionary,Department/Specialty Retail Stores,United States
KT,KT Corporation Common Stock,9137502888.0,Telecommunications,Telecommunications Equipment,South Korea
KTB,Kontoor Brands Inc. Common Stock ,3444817669.0,Industrials,Garments and Clothing,United States
KTOS,Kratos Defense & Security Solutions Inc. Common Stock,8013823450.0,Industrials,Military/Government/Technical,United States
KVUE,Kenvue Inc. Common Stock,33920859427.0,Consumer Discretionary,Package Goods/Cosmetics,United States
KVYO,Klaviyo Inc. Series A Common Stock,4478762584.0,Technology,Computer Software: Prepackaged Software,United States
KWR,Quaker Houghton Common Stock,2714687068.0,Industrials,Major Chemicals,United States
KYIV,Kyivstar Group Ltd. Common Shares,2861197120.0,Telecommunications,Telecommunications Equipment,United Arab Emirates
KYMR,Kymera Therapeutics Inc. Common Stock,9295407586.0,Health Care,Biotechnology: Biological Products (No Diagnostic Substances),United States
L,Loews Corporation Common Stock,21348386800.0,Finance,Property-Casualty Insurers,United States
LAD,Lithia Motors Inc. Common Stock,6415332742.0,Consumer Discretionary,Retail-Auto Dealers and Gas Stations,United States
LAMR,Lamar Advertising Company Class A Common Stock,14634324961.0,Real Estate,Real Estate Investment Trusts,United States
LASR,nLIGHT Inc. Common Stock,2246744722.0,Technology,Semiconductors,United States
LAUR,Laureate Education Inc. Common Stock,5256515578.0,Real Estate,Other Consumer Services,United States
LAZ,Lazard Inc. Common Stock,3530634224.0,Finance,Investment Managers,Bermuda
LB,LandBridge Company LLC Class A Shares Representing Limited Liability Company Interests,6257022892.0,Energy,Oil & Gas Production,
LBRT,Liberty Energy Inc. Class A common stock,2973347600.0,Energy,Oilfield Services/Equipment,United States
LBTYA,Liberty Global Ltd. Class A Common Shares,3114129478.0,Telecommunications,Cable & Other Pay Television Services,United Kingdom
LBTYB,Liberty Global Ltd. Class B Common Shares,4164679181.0,Telecommunications,Cable & Other Pay Television Services,United Kingdom
LBTYK,Liberty Global Ltd. Class C Common Shares,3032268462.0,Telecommunications,Cable & Other Pay Television Services,United Kingdom
LCII,LCI Industries,2034143791.0,Consumer Discretionary,Auto Parts:O.E.M.,United States
LCLN,Lincoln International Inc. Class A Common Stock,2392712541.0,Finance,Investment Managers,
LDOS,Leidos Holdings Inc. Common Stock,15288715822.0,Technology,EDP Services,United States
LEA,Lear Corporation Common Stock,5821801895.0,Consumer Discretionary,Auto Parts:O.E.M.,United States
LECO,Lincoln Electric Holdings Inc. Common Shares,14421133187.0,Industrials,Industrial Machinery/Components,United States
LEN,Lennar Corporation Class A Common Stock,19654634636.0,Consumer Discretionary,Homebuilding,United States
LEU,Centrus Energy Corp. Class A Common Stock,2752682827.0,Industrials,Mining & Quarrying of Nonmetallic Minerals (No Fuels),United States
LEVI,Levi Strauss & Co Class A Common Stock,7581556071.0,Consumer Discretionary,Apparel,United States
LFST,LifeStance Health Group Inc. Common Stock,4597314388.0,Health Care,Medical/Nursing Services,United States
LFTO,Liftoff Mobile Inc. Common Stock,2675438127.0,Technology,EDP Services,United States
LFUS,Littelfuse Inc. Common Stock,10762465054.0,Energy,Electrical Products,United States
LGN,Legence Corp. Class A Common stock,5801491766.0,Consumer Discretionary,Engineering & Construction,United States
LGND,Ligand Pharmaceuticals Incorporated Common Stock,6227286183.0,Health Care,Biotechnology: Pharmaceutical Preparations,United States
LH,Labcorp Holdings Inc. Common Stock,24987721000.0,Health Care,Medical Specialities,United States
LHX,L3Harris Technologies Inc. Common Stock,44091896776.0,Industrials,Industrial Machinery/Components,United States
LIF,Life360 Inc. Common Stock,3281621861.0,Technology,EDP Services,United States
LIFE,Ethos Technologies Inc. Class A Common Stock,2140404871.0,Finance,Specialty Insurers,United States
LII,Lennox International Inc. Common Stock,12269730839.0,Industrials,Industrial Machinery/Components,United States
LILAP,Liberty Latin America Ltd. 9.0% Fixed Rate Cumulative Perpetual Redeemable Series A Preference Shares,4027704000.0,Telecommunications,Cable & Other Pay Television Services,United States
LIN,Linde plc Ordinary Shares,218804234368.0,Basic Materials,Major Chemicals,United States
LIND,Lindblad Expeditions Holdings Inc. Common Stock,2062426825.0,Consumer Discretionary,Transportation Services,United States
LINE,Lineage Inc. Common Stock,7769465609.0,Real Estate,Real Estate Investment Trusts,United States
LION,Lionsgate Studios Corp Common Shares,3332668416.0,Consumer Discretionary,Movies/Entertainment,Canada
LITE,Lumentum Holdings Inc. Common Stock,87122022000.0,Telecommunications,Telecommunications Equipment,United States
LIVN,LivaNova PLC Ordinary Shares,4214653286.0,Health Care,Biotechnology: Electromedical & Electrotherapeutic Apparatus,United Kingdom
LKQ,LKQ Corporation Common Stock,5776037623.0,Consumer Discretionary,Motor Vehicles,United States
LLY,Eli Lilly and Company Common Stock,1089225432770.0,Health Care,Biotechnology: Pharmaceutical Preparations,United States
LLYVA,Liberty Live Holdings Inc. Series A Liberty Live Group Common Stock,8707388785.0,Consumer Discretionary,Services-Misc. Amusement & Recreation,United States
LLYVK,Liberty Live Holdings Inc. Series C Liberty Live Group Common Stock,8947522816.0,Consumer Discretionary,Services-Misc. Amusement & Recreation,United States
LMND,Lemonade Inc. Common Stock,3493683201.0,Finance,Property-Casualty Insurers,United States
LMT,Lockheed Martin Corporation Common Stock,117530190965.0,Industrials,Military/Government/Technical,United States
LNC,Lincoln National Corporation Common Stock,7707669747.0,Finance,Life Insurance,United States
LNG,Cheniere Energy Inc. Common Stock,55563884527.0,Utilities,Oil/Gas Transmission,United States
LNT,Alliant Energy Corporation Common Stock,16412721447.0,Utilities,Power Generation,United States
LNTH,Lantheus Holdings Inc. Common Stock,6496558887.0,Health Care,Biotechnology: In Vitro & In Vivo Diagnostic Substances,United States
LOAR,Loar Holdings Inc. Common Stock,5763714736.0,Industrials,Military/Government/Technical,United States
LOGI,Logitech International S.A. Ordinary Shares,14460589649.0,Technology,Computer peripheral equipment,United States
LOPE,Grand Canyon Education Inc. Common Stock,3951198959.0,Real Estate,Other Consumer Services,United States
LOW,Lowe's Companies Inc. Common Stock,103396645162.0,Consumer Discretionary,RETAIL: Building Materials,United States
LPG,Dorian LPG Ltd. Common Stock,2355614416.0,Consumer Discretionary,Marine Transportation,United States
LPL,LG Display Co Ltd AMERICAN DEPOSITORY SHARES,2950000000.0,Technology,Industrial Machinery/Components,South Korea
LPLA,LPL Financial Holdings Inc. Common Stock,24079392282.0,Finance,Investment Bankers/Brokers/Service,United States
LPX,Louisiana-Pacific Corporation Common Stock,4513556116.0,Basic Materials,Forest Products,United States
LQDA,Liquidia Corporation Common Stock,2708539042.0,Health Care,Biotechnology: Pharmaceutical Preparations,United States
LRCX,Lam Research Corporation Common Stock,411105417161.0,Technology,Industrial Machinery/Components,United States
LRN,Stride Inc. Common Stock,3240836713.0,Real Estate,Other Consumer Services,United States
LSCC,Lattice Semiconductor Corporation Common Stock,17841842769.0,Technology,Semiconductors,United States
LSTR,Landstar System Inc. Common Stock,5723292717.0,Industrials,Trucking Freight/Courier Services,United States
LTC,LTC Properties Inc. Common Stock,2310931486.0,Real Estate,Real Estate Investment Trusts,United States
LTH,Life Time Group Holdings Inc. Common Stock,8911662486.0,Consumer Discretionary,Hotels/Resorts,United States
LULU,lululemon athletica inc. Common Stock,10157093016.0,Consumer Discretionary,Apparel,Canada
LUMN,Lumen Technologies Inc. Common Stock,5776094262.0,Telecommunications,Telecommunications Equipment,United States
LUNR,Intuitive Machines Inc. Class A Common Stock,3259878728.0,Industrials,Industrial Machinery/Components,United States
LUV,Southwest Airlines Company Common Stock,20370629490.0,Consumer Discretionary,Air Freight/Delivery Services,United States
LVS,Las Vegas Sands Corp. Common Stock,24489581767.0,Consumer Discretionary,Hotels/Resorts,United States
LW,Lamb Weston Holdings Inc. Common Stock ,5731583349.0,Consumer Staples,Packaged Foods,United States
LXP,LXP Industrial Trust Common Stock (Maryland REIT),3591676523.0,Real Estate,Real Estate Investment Trusts,United States
LYB,LyondellBasell Industries NV Ordinary Shares Class A (Netherlands),18564991101.0,Industrials,Major Chemicals,Netherlands
LYFT,Lyft Inc. Class A Common Stock,5681889137.0,Consumer Discretionary,Business Services,United States
LYV,Live Nation Entertainment Inc. Common Stock,39892812498.0,Consumer Discretionary,Services-Misc. Amusement & Recreation,United States
M,Macy's Inc Common Stock,5946992229.0,Consumer Discretionary,Department/Specialty Retail Stores,United States
MA,Mastercard Incorporated Common Stock,483093201612.0,Consumer Discretionary,Business Services,United States
MAA,Mid-America Apartment Communities Inc. Common Stock,13660425217.0,Real Estate,Real Estate Investment Trusts,United States
MAAS,Maase Inc. Class A Ordinary Shares,7225148945.0,Finance,Investment Managers,China
MAC,Macerich Company (The) Common Stock,6340387625.0,Real Estate,Real Estate Investment Trusts,United States
MAIN,Main Street Capital Corporation Common Stock,5147640778.0,Finance,Finance/Investors Services,United States
MAIR,Madison Air Solutions Corporation Class A Common Stock,12342376255.0,Industrials,Pollution Control Equipment,
MAN,ManpowerGroup Common Stock,2584779581.0,Consumer Discretionary,Professional Services,United States
MANE,Veradermics Incorporated Common Stock,5065005887.0,Health Care,Biotechnology: Pharmaceutical Preparations,
MANH,Manhattan Associates Inc. Common Stock,11585197936.0,Technology,Computer Software: Prepackaged Software,United States
MAR,Marriott International Class A Common Stock,92746745653.0,Consumer Discretionary,Hotels/Resorts,United States
MARA,MARA Holdings Inc. Common Stock,4376771035.0,Finance,Finance: Consumer Services,United States
MAS,Masco Corporation Common Stock,13290432782.0,Industrials,Industrial Specialties,United States
MAT,Mattel Inc. Common Stock,3616962000.0,Consumer Discretionary,Recreational Games/Products/Toys,United States
MATX,Matson Inc. Common Stock,6567995515.0,Consumer Discretionary,Marine Transportation,United States
MBGL,Mobility Global Inc. Common Stock,5056185638.0,Consumer Discretionary,Business Services,United States
MBIN,Merchants Bancorp Common Stock,2249128152.0,Finance,Major Banks,United States
MBLY,Mobileye Global Inc. Class A Common Stock,6282886349.0,Technology,Computer Software: Prepackaged Software,Israel
MBX,MBX Biosciences Inc. Common Stock,2823144828.0,Health Care,Biotechnology: Pharmaceutical Preparations,United States
MC,Moelis & Company Class A Common Stock,4502036791.0,Finance,Investment Managers,United States
MCD,McDonald's Corporation Common Stock,163422735169.0,Consumer Discretionary,Restaurants,United States
MCHB,Mechanics Bancorp Class A Common Stock,3256212262.0,Finance,Major Banks,United States
MCHP,Microchip Technology Incorporated Common Stock,42229785899.0,Technology,Semiconductors,United States
MCK,McKesson Corporation Common Stock,99546017833.0,Health Care,Other Pharmaceuticals,United States
MCO,Moody's Corporation Common Stock,78655316000.0,Finance,Finance: Consumer Services,United States
MCRI,Monarch Casino & Resort Inc. Common Stock,2061089915.0,Consumer Discretionary,Hotels/Resorts,United States
MCY,Mercury General Corporation Common Stock,5475165779.0,Finance,Property-Casualty Insurers,United States
MD,Pediatrix Medical Group Inc. Common Stock,2090646663.0,Health Care,Hospital/Nursing Management,United States
MDA,MDA Space Ltd. Common Shares,4803935515.0,Consumer Discretionary,Electronic Components,
MDB,MongoDB Inc. Class A Common Stock,28082746036.0,Technology,Computer Software: Prepackaged Software,United States
MDGL,Madrigal Pharmaceuticals Inc. Common Stock,11643555339.0,Health Care,Biotechnology: Pharmaceutical Preparations,United States
MDLN,Medline Inc. Class A Common Stock,45620349972.0,Health Care,Medical/Dental Instruments,United States
MDLZ,Mondelez International Inc. Class A Common Stock,73796131856.0,Consumer Staples,Packaged Foods,United States
MDT,Medtronic plc. Ordinary Shares,110376808528.0,Health Care,Biotechnology: Electromedical & Electrotherapeutic Apparatus,United States
MDU,MDU Resources Group Inc. Common Stock (Holding Company),3899878914.0,Industrials,Mining & Quarrying of Nonmetallic Minerals (No Fuels),United States
MEDP,Medpace Holdings Inc. Common Stock,17421896818.0,Health Care,Biotechnology: Commercial Physical & Biological Resarch,United States
MELI,MercadoLibre Inc. Common Stock,87630943161.0,Consumer Discretionary,Business Services,Argentina
MEOH,Methanex Corporation Common Stock,4539734953.0,Industrials,Major Chemicals,Canada
MET,MetLife Inc. Common Stock,59836507446.0,Finance,Life Insurance,United States
META,Meta Platforms Inc. Class A Common Stock,1847400564246.0,Technology,Computer Software: Programming Data Processing,United States
MFC,Manulife Financial Corporation Common Stock,71078046991.0,Finance,Life Insurance,Canada
MFG,Mizuho Financial Group Inc. Sponosred ADR (Japan),137564134819.0,Finance,Major Banks,Japan
MGA,Magna International Inc. Common Stock,16901478210.0,Consumer Discretionary,Auto Parts:O.E.M.,Canada
MGEE,MGE Energy Inc,2624099633.0,Energy,Electric Utilities: Central,United States
MGM,MGM Resorts International Common Stock,8020933590.0,Consumer Discretionary,Hotels/Resorts,United States
MGNI,Magnite Inc. Common Stock,3622894206.0,Technology,Computer Software: Programming Data Processing,United States
MGRC,McGrath RentCorp Common Stock,2793074564.0,Consumer Discretionary,Diversified Commercial Services,United States
MGY,Magnolia Oil & Gas Corporation Class A Common Stock,6295468504.0,Energy,Oil & Gas Production,United States
MH,McGraw Hill Inc. Common Stock,2508058552.0,Consumer Discretionary,Publishing,
MHK,Mohawk Industries Inc. Common Stock,8448301444.0,Consumer Discretionary,Home Furnishings,United States
MHO,M/I Homes Inc. Common Stock,3416495979.0,Consumer Discretionary,Homebuilding,United States
MIAX,Miami International Holdings Inc. Common Stock,3324235083.0,Finance,Investment Bankers/Brokers/Service,United States
MICC,The Magnum Ice Cream Company N.V. Ordinary Shares,10885978159.0,Consumer Staples,Specialty Foods,
MIDD,Middleby Corporation (The) Common Stock,4684130909.0,Industrials,Industrial Machinery/Components,United States
MIR,Mirion Technologies Inc. Class A Common Stock,3516411576.0,Industrials,Industrial Machinery/Components,United States
MIRM,Mirum Pharmaceuticals Inc. Common Stock,5550404712.0,Health Care,Biotechnology: Pharmaceutical Preparations,United States
MKC,McCormick & Company Incorporated Common Stock,12474712013.0,Consumer Staples,Packaged Foods,United States
MKL,Markel Group Inc. Common Stock,21217183577.0,Finance,Property-Casualty Insurers,United States
MKSI,MKS Inc. Common Stock,17942995191.0,Industrials,Industrial Machinery/Components,United States
MKTX,MarketAxess Holdings Inc. Common Stock,5768818693.0,Finance,Investment Bankers/Brokers/Service,United States
MLI,Mueller Industries Inc. Common Stock,13405803927.0,Industrials,Metal Fabrications,United States
MLM,Martin Marietta Materials Inc. Common Stock,28820190211.0,Industrials,Mining & Quarrying of Nonmetallic Minerals (No Fuels),United States
MLYS,Mineralys Therapeutics Inc. Common Stock,2221665020.0,Health Care,Biotechnology: Pharmaceutical Preparations,United States
MMED,MiniMed Group Inc. Common Stock,5477883157.0,Health Care,Medical/Dental Instruments,United States
MMM,3M Company Common Stock,84655834751.0,Health Care,Medical/Dental Instruments,United States
MMS,Maximus Inc. Common Stock,2784909414.0,Consumer Discretionary,Business Services,United States
MMSI,Merit Medical Systems Inc. Common Stock,5148829517.0,Health Care,Medical/Dental Instruments,United States
MMYT,MakeMyTrip Limited Ordinary Shares,4439568846.0,Consumer Discretionary,Transportation Services,India
MNDY,monday.com Ltd. Ordinary Shares,3366478826.0,Technology,Computer Software: Prepackaged Software,Israel
MNST,Monster Beverage Corporation,122303723948.0,Consumer Staples,Beverages (Production/Distribution),United States
MO,Altria Group Inc.,112440555977.0,Health Care, Medicinal Chemicals and Botanical Products ,United States
MOD,Modine Manufacturing Company Common Stock,9942698938.0,Consumer Discretionary,Auto Parts:O.E.M.,United States
MOH,Molina Healthcare Inc Common Stock,9871020000.0,Health Care,Medical Specialities,United States
MORN,Morningstar Inc. Common Stock,7129079033.0,Finance,Investment Managers,United States
MOS,Mosaic Company (The) Common Stock,6882440736.0,Industrials,Agricultural Chemicals,United States
MP,MP Materials Corp. Common Stock,8422424097.0,Basic Materials,Metal Mining,United States
MPC,Marathon Petroleum Corporation Common Stock,111043727785.0,Energy,Integrated oil Companies,United States
MPT,Medical Properties Trust Inc. common stock,2066312000.0,Real Estate,Real Estate Investment Trusts,United States
MPWR,Monolithic Power Systems Inc. Common Stock,66206432460.0,Technology,Semiconductors,United States
MRCY,Mercury Systems Inc Common Stock,5051677638.0,Technology,Electrical Products,United States
MRK,Merck & Company Inc. Common Stock (new),358504710718.0,Health Care,Biotechnology: Pharmaceutical Preparations,United States
MRNA,Moderna Inc. Common Stock,76880855145.0,Health Care,Biotechnology: Biological Products (No Diagnostic Substances),United States
MRP,Millrose Properties Inc. Class A Common Stock,4312264664.0,Finance,Real Estate,United States
MRSH,Marsh Common Stock,81474279786.0,Finance,Specialty Insurers,United States
MRVL,Marvell Technology Inc. Common Stock,231685749000.0,Technology,Semiconductors,United States
MRX,Marex Group Limited Ordinary Shares,5171506709.0,Finance,Investment Bankers/Brokers/Service,United Kingdom
MS,Morgan Stanley Common Stock,295392108199.0,Finance,Investment Bankers/Brokers/Service,United States
MSA,MSA Safety Incorporated Common Stock,6862306047.0,Health Care,Industrial Specialties,United States
MSCI,MSCI Inc. Common Stock,39160582000.0,Consumer Discretionary,Business Services,United States
MSFT,Microsoft Corporation Common Stock,3808562282334.0,Technology,Computer Software: Prepackaged Software,United States
MSGE,Madison Square Garden Entertainment Corp. Class A Common Stock,3789622296.0,Consumer Discretionary,Services-Misc. Amusement & Recreation,United States
MSGS,Madison Square Garden Sports Corp. Class A Common Stock (New),9757432893.0,Consumer Discretionary,Services-Misc. Amusement & Recreation,United States
MSI,Motorola Solutions Inc. Common Stock,73805264634.0,Technology,Radio And Television Broadcasting And Communications Equipment,United States
MSM,MSC Industrial Direct Company Inc. Common Stock,6909303989.0,Industrials,Industrial Machinery/Components,United States
MSTR,Strategy Inc Common Stock Class A,64373886189.0,Technology,Computer Software: Prepackaged Software,United States
MT,Arcelor Mittal NY Registry Shares NEW,50797537160.0,Industrials,Steel/Iron Ore,Luxembourg
MTB,M&T Bank Corporation Common Stock,31424978611.0,Finance,Major Banks,United States
MTCH,Match Group Inc. Common Stock,9216472048.0,Technology,Computer Software: Programming Data Processing,United States
MTD,Mettler-Toledo International Inc. Common Stock,30274238821.0,Industrials,Biotechnology: Laboratory Analytical Instruments,Switzerland
MTDR,Matador Resources Company Common Stock,6383242461.0,Energy,Oil & Gas Production,United States
MTG,MGIC Investment Corporation Common Stock,5300425866.0,Finance,Property-Casualty Insurers,United States
MTH,Meritage Homes Corporation Common Stock,4096191745.0,Consumer Discretionary,Homebuilding,United States
MTN,Vail Resorts Inc. Common Stock,4888450180.0,Consumer Discretionary,Services-Misc. Amusement & Recreation,United States
MTRN,Materion Corporation,5616563923.0,Industrials,Industrial Specialties,United States
MTSI,MACOM Technology Solutions Holdings Inc. Common Stock,21751968567.0,Technology,Semiconductors,United States
MTX,Minerals Technologies Inc. Common Stock,2035821035.0,Basic Materials,Major Chemicals,United States
MTZ,MasTec Inc. Common Stock,17154742992.0,Industrials,Water Sewer Pipeline Comm & Power Line Construction,United States
MU,Micron Technology Inc. Common Stock,1202927939062.0,Technology,Semiconductors,United States
MUFG,Mitsubishi UFJ Financial Group Inc. Common Stock,273788090924.0,Finance,Commercial Banks,Japan
MUR,Murphy Oil Corporation Common Stock,5307969248.0,Energy,Oil & Gas Production,United States
MUSA,Murphy USA Inc. Common Stock,9264246298.0,Consumer Discretionary,Retail-Auto Dealers and Gas Stations,United States
MWA,MUELLER WATER PRODUCTS Common Stock,3316109422.0,Industrials,Metal Fabrications,United States
MWH,SOLV Energy Inc. Class A Common Stock,4861329062.0,Industrials,Military/Government/Technical,United States
MXL,MaxLinear Inc. Common Stock,8190502079.0,Technology,Semiconductors,United States
MYRG,MYR Group Inc. Common Stock,4553382855.0,Industrials,Water Sewer Pipeline Comm & Power Line Construction,United States
MZTI,The Marzetti Company Common Stock,2706994290.0,Consumer Staples,Packaged Foods,United States
NAMS,NewAmsterdam Pharma Company N.V. Ordinary Shares,2907143950.0,Health Care,Biotechnology: Pharmaceutical Preparations,Netherlands
NATL,NCR Atleos Corporation Common Stock,3338663478.0,Miscellaneous,Office Equipment/Supplies/Services,United States
NAVN,Navan Inc. Class A Common Stock,5466016248.0,Technology,Computer Software: Prepackaged Software,United States
NBIS,Nebius Group N.V. Class A Ordinary Shares,64125208822.0,Technology,Computer Software: Programming Data Processing,Netherlands
NBIX,Neurocrine Biosciences Inc. Common Stock,14417919833.0,Health Care,Biotechnology: Biological Products (No Diagnostic Substances),United States
NBTB,NBT Bancorp Inc. Common Stock,2606316660.0,Finance,Major Banks,United States
NCLH,Norwegian Cruise Line Holdings Ltd. Ordinary Shares,6731693822.0,Consumer Discretionary,Marine Transportation,United States
NDAQ,Nasdaq Inc. Common Stock,51431507998.0,Finance,Investment Bankers/Brokers/Service,United States
NDSN,Nordson Corporation Common Stock,18261037143.0,Industrials,Industrial Machinery/Components,United States
NE,Noble Corporation plc A Ordinary Shares,6663466179.0,Energy,Oil & Gas Production,United States
NEE,NextEra Energy Inc. Common Stock,157991989550.0,Utilities,Electric Utilities: Central,United States
NEM,Newmont Corporation,121532866537.0,Basic Materials,Precious Metals,United States
NEO,NeoGenomics Inc. Common Stock,2358809078.0,Health Care,Precision Instruments,United States
NEOG,Neogen Corporation Common Stock,2791756864.0,Health Care,Biotechnology: In Vitro & In Vivo Diagnostic Substances,United States
NESR,National Energy Services Reunited Corp Ordinary Shares,2568694174.0,Energy,Oilfield Services/Equipment,United States
NET,Cloudflare Inc. Class A Common Stock,123659363425.0,Technology,Computer Software: Prepackaged Software,United States
NEU,NewMarket Corp Common Stock,8253958313.0,Industrials,Major Chemicals,United States
NFG,National Fuel Gas Company Common Stock,7210121210.0,Utilities,Oil/Gas Transmission,United States
NFLX,Netflix Inc. Common Stock,289726922656.0,Consumer Discretionary,Consumer Electronics/Video Chains,United States
NG,Novagold Resources Inc.,2852073991.0,Basic Materials,Precious Metals,Canada
NGVT,Ingevity Corporation Common Stock ,2432237982.0,Industrials,Major Chemicals,United States
NHC,National HealthCare Corporation Common Stock,3437832816.0,Health Care,Hospital/Nursing Management,United States
NHI,National Health Investors Inc. Common Stock,3223117783.0,Real Estate,Real Estate Investment Trusts,United States
NI,NiSource Inc Common Stock,18702843900.0,Utilities,Power Generation,United States
NIC,Nicolet Bankshares Inc. Common Stock,3416493769.0,Finance,Major Banks,United States
NIQ,NIQ Global Intelligence plc Ordinary Shares,5017199247.0,Technology,Computer Software: Programming Data Processing,United States
NJR,NewJersey Resources Corporation Common Stock,5134278068.0,Utilities,Oil/Gas Transmission,United States
NKE,Nike Inc. Common Stock,52515854086.0,Consumer Discretionary,Shoe Manufacturing,United States
NKTR,Nektar Therapeutics  Common Stock,2067187572.0,Health Care,Biotechnology: Pharmaceutical Preparations,United States
NLY,Annaly Capital Management Inc. Common Stock,14237665809.0,Real Estate,Real Estate Investment Trusts,United States
NMIH,NMI Holdings Inc. Common Stock,2807130199.0,Finance,Property-Casualty Insurers,United States
NMRK,Newmark Group Inc. Class A Common Stock,2221862967.0,Finance,Real Estate,United States
NN,NextNav Inc. Common Stock,2427486506.0,Industrials,Industrial Machinery/Components,United States
NNI,Nelnet Inc. Common Stock,4403733229.0,Finance,Finance: Consumer Services,United States
NNN,NNN REIT Inc. Common Stock,7886461226.0,Real Estate,Real Estate Investment Trusts,United States
NOC,Northrop Grumman Corporation Common Stock,68684631810.0,Industrials,Industrial Machinery/Components,United States
NOG,Northern Oil and Gas Inc. Common Stock,2437844049.0,Energy,Oil & Gas Production,United States
NOV,NOV Inc. Common Stock,6676835281.0,Consumer Discretionary,Oil and Gas Field Machinery,United States
NOVT,Novanta Inc. Common Stock,5377308716.0,Miscellaneous,Industrial Machinery/Components,United States
NOW,ServiceNow Inc. Common Stock,138566340000.0,Technology,Computer Software: Prepackaged Software,United States
NP,Neptune Insurance Holdings Inc. Class A Common Stock,3753325012.0,Finance,Specialty Insurers,
NPO,Enpro Inc. Common Stock,6482813983.0,Industrials,Metal Fabrications,United States
NRG,NRG Energy Inc. Common Stock,20106632699.0,Utilities,Electric Utilities: Central,United States
NRIX,Nurix Therapeutics Inc. Common stock,2460663704.0,Health Care,Biotechnology: Pharmaceutical Preparations,United States
NSC,Norfolk Southern Corporation Common Stock,69403987257.0,Industrials,Railroads,United States
NSIT,Insight Enterprises Inc. Common Stock,4587812232.0,Consumer Discretionary,Catalog/Specialty Distribution,United States
NTAP,NetApp Inc. Common Stock,41263704570.0,Technology,Electronic Components,United States
NTB,Bank of N.T. Butterfield & Son Limited (The) Voting Ordinary Shares,2314400000.0,Finance,Commercial Banks,Bermuda
NTCT,NetScout Systems Inc. Common Stock,2921379796.0,Technology,EDP Services,United States
NTNX,Nutanix Inc. Class A Common Stock,19050846303.0,Technology,Computer Software: Prepackaged Software,United States
NTR,Nutrien Ltd. Common Shares,33857846868.0,Industrials,Agricultural Chemicals,Canada
NTRA,Natera Inc. Common Stock,59576226903.0,Health Care,Medical Specialities,United States
NTRS,Northern Trust Corporation Common Stock,30985369392.0,Finance,Major Banks,United States
NTSK,Netskope Inc. Class A Common Stock,7125770325.0,Technology,Computer Software: Prepackaged Software,United States
NU,Nu Holdings Ltd. Class A Ordinary Shares,61472828181.0,Finance,Finance: Consumer Services,Cayman Islands
NUE,Nucor Corporation Common Stock,53032189265.0,Industrials,Steel/Iron Ore,United States
NVA,Nova Minerals Corp Common Stock,2444572860.0,Basic Materials,Precious Metals,
NVDA,NVIDIA Corporation Common Stock,5503958000000.0,Technology,Semiconductors,United States
NVMI,Nova Ltd. Ordinary Shares,12242800814.0,Technology,Electronic Components,Israel
NVO,Novo Nordisk A/S Common Stock,167862846013.0,Health Care,Biotechnology: Pharmaceutical Preparations,Denmark
NVR,NVR Inc. Common Stock,16400587735.0,Consumer Discretionary,Homebuilding,United States
NVS,Novartis AG Common Stock,272045184875.0,Health Care,Biotechnology: Pharmaceutical Preparations,Switzerland
NVST,Envista Holdings Corporation Common Stock,3769697630.0,Health Care,Medical/Dental Instruments,United States
NVT,nVent Electric plc Ordinary Shares ,25957157677.0,Industrials,Industrial Machinery/Components,United Kingdom
NVTS,Navitas Semiconductor Corporation Common Stock,3031295396.0,Technology,Semiconductors,United States
NWBI,Northwest Bancshares Inc. Common Stock,2173453370.0,Finance,Major Banks,United States
NWCL,newcleo plc Ordinary Shares,3998624601.0,Industrials,Metal Fabrications,United Kingdom
NWE,NorthWestern Energy Group Inc. Common Stock,4206590583.0,Utilities,Power Generation,United States
NWL,Newell Brands Inc. Common Stock,2248752000.0,Industrials,Plastic Products,United States
NWS,News Corporation Class B Common Stock,17142947215.0,Consumer Discretionary,Newspapers/Magazines,United States
NWSA,News Corporation Class A Common Stock,15483777986.0,Consumer Discretionary,Newspapers/Magazines,United States
NXE,Nexgen Energy Ltd. Common Shares,6115015641.0,Basic Materials,Other Metals and Minerals,Canada
NXPI,NXP Semiconductors N.V. Common Stock,59896556250.0,Technology,Semiconductors,Netherlands
NXST,Nexstar Media Group Inc. Common Stock,4977697193.0,Industrials,Broadcasting,United States
NXT,Nextpower Inc. Common Stock,11824281494.0,Technology,Semiconductors,United States
NYT,New York Times Company (The) Common Stock,10224032309.0,Consumer Discretionary,Newspapers/Magazines,United States
O,Realty Income Corporation Common Stock,51379639192.0,Real Estate,Real Estate Investment Trusts,United States
OBDC,Blue Owl Capital Corporation Common Stock,5173065549.0,Finance,Diversified Financial Services,United States
OC,Owens Corning Inc Common Stock New,9228143253.0,Industrials,Industrial Machinery/Components,United States
OCTV,Octave Intelligence plc Class B Ordinary Shares,5070789815.0,Technology,Computer Software: Prepackaged Software,United States
ODFL,Old Dominion Freight Line Inc. Common Stock,36046875168.0,Industrials,Trucking Freight/Courier Services,United States
OFG,OFG Bancorp Common Stock,2116655940.0,Finance,Major Banks,Puerto Rico
OGC,OceanaGold Corporation Common Shares,6172722173.0,,,
OGE,OGE Energy Corp Common Stock,9382922056.0,Utilities,Electric Utilities: Central,United States
OGN,Organon & Co. Common Stock ,3597749232.0,Health Care,Biotechnology: Pharmaceutical Preparations,United States
OGS,ONE Gas Inc. Common Stock,4517480125.0,Utilities,Oil/Gas Transmission,United States
OHI,Omega Healthcare Investors Inc. Common Stock,14032532030.0,Real Estate,Real Estate Investment Trusts,United States
OII,Oceaneering International Inc. Common Stock,4342478411.0,Energy,Oilfield Services/Equipment,United States
OKE,ONEOK Inc. Common Stock,53751621505.0,Utilities,Oil & Gas Production,United States
OKLO,Oklo Inc. Class A common stock,6886373403.0,Utilities,Electric Utilities: Central,United States
OKTA,Okta Inc. Class A Common Stock,36556804254.0,Technology,Computer Software: Prepackaged Software,United States
OLED,Universal Display Corporation Common Stock,3541284968.0,Technology,Electrical Products,United States
OLLI,Ollie's Bargain Outlet Holdings Inc. Common Stock,5087815817.0,Consumer Discretionary,Department/Specialty Retail Stores,United States
OMAB,Grupo Aeroportuario del Centro Norte S.A.B. de C.V. ADS,4663478507.0,Consumer Discretionary,Aerospace,Mexico
OMC,Omnicom Group Inc. Common Stock,20200093550.0,Consumer Discretionary,Advertising,United States
OMF,OneMain Holdings Inc. Common Stock,6372146968.0,Finance,Finance: Consumer Services,United States
ON,ON Semiconductor Corporation Common Stock,29926921781.0,Technology,Semiconductors,United States
ONB,Old National Bancorp Common Stock,9426524800.0,Finance,Major Banks,United States
ONDS,Ondas Inc. Common Stock,4268278784.0,Technology,Radio And Television Broadcasting And Communications Equipment,United States
ONON,On Holding AG Class A Ordinary Shares,17867593983.0,Consumer Discretionary,Shoe Manufacturing,
ONTO,Onto Innovation Inc. Common Stock,15106034712.0,Industrials,Industrial Machinery/Components,United States
OPCH,Option Care Health Inc. Common Stock,3368670115.0,Health Care,Medical/Nursing Services,United States
OPEN,Opendoor Technologies Inc Common Stock,2301485789.0,Finance,Real Estate,United States
OPLN,OPENLANE Inc. Common Stock,4166244492.0,Consumer Discretionary,Retail-Auto Dealers and Gas Stations,United States
OR,OR Royalties Inc. Common Shares,6438607970.0,Basic Materials,Precious Metals,Canada
ORA,Ormat Technologies Inc. Common Stock,5626355132.0,Utilities,Electric Utilities: Central,United States
ORCL,Oracle Corporation Common Stock,416225107758.0,Technology,Computer Software: Prepackaged Software,United States
ORI,Old Republic International Corporation Common Stock,9007862320.0,Finance,Property-Casualty Insurers,United States
ORKA,Oruka Therapeutics Inc. Common Stock,5514605830.0,Health Care,Biotechnology: In Vitro & In Vivo Diagnostic Substances,United States
ORLY,O'Reilly Automotive Inc. Common Stock,69093341245.0,Consumer Discretionary,Auto & Home Supply Stores,United States
OSCR,Oscar Health Inc. Class A Common Stock,9518611800.0,Health Care,Medical Specialities,United States
OSIS,OSI Systems Inc. Common Stock (DE),3098640320.0,Technology,Semiconductors,United States
OSK,Oshkosh Corporation (Holding Company)Common Stock,7953314466.0,Industrials,Auto Manufacturing,United States
OSW,OneSpaWorld Holdings Limited Common Shares,2282706033.0,Consumer Discretionary,Hotels/Resorts,Bahamas
OTEX,Open Text Corporation Common Shares,5618514260.0,Technology,EDP Services,Canada
OTF,Blue Owl Technology Finance Corp. Common Stock,4494798666.0,,,United States
OTIS,Otis Worldwide Corporation Common Stock ,24484651884.0,Technology,Consumer Electronics/Appliances,United States
OTTR,Otter Tail Corporation Common Stock,3696410463.0,Utilities,Electric Utilities: Central,United States
OUST,Ouster Inc. Common Stock,2909011513.0,Industrials,Industrial Machinery/Components,United States
OUT,OUTFRONT Media Inc. Common Stock,4887753215.0,Real Estate,Real Estate Investment Trusts,United States
OVV,Ovintiv Inc. (DE),16345714000.0,Energy,Oil & Gas Production,Canada
OWL,Blue Owl Capital Inc. Class A Common Stock,14172148307.0,Finance,Investment Managers,United States
OXY,Occidental Petroleum Corporation Common Stock,55299939364.0,Energy,Oil & Gas Production,United States
OZK,Bank OZK Common Stock,5199736627.0,Finance,Major Banks,United States
P,Everpure Inc. Class A common stock,43579459886.0,Technology,Electronic Components,United States
PAAS,Pan American Silver Corp. Common Stock,18869265180.0,Basic Materials,Precious Metals,Canada
PAC,Grupo Aeroportuario Del Pacifico S.A. B. de C.V. Grupo Aeroportuario Del Pacifico S.A. de C.V. (each representing 10 Series B shares),12222268846.0,Consumer Discretionary,Aerospace,Mexico
PACS,PACS Group Inc. Common Stock,6578844679.0,Health Care,Hospital/Nursing Management,United States
PAG,Penske Automotive Group Inc. Common Stock,13154899977.0,Consumer Discretionary,Retail-Auto Dealers and Gas Stations,United States
PAGS,PagSeguro Digital Ltd. Class A Common Shares,2587031610.0,Technology,EDP Services,Cayman Islands
PAM,Pampa Energia S.A.,4241639183.0,Utilities,Electric Utilities: Central,Argentina
PANW,Palo Alto Networks Inc. Common Stock,324999580000.0,Technology,Computer peripheral equipment,United States
PARR,Par Pacific Holdings Inc.  Common Stock,4089131556.0,Energy,Oil & Gas Production,United States
PATH,UiPath Inc. Class A Common Stock,6691635452.0,Technology,Computer Software: Prepackaged Software,United States
PATK,Patrick Industries Inc. Common Stock,2176975934.0,Consumer Discretionary,Auto Parts:O.E.M.,United States
PAY,Paymentus Holdings Inc. Class A Common Stock,3858790784.0,Consumer Discretionary,Business Services,United States
PAYC,Paycom Software Inc. Common Stock,9809837875.0,Technology,Computer Software: Prepackaged Software,United States
PAYO,Payoneer Global Inc. Common Stock,2419394969.0,Consumer Discretionary,Business Services,United States
PAYP,PayPay Corporation American Depository Shares,10631147220.0,Consumer Discretionary,Business Services,Japan
PAYX,Paychex Inc. Common Stock,35064076591.0,Industrials,Diversified Commercial Services,United States
PB,Prosperity Bancshares Inc. Common Stock,7956904008.0,Finance,Major Banks,United States
PBA,Pembina Pipeline Corp. Ordinary Shares (Canada),25925721900.0,Energy,Oil & Gas Production,Canada
PBF,PBF Energy Inc. Class A Common Stock,9122595052.0,Energy,Integrated oil Companies,United States
PBH,Prestige Consumer Healthcare Inc. Common Stock,2173069324.0,Health Care,Biotechnology: Pharmaceutical Preparations,United States
PBI,Pitney Bowes Inc. Common Stock,2237312260.0,Miscellaneous,Office Equipment/Supplies/Services,United States
PBLS,Parabilis Medicines Inc. Common Stock,3937831049.0,Health Care,Biotechnology: Pharmaceutical Preparations,United States
PBR,Petroleo Brasileiro S.A. Petrobras ADS,134493926371.0,Energy,Oil & Gas Production,Brazil
PCAR,PACCAR Inc. Common Stock,57800135489.0,Industrials,Auto Manufacturing,United States
PCG,Pacific Gas & Electric Co. Common Stock,32831353576.0,Utilities,Power Generation,United States
PCOR,Procore Technologies Inc. Common Stock,7859130081.0,Technology,Computer Software: Prepackaged Software,United States
PCTY,Paylocity Holding Corporation Common Stock,7564331215.0,Technology,Computer Software: Prepackaged Software,United States
PCVX,Vaxcyte Inc. Common Stock,8467020318.0,Health Care,Biotechnology: Biological Products (No Diagnostic Substances),United States
PDFS,PDF Solutions Inc. Common Stock,2155699377.0,Technology,Computer Software: Prepackaged Software,United States
PEB,Pebblebrook Hotel Trust Common Shares of Beneficial Interest,2116929352.0,Real Estate,Real Estate Investment Trusts,United States
PECO,Phillips Edison & Company Inc. Common Stock,4805658000.0,Real Estate,Real Estate Investment Trusts,United States
PEG,Public Service Enterprise Group Incorporated Common Stock,33563604820.0,Utilities,Power Generation,United States
PEGA,Pegasystems Inc. Common Stock,5471396570.0,Technology,EDP Services,United States
PEN,Penumbra Inc. Common Stock,12539228599.0,Health Care,Medical/Dental Instruments,United States
PENG,Penguin Solutions Inc. Common Stock,2802463208.0,Technology,Semiconductors,United States
PEP,PepsiCo Inc. Common Stock,172959058230.0,Consumer Staples,Beverages (Production/Distribution),United States
PFE,Pfizer Inc. Common Stock,162554690758.0,Health Care,Biotechnology: Pharmaceutical Preparations,United States
PFG,Principal Financial Group Inc Common Stock,23971155606.0,Finance,Accident &Health Insurance,United States
PFGC,Performance Food Group Company Common Stock,14415847758.0,Consumer Discretionary,Food Distributors,United States
PFS,Provident Financial Services Inc Common Stock,2888860989.0,Finance,Savings Institutions,United States
PFSI,PennyMac Financial Services Inc. Common Stock,3206451024.0,Finance,Finance: Consumer Services,United States
PG,Procter & Gamble Company (The) Common Stock,337693634957.0,Consumer Discretionary,Package Goods/Cosmetics,United States
PGEN,Precigen Inc. Common Stock,3064781714.0,Health Care,Biotechnology: Pharmaceutical Preparations,United States
PGR,Progressive Corporation (The) Common Stock,120524181639.0,Finance,Property-Casualty Insurers,United States
PH,Parker-Hannifin Corporation Common Stock,120490323539.0,Industrials,Metal Fabrications,United States
PHG,Koninklijke Philips N.V. NY Registry Shares,24011875346.0,Health Care,Medical Electronics,Netherlands
PHI,PLDT Inc. Sponsored ADR,3843632237.0,Telecommunications,Telecommunications Equipment,Philippines
PHIN,PHINIA Inc. Common Stock,2177401570.0,Consumer Discretionary,Auto Parts:O.E.M.,United States
PHM,PulteGroup Inc. Common Stock,21755741792.0,Consumer Discretionary,Homebuilding,United States
PHVS,Pharvaris N.V. Ordinary Shares,2209819889.0,Health Care,Biotechnology: Pharmaceutical Preparations,Netherlands
PI,Impinj Inc. Common Stock,5478100707.0,Technology,Industrial Machinery/Components,United States
PII,Polaris Inc. Common Stock,2967518777.0,Consumer Discretionary,Industrial Specialties,United States
PINS,Pinterest Inc. Class A Common Stock,10697653080.0,Technology,Computer Software: Programming Data Processing,United States
PIPR,Piper Sandler Companies Common Stock,4662119097.0,Finance,Investment Bankers/Brokers/Service,United States
PJT,PJT Partners Inc. Class A Common Stock,5852766720.0,Finance,Investment Managers,United States
PK,Park Hotels & Resorts Inc. Common Stock ,3104637049.0,Consumer Discretionary,Hotels/Resorts,United States
PKG,Packaging Corporation of America Common Stock,20426676029.0,Consumer Discretionary,Containers/Packaging,United States
PL,Planet Labs PBC Class A Common Stock,5963468540.0,Technology,Radio And Television Broadcasting And Communications Equipment,United States
PLBL,Polibeli Group Ltd Class A Ordinary Shares,2040778208.0,Consumer Discretionary,Consumer Electronics/Appliances,Indonesia
PLD,Prologis Inc. Common Stock,123098187840.0,Real Estate,Real Estate Investment Trusts,United States
PLGO,Pelagos Insurance Capital Limited Common Shares,2046120231.0,Finance,Property-Casualty Insurers,Bermuda
PLMR,Palomar Holdings Inc. Common stock,3244707137.0,Finance,Property-Casualty Insurers,United States
PLNT,Planet Fitness Inc. Common Stock,3175660262.0,Consumer Discretionary,Hotels/Resorts,United States
PLSE,Pulse Biosciences Inc Common Stock (DE),3560424541.0,Health Care,Medical/Dental Instruments,United States
PLTR,Palantir Technologies Inc. Class A Common Stock,449304103434.0,Technology,Computer Software: Prepackaged Software,United States
PLUG,Plug Power Inc. Common Stock,2710558839.0,Energy,Industrial Machinery/Components,United States
PLUS,ePlus inc. Common Stock,2348398524.0,Technology,Retail: Computer Software & Peripheral Equipment,United States
PLXS,Plexus Corp. Common Stock,6954865234.0,Technology,Electrical Products,United States
PM,Philip Morris International Inc Common Stock,297414616430.0,Health Care, Medicinal Chemicals and Botanical Products ,United States
PNC,PNC Financial Services Group Inc. (The) Common Stock,88669219427.0,Finance,Major Banks,United States
PNFP,Pinnacle Financial Partners Inc. Common stock,14145654230.0,Finance,Major Banks,United States
PNR,Pentair plc. Ordinary Share,8459214971.0,Industrials,Industrial Machinery/Components,Switzerland
PNW,Pinnacle West Capital Corporation Common Stock,11276190651.0,Utilities,Electric Utilities: Central,United States
PODD,Insulet Corporation Common Stock,9048642344.0,Health Care,Medical/Dental Instruments,United States
POOL,Pool Corporation Common Stock,5882476717.0,Consumer Discretionary,Industrial Specialties,United States
POR,Portland General Electric Co Common Stock,5248833436.0,Utilities,Electric Utilities: Central,United States
POST,Post Holdings Inc. Common Stock,3202253244.0,Consumer Staples,Packaged Foods,United States
POWI,Power Integrations Inc. Common Stock,2894236836.0,Technology,Semiconductors,United States
POWL,Powell Industries Inc. Common Stock,6720715081.0,Energy,Electrical Products,United States
PPC,Pilgrim's Pride Corporation Common Stock,6431311233.0,Consumer Staples,Meat/Poultry/Fish,United States
PPG,PPG Industries Inc. Common Stock,23192559000.0,Consumer Discretionary,Paints/Coatings,United States
PPL,PPL Corporation Common Stock,24751199820.0,Utilities,Electric Utilities: Central,United States
PPLI,People Incorporated Common Stock,3124506293.0,Technology,Computer Software: Programming Data Processing,United States
PPTA,Perpetua Resources Corp. Common Shares,2698316471.0,Basic Materials,Precious Metals,Canada
PR,Permian Resources Corporation Class A Common Stock,17689204452.0,Energy,Oil & Gas Production,United States
PRAX,Praxis Precision Medicines Inc. Common Stock,8131138105.0,Health Care,Biotechnology: Pharmaceutical Preparations,United States
PRCH,Porch Group Inc. Common Stock,2196321853.0,Technology,Computer Software: Prepackaged Software,United States
PRGO,Perrigo Company plc Ordinary Shares,2048234056.0,Health Care,Biotechnology: Pharmaceutical Preparations,United States
PRI,Primerica Inc. Common Stock,8383442367.0,Finance,Life Insurance,United States
PRIM,Primoris Services Corporation Common Stock,4011585008.0,Industrials,Water Sewer Pipeline Comm & Power Line Construction,United States
PRK,Park National Corporation Common Stock,3227343004.0,Finance,Major Banks,United States
PRLB,Proto Labs Inc. Common stock,2268991930.0,Industrials,Metal Fabrications,United States
PRM,Perimeter Solutions SA Common Stock,4308239813.0,Industrials,Major Chemicals,Luxembourg
PRMB,Primo Brands Corporation Class A Common Stock,6902844557.0,Consumer Staples,Beverages (Production/Distribution),United States
PRU,Prudential Financial Inc. Common Stock,39185100000.0,Finance,Life Insurance,United States
PRVA,Privia Health Group Inc. Common Stock,2515086536.0,Health Care,Medical/Nursing Services,United States
PS,Pershing Square Inc. Common Stock,22376000000.0,Finance,Investment Managers,
PSA,Public Storage Common Stock,49672681541.0,Real Estate,Real Estate Investment Trusts,United States
PSKY,Paramount Skydance Corporation Class B Common Stock,11589699897.0,Industrials,Broadcasting,United States
PSMT,PriceSmart Inc. Common Stock,5218823214.0,Consumer Discretionary,Department/Specialty Retail Stores,United States
PSN,Parsons Corporation Common Stock,4375816992.0,Technology,EDP Services,United States
PSO,Pearson Plc Common Stock,9657604283.0,Consumer Discretionary,Books,United Kingdom
PSX,Phillips 66 Common Stock,101874030064.0,Energy,Integrated oil Companies,United States
PTC,PTC Inc. Common Stock,15223428418.0,Technology,Computer Software: Prepackaged Software,United States
PTCT,PTC Therapeutics Inc. Common Stock,5406590754.0,Health Care,Biotechnology: Pharmaceutical Preparations,United States
PTEN,Patterson-UTI Energy Inc. Common Stock,4164722824.0,Energy,Oil & Gas Production,United States
PTGX,Protagonist Therapeutics Inc. Common Stock,9116750274.0,Health Care,Biotechnology: Pharmaceutical Preparations,United States
PTON,Peloton Interactive Inc. Class A Common Stock,2189970287.0,Consumer Discretionary,Recreational Games/Products/Toys,United States
PTRN,Pattern Group Inc. Series A Common Stock,3044168367.0,Consumer Discretionary,Catalog/Specialty Distribution,United States
PUK,Prudential Public Limited Company Common Stock,30919998166.0,Finance,Life Insurance,United Kingdom
PURR,Hyperliquid Strategies Inc Common Stock,2919269664.0,Finance,Finance: Consumer Services,United States
PVH,PVH Corp. Common Stock,3416506534.0,Industrials,Garments and Clothing,United States
PWR,Quanta Services Inc. Common Stock,94660856305.0,Industrials,Engineering & Construction,United States
PYPL,PayPal Holdings Inc. Common Stock,44937359711.0,Industrials,Diversified Commercial Services,United States
Q,Qnity Electronics Inc. Common Stock,26305882197.0,Technology,Semiconductors,United States
QBTS,D-Wave Quantum Inc. Common Stock,6290413226.0,Technology,EDP Services,United States
QCOM,QUALCOMM Incorporated Common Stock,193285050821.0,Technology,Radio And Television Broadcasting And Communications Equipment,United States
QGEN,Qiagen N.V. Common Shares,9017831191.0,Health Care,Biotechnology: Biological Products (No Diagnostic Substances),Netherlands
QLYS,Qualys Inc. Common Stock,6476184187.0,Technology,Computer Software: Prepackaged Software,United States
QNT,Quantinuum Inc. Class A Common Stock,12654589305.0,Technology,EDP Services,United States
QRVO,Qorvo Inc. Common Stock,10099612546.0,Technology,Semiconductors,United States
QS,QuantumScape Corporation Class A Common Stock,2875782240.0,Miscellaneous,Industrial Machinery/Components,United States
QSR,Restaurant Brands International Inc. Common Shares,32306492114.0,Consumer Discretionary,Restaurants,Canada
QTWO,Q2 Holdings Inc. Common Stock,3456944291.0,Technology,Computer Software: Prepackaged Software,United States
QXO,QXO Inc. Common Stock,12128266388.0,Consumer Discretionary,RETAIL: Building Materials,United States
R,Ryder System Inc. Common Stock,8737717342.0,Consumer Discretionary,Rental/Leasing Companies,United States
RACE,Ferrari N.V. Common Shares,91905110182.0,Industrials,Auto Manufacturing,Italy
RAL,Ralliant Corporation Common Stock,7652969353.0,Industrials,Industrial Machinery/Components,United States
RAMP,LiveRamp Holdings Inc. Common Stock,2281027725.0,Technology,EDP Services,United States
RBA,RB Global Inc. Common Stock,14775255979.0,Consumer Discretionary,Business Services,Canada
RBC,RBC Bearings Incorporated Common Stock,15805244881.0,Industrials,Metal Fabrications,United States
RBLX,Roblox Corporation Class A Common Stock,30268108620.0,Technology,Computer Software: Prepackaged Software,United States
RBRK,Rubrik Inc. Class A Common Stock,23730138446.0,Technology,Computer Software: Prepackaged Software,United States
RCI,Rogers Communication Inc. Common Stock,16638907762.0,Telecommunications,Cable & Other Pay Television Services,Canada
RCL,Royal Caribbean Cruises Ltd. Common Stock,71104811052.0,Consumer Discretionary,Marine Transportation,United States
RCUS,Arcus Biosciences Inc. Common Stock,3289021102.0,Health Care,Biotechnology: Pharmaceutical Preparations,United States
RDDT,Reddit Inc. Class A Common Stock,27404958884.0,Technology,EDP Services,United States
RDN,Radian Group Inc. Common Stock,4049743344.0,Finance,Property-Casualty Insurers,United States
RDNT,RadNet Inc. Common Stock,5425388898.0,Health Care,Medical Specialities,United States
RDW,Redwire Corporation Common Stock,2609922838.0,Industrials,Military/Government/Technical,United States
RDY,Dr. Reddy's Laboratories Ltd Common Stock,10533370961.0,Health Care,Biotechnology: Pharmaceutical Preparations,India
REG,Regency Centers Corporation Common Stock,13162704918.0,Real Estate,Real Estate Investment Trusts,United States
REGN,Regeneron Pharmaceuticals Inc. Common Stock,78067678751.0,Health Care,Biotechnology: Pharmaceutical Preparations,United States
RELY,Remitly Global Inc. Common Stock,4517337712.0,Consumer Discretionary,Business Services,United States
REXR,Rexford Industrial Realty Inc. Common Stock,8087779257.0,Real Estate,Real Estate Investment Trusts,United States
REYN,Reynolds Consumer Products Inc. Common Stock,4557301031.0,Consumer Discretionary,Containers/Packaging,United States
REZI,Resideo Technologies Inc. Common Stock ,2756029911.0,Industrials,Wholesale Distributors,United States
RF,Regions Financial Corporation Common Stock,22899865121.0,Finance,Major Banks,United States
RGA,Reinsurance Group of America Incorporated Common Stock,16079881990.0,Finance,Life Insurance,United States
RGC,Regencell Bioscience Holdings Limited Ordinary Shares,3075721008.0,Health Care, Medicinal Chemicals and Botanical Products ,Hong Kong
RGEN,Repligen Corporation Common Stock,9404532303.0,Health Care,Biotechnology: Biological Products (No Diagnostic Substances),United States
RGLD,Royal Gold Inc. Common Stock,19995774252.0,Industrials,Precious Metals,United States
RGTI,Rigetti Computing Inc. Common Stock,5253520078.0,Technology,EDP Services,United States
RH,RH Common Stock,2305112108.0,Consumer Discretionary,Other Specialty Stores,United States
RHI,Robert Half Inc. Common Stock,3761797179.0,Consumer Discretionary,Professional Services,United States
RHP,Ryman Hospitality Properties Inc. (REIT),8245580423.0,Real Estate,Real Estate Investment Trusts,United States
RIG,Transocean Ltd (Switzerland) Common Stock,5852451645.0,Energy,Oil & Gas Production,Switzerland
RIO,Rio Tinto Plc Common Stock,118281153455.0,Basic Materials,Metal Mining,Australia
RIOT,Riot Platforms Inc. Common Stock ,7561467540.0,Finance,Finance: Consumer Services,United States
RITM,Rithm Capital Corp. Common Stock,4986574787.0,Real Estate,Real Estate Investment Trusts,United States
RIVN,Rivian Automotive Inc. Class A Common Stock,21631037812.0,Industrials,Auto Manufacturing,United States
RJF,Raymond James Financial Inc. Common Stock,30396997572.0,Finance,Investment Bankers/Brokers/Service,United States
RKLB,Rocket Lab Corporation Common Stock,43742298614.0,Industrials,Military/Government/Technical,United States
RKT,Rocket Companies Inc. Class A Common Stock,32592204266.0,Finance,Finance: Consumer Services,United States
RL,Ralph Lauren Corporation Common Stock,21155865602.0,Industrials,Garments and Clothing,United States
RLAY,Relay Therapeutics Inc. Common Stock,3955506440.0,Health Care,Biotechnology: Biological Products (No Diagnostic Substances),United States
RLI,RLI Corp. Common Stock (DE),5075962971.0,Finance,Property-Casualty Insurers,United States
RMBS,Rambus Inc. Common Stock,11579360736.0,Technology,Semiconductors,United States
RMD,ResMed Inc. Common Stock,31894184857.0,Health Care,Medical/Dental Instruments,United States
RNG,RingCentral Inc. Class A Common Stock,6237910301.0,Technology,EDP Services,United States
RNR,RenaissanceRe Holdings Ltd. Common Stock,13223058909.0,Finance,Property-Casualty Insurers,Bermuda
RNST,Renasant Corporation Common Stock,3553805599.0,Finance,Major Banks,United States
RNW,ReNew Energy Global plc Class A Ordinary Shares,2492514386.0,Utilities,Electric Utilities: Central,United Kingdom
ROAD,Construction Partners Inc. Class A Common Stock,5165431187.0,Industrials,Military/Government/Technical,United States
ROG,Rogers Corporation Common Stock,2733676572.0,Industrials,Major Chemicals,United States
ROIV,Roivant Sciences Ltd. Common Shares,26415352659.0,Health Care,Biotechnology: Pharmaceutical Preparations,United Kingdom
ROK,Rockwell Automation Inc. Common Stock,48440889959.0,Industrials,Industrial Machinery/Components,United States
ROKU,Roku Inc. Class A Common Stock,22601240599.0,Telecommunications,Cable & Other Pay Television Services,United States
ROL,Rollins Inc. Common Stock,14492099568.0,Consumer Discretionary,Diversified Commercial Services,United States
ROP,Roper Technologies Inc. Common Stock,34556954384.0,Industrials,Industrial Machinery/Components,United States
ROST,Ross Stores Inc. Common Stock,74560355874.0,Consumer Discretionary,Clothing/Shoe/Accessory Stores,United States
RPM,RPM International Inc. Common Stock,12604245122.0,Consumer Discretionary,Paints/Coatings,United States
RPRX,Royalty Pharma plc Class A Ordinary Shares ,33557070265.0,Health Care,Biotechnology: Pharmaceutical Preparations,United States
RRC,Range Resources Corporation Common Stock,8655489236.0,Energy,Oil & Gas Production,United States
RRR,Red Rock Resorts Inc. Class A Common Stock,5202502003.0,Consumer Discretionary,Hotels/Resorts,United States
RRX,Regal Rexnord Corporation Common Stock,10329064490.0,Industrials,Industrial Machinery/Components,United States
RS,Reliance Inc. Common Stock,19643240036.0,Industrials,Metal Fabrications,United States
RSG,Republic Services Inc. Common Stock,64264917693.0,Utilities,Environmental Services,United States
RSI,Rush Street Interactive Inc. Class A Common Stock,4711952368.0,Consumer Discretionary,Services-Misc. Amusement & Recreation,United States
RTX,RTX Corporation Common Stock,250211299434.0,Industrials,Aerospace,United States
RUM,RUM Group Inc. Class A Common Stock,3748325067.0,Technology,Computer Software: Programming Data Processing,United States
RUSHA,Rush Enterprises Inc. Common Stock Cl A,5347417654.0,Consumer Discretionary,Retail-Auto Dealers and Gas Stations,United States
RUSHB,Rush Enterprises Inc. Class B,6292933546.0,Consumer Discretionary,Retail-Auto Dealers and Gas Stations,United States
RVMD,Revolution Medicines Inc. Common Stock,43994693159.0,Health Care,Biotechnology: Biological Products (No Diagnostic Substances),United States
RVTY,Revvity Inc. Common Stock,17060444849.0,Industrials,Biotechnology: Laboratory Analytical Instruments,United States
RXO,RXO Inc. Common Stock,3374388579.0,Consumer Discretionary,Transportation Services,United States
RXRX,Recursion Pharmaceuticals Inc. Class A Common Stock,2210963162.0,Health Care,Biotechnology: Biological Products (No Diagnostic Substances),United States
RY,Royal Bank Of Canada Common Stock,272165054185.0,Finance,Commercial Banks,Canada
RYAN,Ryan Specialty Holdings Inc. Class A Common Stock,9465147045.0,Finance,Specialty Insurers,United States
RYN,Rayonier Inc. REIT Common Stock,5463335463.0,Real Estate,Real Estate Investment Trusts,United States
RYTM,Rhythm Pharmaceuticals Inc. Common Stock,6555750988.0,Health Care,Biotechnology: Pharmaceutical Preparations,United States
S,SentinelOne Inc. Class A Common Stock,8269647020.0,Technology,Computer Software: Prepackaged Software,United States
SA,Seabridge Gold Inc. Common Shares New,3057070261.0,Basic Materials,Precious Metals,Canada
SAIA,Saia Inc. Common Stock,8902397691.0,Industrials,Trucking Freight/Courier Services,United States
SAIC,Science Applications International Corporation Common Stock,5344462321.0,Technology,EDP Services,United States
SAIL,SailPoint Inc. Common Stock,11623760848.0,Technology,Computer Software: Prepackaged Software,United States
SAN,Banco Santander S.A. Sponsored ADR (Spain),200185217656.0,Finance,Commercial Banks,Spain
SANM,Sanmina Corporation Common Stock,11518607778.0,Technology,Electrical Products,United States
SAP,SAP  SE ADS,256118562287.0,Technology,Computer Software: Prepackaged Software,Germany
SARO,StandardAero Inc. Common Stock,7065129852.0,Industrials,Aerospace,United States
SBAC,SBA Communications Corporation Class A Common Stock,16986828173.0,Real Estate,Real Estate Investment Trusts,United States
SBCF,Seacoast Banking Corporation of Florida Common Stock,3081869692.0,Finance,Major Banks,United States
SBET,Sharplink Inc. Common Stock,2015835045.0,Technology,Computer Software: Prepackaged Software,United States
SBLK,Star Bulk Carriers Corp. Common Shares,3274525204.0,Consumer Discretionary,Marine Transportation,Greece
SBRA,Sabra Health Care REIT Inc. Common Stock,5037725548.0,Real Estate,Real Estate Investment Trusts,United States
SBSW,D/B/A Sibanye-Stillwater Limited ADS,7225022941.0,Basic Materials,Precious Metals,South Africa
SBUX,Starbucks Corporation Common Stock,107114400000.0,Consumer Discretionary,Restaurants,United States
SCCO,Southern Copper Corporation Common Stock,169068976904.0,Basic Materials,Metal Mining,United States
SCHW,Charles Schwab Corporation (The) Common Stock,169025272686.0,Finance,Investment Bankers/Brokers/Service,United States
SCI,Service Corporation International Common Stock,10403572945.0,Consumer Discretionary,Other Consumer Services,United States
SDGR,Schrodinger Inc. Common Stock,2322714749.0,Health Care,Biotechnology: Pharmaceutical Preparations,United States
SDRL,Seadrill Limited Common Shares,2793726259.0,Energy,Oil & Gas Production,Bermuda
SEB,Seaboard Corporation Common Stock,3781370712.0,Industrials,Farming/Seeds/Milling,United States
SECZ,Securitize Corp. Common Stock,2382046344.0,Finance,Finance: Consumer Services,
SEI,Solaris Energy Infrastructure Inc. Class A Common Stock,5449995783.0,Consumer Discretionary,Oil and Gas Field Machinery,United States
SEIC,SEI Investments Company Common Stock,12321169224.0,Finance,Investment Bankers/Brokers/Service,United States
SEZL,Sezzle Inc. Common Stock,3638248513.0,Finance,Finance: Consumer Services,United States
SF,Stifel Financial Corporation Common Stock,10576161449.0,Finance,Investment Bankers/Brokers/Service,United States
SFBS,ServisFirst Bancshares Inc. Common Stock,4371613900.0,Finance,Major Banks,United States
SFD,Smithfield Foods Inc. Common Stock,7371326308.0,Consumer Staples,Meat/Poultry/Fish,United States
SFM,Sprouts Farmers Market Inc. Common Stock,6186979919.0,Consumer Staples,Food Chains,United States
SFNC,Simmons First National Corporation Class A Common Stock,3263121356.0,Finance,Major Banks,United States
SGHC,Super Group (SGHC) Limited Ordinary Shares,5766671544.0,Consumer Discretionary,Services-Misc. Amusement & Recreation,
SGI,Somnigroup International Inc. Common Stock,14300156091.0,Consumer Discretionary,Home Furnishings,United States
SHAK,Shake Shack Inc. Class A Common Stock,2511441682.0,Consumer Discretionary,Restaurants,United States
SHC,Sotera Health Company Common Stock,5276579960.0,Health Care,Misc Health and Biotechnology Services,United States
SHO,Sunstone Hotel Investors Inc. Sunstone Hotel Investors Inc. Common Shares,2084431579.0,Consumer Discretionary,Hotels/Resorts,United States
SHOO,Steven Madden Ltd. Common Stock,3276138543.0,Consumer Discretionary,Shoe Manufacturing,United States
SHOP,Shopify Inc. Class A Subordinate Voting Shares,192168775008.0,Technology,Computer Software: Prepackaged Software,Canada
SHW,Sherwin-Williams Company (The) Common Stock,78476427474.0,Consumer Discretionary,RETAIL: Building Materials,United States
SIG,Signet Jewelers Limited Common Shares,3921003476.0,Consumer Discretionary,Consumer Specialties,Bermuda
SIGI,Selective Insurance Group Inc. Common Stock,4979978348.0,Finance,Property-Casualty Insurers,United States
SII,Sprott Inc. Common Shares,3080004000.0,Finance,Finance: Consumer Services,
SIND,Sinda Ltd. Common Stock,2191314213.0,Basic Materials,Precious Metals,
SIRI,SiriusXM Holdings Inc. Common Stock,8723291139.0,Consumer Discretionary,Broadcasting,United States
SITE,SiteOne Landscape Supply Inc. Common Stock,3942518271.0,Consumer Discretionary,Professional and commerical equipment,United States
SITM,SiTime Corporation Common Stock,19607217603.0,Technology,Semiconductors,United States
SJM,The J.M. Smucker Company Common Stock,12702344691.0,Consumer Staples,Packaged Foods,United States
SKE,Skeena Resources Limited Common Shares,3730006220.0,Basic Materials,Precious Metals,
SKM,SK Telecom Co. Ltd. Common Stock,13390777800.0,Telecommunications,Telecommunications Equipment,South Korea
SKT,Tanger Inc. Common Stock,3940349323.0,Real Estate,Real Estate Investment Trusts,United States
SKWD,Skyward Specialty Insurance Group Inc. Common Stock,2344134830.0,Finance,Property-Casualty Insurers,United States
SKY,Champion Homes Inc. Common Stock,4651807484.0,Consumer Discretionary,Homebuilding,United States
SKYW,SkyWest Inc. Common Stock,3763241259.0,Consumer Discretionary,Air Freight/Delivery Services,United States
SLAB,Silicon Laboratories Inc. Common Stock,7393406902.0,Technology,Semiconductors,United States
SLB,SLB Limited Common Shares,72307458214.0,Energy,Oilfield Services/Equipment,France
SLDE,Slide Insurance Holdings Inc. Common Stock,2606069451.0,Finance,Property-Casualty Insurers,United States
SLF,Sun Life Financial Inc. Common Stock,43418748768.0,Finance,Life Insurance,Canada
SLG,SL Green Realty Corp Common Stock,3465977450.0,Real Estate,Real Estate Investment Trusts,United States
SLGN,Silgan Holdings Inc. Common Stock,3672450195.0,Industrials,Containers/Packaging,United States
SLM,SLM Corporation Common Stock,4253239660.0,Finance,Finance: Consumer Services,United States
SLS,SELLAS Life Sciences Group Inc. Common Stock,2485951678.0,Health Care,Biotechnology: Pharmaceutical Preparations,United States
SM,SM Energy Company Common Stock,8034710417.0,Energy,Oil & Gas Production,United States
SMCI,Super Micro Computer Inc. Common Stock,26981568321.0,Technology,Computer Manufacturing,United States
SMG,Scotts Miracle-Gro Company (The) Common Stock,2917417930.0,Industrials,Agricultural Chemicals,United States
SMMT,Summit Therapeutics Inc. Common Stock ,13489945770.0,Health Care,Biotechnology: Pharmaceutical Preparations,United States
SMR,NuScale Power Corporation Class A Common Stock,3394813849.0,Industrials,Metal Fabrications,United States
SMTC,Semtech Corporation Common Stock,16644625397.0,Technology,Semiconductors,United States
SN,SharkNinja Inc. Ordinary Shares,25373783946.0,Consumer Discretionary,Consumer Electronics/Appliances,United States
SNA,Snap-On Incorporated Common Stock,18795050505.0,Consumer Discretionary,Industrial Machinery/Components,United States
SNAP,Snap Inc. Class A Common Stock,9132467645.0,Technology,Computer Software: Programming Data Processing,United States
SNDK,Sandisk Corporation Common Stock,254752955650.0,Technology,Electronic Components,United States
SNDR,Schneider National Inc. Common Stock,5583333633.0,Industrials,Trucking Freight/Courier Services,United States
SNEX,StoneX Group Inc. Common Stock,7796665750.0,Finance,Investment Bankers/Brokers/Service,United States
SNN,Smith & Nephew SNATS Inc. Common Stock,11288382885.0,Health Care,Industrial Specialties,United Kingdom
SNOW,Snowflake Inc. Common Stock,119796768000.0,Technology,Computer Software: Prepackaged Software,United States
SNPS,Synopsys Inc. Common Stock,83350442811.0,Technology,Computer Software: Prepackaged Software,United States
SNX,TD SYNNEX Corporation Common Stock,20537405451.0,Technology,Retail: Computer Software & Peripheral Equipment,United States
SNY,Sanofi ADS,100553958336.0,Health Care,Biotechnology: Pharmaceutical Preparations,France
SO,Southern Company (The) Common Stock,95353586252.0,Utilities,Electric Utilities: Central,United States
SOBO,South Bow Corporation Common Shares,6910408693.0,Energy,Natural Gas Distribution,Canada
SOFI,SoFi Technologies Inc. Common Stock  ,20303485493.0,Finance,Finance: Consumer Services,United States
SOLS,Solstice Advanced Materials Inc. Common Stock ,8946283822.0,Industrials,Major Chemicals,United States
SOLV,Solventum Corporation Common Stock,15005221711.0,Health Care,Medical/Dental Instruments,United States
SON,Sonoco Products Company Common Stock,4827077646.0,Consumer Discretionary,Containers/Packaging,United States
SONO,Sonos Inc. Common Stock,2116279284.0,Consumer Staples,Consumer Electronics/Appliances,United States
SOUN,SoundHound AI Inc Class A Common Stock,2895648192.0,Technology,Computer Software: Prepackaged Software,United States
SPCX,Space Exploration Technologies Corp. Class A Common Stock,2047595870348.0,Technology,Computer Software: Programming Data Processing,United States
SPG,Simon Property Group Inc. Common Stock,64956202151.0,Real Estate,Real Estate Investment Trusts,United States
SPGI,S&P Global Inc. Common Stock,116289756000.0,Finance,Finance: Consumer Services,United States
SPHR,Sphere Entertainment Co. Class A Common Stock,4828225325.0,Consumer Discretionary,Services-Misc. Amusement & Recreation,United States
SPNT,SiriusPoint Ltd. Common Shares,2817001638.0,Finance,Property-Casualty Insurers,Bermuda
SPOT,Spotify Technology S.A. Ordinary Shares,100318657009.0,Consumer Discretionary,Broadcasting,Luxembourg
SPSC,SPS Commerce Inc. Common Stock,2967854345.0,Technology,Computer Software: Prepackaged Software,United States
SPXC,SPX Technologies Inc. Common Stock,8492558422.0,Industrials,Industrial Machinery/Components,United States
SQM,Sociedad Quimica y Minera S.A. Common Stock,18529324605.0,Industrials,Mining & Quarrying of Nonmetallic Minerals (No Fuels),Chile
SR,Spire Inc. Common Stock,4497893485.0,Utilities,Oil/Gas Transmission,United States
SRAD,Sportradar Group AG Class A Ordinary Shares,3603915128.0,Technology,Computer Software: Programming Data Processing,Switzerland
SRCE,1st Source Corporation Common Stock,2034914297.0,Finance,Major Banks,United States
SRE,DBA Sempra Common Stock,50978071130.0,Utilities,Natural Gas Distribution,United States
SRRK,Scholar Rock Holding Corporation Common Stock,5884664826.0,Health Care,Biotechnology: Biological Products (No Diagnostic Substances),United States
SSB,SouthState Bank Corporation Common Stock,9654784605.0,Finance,Major Banks,United States
SSD,Simpson Manufacturing Company Inc. Common Stock,7003462460.0,Consumer Discretionary,Industrial Machinery/Components,United States
SSMR,Sunshine Silver Mining & Refining Company Common Stock,2115655596.0,Basic Materials,Precious Metals,
SSNC,SS&C Technologies Holdings Inc. Common Stock,18084860542.0,Technology,Computer Software: Prepackaged Software,United States
SSRM,SSR Mining Inc. Common Stock,6794258276.0,Industrials,Precious Metals,Canada
ST,Sensata Technologies Holding plc Ordinary Shares,6048470425.0,Industrials,Industrial Machinery/Components,Netherlands
STAG,Stag Industrial Inc. Common Stock,6904466261.0,Real Estate,Real Estate Investment Trusts,United States
STE,STERIS plc (Ireland) Ordinary Shares,20475998101.0,Health Care,Industrial Specialties,United States
STEP,StepStone Group Inc. Class A Common Stock,5237367391.0,Finance,Investment Managers,United States
STLA,Stellantis N.V. Common Shares,12633026735.0,Industrials,Auto Manufacturing,United Kingdom
STLD,Steel Dynamics Inc.,31762937582.0,Industrials,Steel/Iron Ore,United States
STM,STMicroelectronics N.V. Common Stock,47626212246.0,Technology,Semiconductors,Switzerland
STN,Stantec Inc Common Stock,7571243994.0,Consumer Discretionary,Military/Government/Technical,Canada
STNE,StoneCo Ltd. Class A Common Shares,2304314990.0,Technology,EDP Services,Brazil
STNG,Scorpio Tankers Inc. Common Shares,4332545523.0,Consumer Discretionary,Marine Transportation,Monaco
STRL,Sterling Infrastructure Inc. Common Stock,15042821382.0,Industrials,Military/Government/Technical,United States
STT,State Street Corporation Common Stock,47960181151.0,Finance,Major Banks,United States
STUB,StubHub Holdings Inc. Class A Common Stock,2132062010.0,Consumer Discretionary,Services-Misc. Amusement & Recreation,United States
STVN,Stevanato Group S.p.A. Ordinary Shares,5727617500.0,Health Care,Medical/Dental Instruments,Italy
STWD,STARWOOD PROPERTY TRUST INC. Starwood Property Trust Inc.,4997280825.0,Real Estate,Real Estate Investment Trusts,United States
STX,Seagate Technology Holdings PLC Ordinary Shares (Ireland),210956268329.0,Technology,Electronic Components,Ireland
STZ,Constellation Brands Inc. Common Stock,19308209748.0,Consumer Staples,Beverages (Production/Distribution),United States
SU,Suncor Energy  Inc. Common Stock,79382761766.0,Energy,Integrated oil Companies,Canada
SUI,Sun Communities Inc. Common Stock,13493110016.0,Real Estate,Real Estate Investment Trusts,United States
SUNB,Sunbelt Rentals Holdings Inc. Common Stock,29998888109.0,Consumer Discretionary,Diversified Commercial Services,
SUPN,Supernus Pharmaceuticals Inc. Common Stock,2501786640.0,Health Care,Biotechnology: Pharmaceutical Preparations,United States
SVM,Silvercorp Metals Inc. Common Shares,2360360230.0,Basic Materials,Precious Metals,Canada
SW,Smurfit WestRock plc Ordinary Shares,23131460243.0,Consumer Discretionary,Containers/Packaging,Ireland
SWK,Stanley Black & Decker Inc. Common Stock,13378564226.0,Consumer Discretionary,Industrial Machinery/Components,United States
SWKS,Skyworks Solutions Inc. Common Stock,12862413405.0,Technology,Semiconductors,United States
SWX,Southwest Gas Holdings Inc. Common Stock (DE),5907234854.0,Utilities,Oil & Gas Production,United States
SXI,Standex International Corporation Common Stock,3353576833.0,Industrials,Industrial Machinery/Components,United States
SXT,Sensient Technologies Corporation Common Stock,5563810654.0,Industrials,Major Chemicals,United States
SYBT,Stock Yards Bancorp Inc. Common Stock,2394927509.0,Finance,Major Banks,United States
SYF,Synchrony Financial Common Stock,26404924182.0,Finance,Finance: Consumer Services,United States
SYK,Stryker Corporation Common Stock,105632181138.0,Health Care,Medical/Dental Instruments,United States
SYM,Symbotic Inc. Class A Common Stock,25444007856.0,Industrials,Industrial Machinery/Components,United States
SYNA,Synaptics Incorporated Common Stock $0.001 Par Value,4024612216.0,Technology,Semiconductors,United States
SYRE,Spyre Therapeutics Inc. Common Stock,7850110031.0,Health Care,Biotechnology: Pharmaceutical Preparations,United States
SYY,Sysco Corporation Common Stock,38349612322.0,Consumer Discretionary,Food Distributors,United States
T,AT&T Inc.,167198209860.0,Telecommunications,Telecommunications Equipment,United States
TAC,TransAlta Corporation Ordinary Shares,3817280000.0,Utilities,Electric Utilities: Central,Canada
TALO,Talos Energy Inc. Common Stock,2726546092.0,Energy,Oil & Gas Production,United States
TAP,Molson Coors Beverage Company Class B Common Stock,6799974937.0,Consumer Staples,Beverages (Production/Distribution),Canada
TARS,Tarsus Pharmaceuticals Inc. Common Stock,3678294594.0,Health Care,Biotechnology: Biological Products (No Diagnostic Substances),United States
TBBB,BBB Foods Inc. Class A Common Shares,6204000323.0,Consumer Staples,Food Chains,Mexico
TCBI,Texas Capital Bancshares Inc. Common Stock,4043985804.0,Finance,Major Banks,United States
TD,Toronto Dominion Bank (The) Common Stock,192560799410.0,Finance,Commercial Banks,Canada
TDC,Teradata Corporation Common Stock,2682120000.0,Technology,Computer Software: Prepackaged Software,United States
TDG,Transdigm Group Incorporated Common Stock,59842365965.0,Industrials,Military/Government/Technical,United States
TDS,Telephone and Data Systems Inc. Common Shares,3904192000.0,Telecommunications,Telecommunications Equipment,United States
TDW,Tidewater Inc. Common Stock,4035230334.0,Consumer Discretionary,Marine Transportation,United States
TDY,Teledyne Technologies Incorporated Common Stock,28129085933.0,Industrials,Industrial Machinery/Components,United States
TEAM,Atlassian Corporation Class A Common Stock,45385258141.0,Technology,Computer Software: Prepackaged Software,Australia
TECH,Bio-Techne Corp Common Stock,11364617708.0,Health Care,Biotechnology: Biological Products (No Diagnostic Substances),United States
TECK,Teck Resources Ltd Ordinary Shares,32207022786.0,Industrials,Mining & Quarrying of Nonmetallic Minerals (No Fuels),Canada
TEL,TE Connectivity plc Ordinary Shares,61110452166.0,Technology,Electronic Components,Ireland
TEM,Tempus AI Inc. Class A Common Stock,14869449095.0,Technology,Computer Software: Programming Data Processing,United States
TENB,Tenable Holdings Inc. Common Stock,4007993981.0,Technology,Computer Software: Prepackaged Software,United States
TEO,Telecom Argentina SA,5285150377.0,Telecommunications,Telecommunications Equipment,Argentina
TER,Teradyne Inc. Common Stock,62678570083.0,Industrials,Electrical Products,United States
TEVA,Teva Pharmaceutical Industries Limited Ordinary Shares,46145724926.0,Health Care,Biotechnology: Pharmaceutical Preparations,Israel
TEX,Terex Corporation Common Stock,6012180000.0,Industrials,Construction/Ag Equipment/Trucks,United States
TFC,Truist Financial Corporation Common Stock,56561292504.0,Finance,Major Banks,United States
TFII,TFI International Inc. Common Shares,9851297116.0,Industrials,Trucking Freight/Courier Services,Canada
TFPM,Triple Flag Precious Metals Corp. Common Shares,6365466529.0,Industrials,Precious Metals,Canada
TFSL,TFS Financial Corporation Common Stock,4543172631.0,Finance,Savings Institutions,United States
TFX,Teleflex Incorporated Common Stock,5298244521.0,Health Care,Medical/Dental Instruments,United States
TGB,Trekor Metals Limited Common Shares,3261267763.0,Basic Materials,Precious Metals,Canada
TGS,Transportadora de Gas del Sur SA TGS Common Stock,3906829901.0,Utilities,Natural Gas Distribution,Argentina
TGT,Target Corporation Common Stock,71183755564.0,Consumer Discretionary,Department/Specialty Retail Stores,United States
TGTX,TG Therapeutics Inc. Common Stock,8538191776.0,Health Care,Biotechnology: Pharmaceutical Preparations,United States
THC,Tenet Healthcare Corporation Common Stock,20577435640.0,Health Care,Hospital/Nursing Management,United States
THG,Hanover Insurance Group Inc,7455705721.0,Finance,Property-Casualty Insurers,United States
THO,Thor Industries Inc. Common Stock,3566552345.0,Industrials,Homebuilding,United States
TIGO,Millicom International Cellular S.A. Common Stock,14599507839.0,Telecommunications,Telecommunications Equipment,Luxembourg
TJX,TJX Companies Inc. (The) Common Stock,145537568011.0,Consumer Discretionary,Clothing/Shoe/Accessory Stores,United States
TKC,Turkcell Iletisim Hizmetleri AS Common Stock,4347200000.0,Telecommunications,Telecommunications Equipment,Turkey
TKO,TKO Group Holdings Inc. Class A Common Stock,34015552820.0,Consumer Discretionary,Services-Misc. Amusement & Recreation,United States
TKR,Timken Company (The) Common Stock,8090405953.0,Industrials,Metal Fabrications,United States
TLK,PT Telekomunikasi Indonesia Tbk,12630432617.0,Telecommunications,Telecommunications Equipment,Indonesia
TLN,Talen Energy Corporation Common Stock,14982309647.0,Utilities,Electric Utilities: Central,United States
TM,Toyota Motor Corporation Common Stock,238651294371.0,Industrials,Auto Manufacturing,Japan
TMDX,TransMedics Group Inc. Common Stock,2893640850.0,Health Care,Biotechnology: Electromedical & Electrotherapeutic Apparatus,United States
TMO,Thermo Fisher Scientific Inc Common Stock,249597905414.0,Industrials,Industrial Machinery/Components,United States
TMUS,T-Mobile US Inc. Common Stock,174931286648.0,Telecommunications,Telecommunications Equipment,United States
TNET,TriNet Group Inc. Common Stock,2870882315.0,Consumer Discretionary,Business Services,United States
TNGX,Tango Therapeutics Inc.,4206828657.0,Health Care,Biotechnology: Pharmaceutical Preparations,United States
TNK,Teekay Tankers Ltd.,3362532857.0,Consumer Discretionary,Marine Transportation,Bermuda
TNL,Travel   Leisure Co. Common  Stock,3786705834.0,Consumer Discretionary,Hotels/Resorts,United States
TOL,Toll Brothers Inc. Common Stock,12416808250.0,Consumer Discretionary,Homebuilding,United States
TOST,Toast Inc. Class A Common Stock,16756220000.0,Technology,EDP Services,United States
TOWN,TowneBank Common Stock,2660107815.0,Finance,Major Banks,United States
TPC,Tutor Perini Corporation Common Stock,4338003535.0,Consumer Discretionary,General Bldg Contractors - Nonresidential Bldgs,United States
TPG,TPG Inc. Class A Common Stock,16677555144.0,Finance,Investment Managers,United States
TPL,Texas Pacific Land Corporation Common Stock,22474020962.0,Energy,Oil & Gas Production,United States
TPR,Tapestry Inc. Common Stock,22979288547.0,Consumer Discretionary,Apparel,United States
TR,Tootsie Roll Industries Inc. Common Stock,2820441815.0,Consumer Staples,Specialty Foods,United States
TREX,Trex Company Inc. Common Stock,4437247676.0,Basic Materials,Forest Products,United States
TRGP,Targa Resources Inc. Common Stock,57962849287.0,Utilities,Natural Gas Distribution,United States
TRI,Thomson Reuters Corporation Common Shares,42163356000.0,Consumer Discretionary,Publishing,United States
TRLV,Trulieve Cannabis Corp. Subordinate Voting Shares,2098961792.0,Health Care, Medicinal Chemicals and Botanical Products ,
TRMB,Trimble Inc. Common Stock,13316901119.0,Industrials,Industrial Machinery/Components,United States
TRMD,TORM plc Class A Common Stock,3905862065.0,Consumer Discretionary,Marine Transportation,United Kingdom
TRMK,Trustmark Corporation Common Stock,2603303967.0,Finance,Major Banks,United States
TRN,Trinity Industries Inc. Common Stock,2034758672.0,Industrials,Railroads,United States
TRNO,Terreno Realty Corporation Common Stock,7034033511.0,Finance,Real Estate,United States
TROW,T. Rowe Price Group Inc. Common Stock,22195514193.0,Finance,Investment Managers,United States
TRP,TC Energy Corporation Common Stock,57780000000.0,Utilities,Natural Gas Distribution,Canada
TRU,TransUnion Common Stock,11710592000.0,Finance,Finance: Consumer Services,United States
TRV,The Travelers Companies Inc. Common Stock,74359081093.0,Finance,Property-Casualty Insurers,United States
TRVI,Trevi Therapeutics Inc. Common Stock,2040254043.0,Health Care,Biotechnology: Pharmaceutical Preparations,United States
TSCO,Tractor Supply Company Common Stock,16303345887.0,Consumer Discretionary,RETAIL: Building Materials,United States
TSEM,Tower Semiconductor Ltd. Ordinary Shares,25706640330.0,Technology,Semiconductors,Israel
TSLA,Tesla Inc. Common Stock,1401338910865.0,Industrials,Auto Manufacturing,United States
TSM,Taiwan Semiconductor Manufacturing Company Ltd.,2366031672156.0,Technology,Semiconductors,Taiwan
TSN,Tyson Foods Inc. Common Stock,17776530401.0,Consumer Staples,Meat/Poultry/Fish,United States
TT,Trane Technologies plc,99446075540.0,Industrials,Auto Parts:O.E.M.,Ireland
TTAM,Titan America SA Common Shares,2512860398.0,Industrials,Mining & Quarrying of Nonmetallic Minerals (No Fuels),United States
TTAN,ServiceTitan Inc. Class A Common Stock,6346623338.0,Technology,Computer Software: Prepackaged Software,United States
TTC,Toro Company (The) Common Stock,9127442907.0,Consumer Discretionary,Tools/Hardware,United States
TTD,The Trade Desk Inc. Class A Common Stock,5753916416.0,Technology,Computer Software: Programming Data Processing,United States
TTE,TotalEnergies SE Ordinary Shares,186549184242.0,Energy,Oil & Gas Production,France
TTEK,Tetra Tech Inc. Common Stock,8436663903.0,Consumer Discretionary,Military/Government/Technical,United States
TTMI,TTM Technologies Inc. Common Stock,12941054454.0,Technology,Electrical Products,United States
TTWO,Take-Two Interactive Software Inc. Common Stock,38798441923.0,Technology,Computer Software: Prepackaged Software,United States
TU,Telus Corporation Ordinary Shares,13331710000.0,Telecommunications,Telecommunications Equipment,Canada
TVTX,Travere Therapeutics Inc. Common Stock,5550092508.0,Health Care,Biotechnology: Pharmaceutical Preparations,United States
TW,Tradeweb Markets Inc. Class A Common Stock,23599409940.0,Finance,Investment Bankers/Brokers/Service,United States
TWLO,Twilio Inc. Class A Common Stock,44914608841.0,Technology,Computer Software: Prepackaged Software,United States
TWST,Twist Bioscience Corporation Common Stock,12812038864.0,Health Care,Biotechnology: Biological Products (No Diagnostic Substances),United States
TXG,10x Genomics Inc. Class A Common Stock,11773109940.0,Industrials,Biotechnology: Laboratory Analytical Instruments,United States
TXN,Texas Instruments Incorporated Common Stock,255791544372.0,Technology,Semiconductors,United States
TXNM,TXNM Energy Inc. Common Stock,6422534148.0,Utilities,Electric Utilities: Central,United States
TXRH,Texas Roadhouse Inc. Common Stock,10262302371.0,Consumer Discretionary,Restaurants,United States
TXT,Textron Inc. Common Stock,13105403075.0,Industrials,Aerospace,United States
TYL,Tyler Technologies Inc. Common Stock,13047394496.0,Technology,Computer Software: Prepackaged Software,United States
U,Unity Software Inc. Common Stock,18012840028.0,Technology,Computer Software: Prepackaged Software,United States
UAL,United Airlines Holdings Inc. Common Stock,36012569503.0,Consumer Discretionary,Air Freight/Delivery Services,United States
UBER,Uber Technologies Inc. Common Stock,139935793890.0,Consumer Discretionary,Business Services,United States
UBS,UBS Group AG Registered Ordinary Shares,149368339016.0,Finance,Major Banks,Switzerland
UBSI,United Bankshares Inc. Common Stock,6257605512.0,Finance,Major Banks,United States
UCB,United Community Banks Inc. Common Stock,4021193025.0,Finance,Major Banks,United States
UCTT,Ultra Clean Holdings Inc. Common Stock,3670155971.0,Technology,Semiconductors,United States
UDR,UDR Inc. Common Stock,10778414648.0,Real Estate,Real Estate Investment Trusts,United States
UE,Urban Edge Properties Common Shares of Beneficial Interest,2465554421.0,Finance,Real Estate,United States
UEC,Uranium Energy Corp. Common Stock,4683275084.0,Basic Materials,Other Metals and Minerals,Canada
UFPI,UFP Industries Inc. Common Stock,4259570335.0,Basic Materials,Forest Products,United States
UFPT,UFP Technologies Inc. Common Stock,2299105388.0,Health Care,Medical/Dental Instruments,United States
UGI,UGI Corporation Common Stock,7651035473.0,Utilities,Natural Gas Distribution,United States
UHAL,U-Haul Holding Company Common Stock,11696656594.0,Consumer Discretionary,Rental/Leasing Companies,United States
UHS,Universal Health Services Inc. Common Stock,10270277104.0,Health Care,Hospital/Nursing Management,United States
UI,Ubiquiti Inc. Common Stock,34351672069.0,Technology,Radio And Television Broadcasting And Communications Equipment,United States
ULS,UL Solutions Inc. Class A Common Stock,13248558112.0,Health Care,Precision Instruments,United States
ULTA,Ulta Beauty Inc. Common Stock,23352847936.0,Consumer Discretionary,Other Specialty Stores,United States
UMBF,UMB Financial Corporation Common Stock,9874263400.0,Finance,Major Banks,United States
UMC,United Microelectronics Corporation (NEW) Common Stock,61656789778.0,Technology,Semiconductors,Taiwan
UNF,Unifirst Corporation Common Stock,4530447020.0,Consumer Discretionary,Other Consumer Services,United States
UNFI,United Natural Foods Inc. Common Stock,2701602192.0,Consumer Discretionary,Food Distributors,United States
UNH,UnitedHealth Group Incorporated Common Stock (DE),329489116437.0,Health Care,Medical Specialities,United States
UNIT,Uniti Group Inc. Common Stock,2034036631.0,Real Estate,Real Estate Investment Trusts,United States
UNM,Unum Group Common Stock,13888255389.0,Finance,Accident &Health Insurance,United States
UNP,Union Pacific Corporation Common Stock,161665765271.0,Industrials,Railroads,United States
UPS,United Parcel Service Inc. Common Stock,79497031022.0,Industrials,Trucking Freight/Courier Services,United States
UPST,Upstart Holdings Inc. Common stock,2237226928.0,Finance,Finance: Consumer Services,United States
URBN,Urban Outfitters Inc. Common Stock,6542724625.0,Consumer Discretionary,Clothing/Shoe/Accessory Stores,United States
URI,United Rentals Inc. Common Stock,62291038141.0,Consumer Discretionary,Diversified Commercial Services,United States
USAR,USA Rare Earth Inc. Class A Common Stock,5281078063.0,Basic Materials,Metal Mining,United States
USB,U.S. Bancorp Common Stock,89993051521.0,Finance,Major Banks,United States
USFD,US Foods Holding Corp. Common Stock,19947855968.0,Consumer Discretionary,Food Distributors,United States
USLM,United States Lime & Minerals Inc. Common Stock,3244940739.0,Industrials,Mining & Quarrying of Nonmetallic Minerals (No Fuels),United States
UTHR,United Therapeutics Corporation Common Stock,23242037088.0,Health Care,Biotechnology: Pharmaceutical Preparations,United States
UTZ,Utz Brands Inc Class A Common Stock ,2051461535.0,Consumer Staples,Packaged Foods,United States
UUUU,Energy Fuels Inc Ordinary Shares (Canada),2756033010.0,Industrials,Mining & Quarrying of Nonmetallic Minerals (No Fuels),Canada
V,Visa Inc.,642034754999.0,Consumer Discretionary,Business Services,United States
VAC,Marriott Vacations Worldwide Corporation Common Stock,3517953330.0,Finance,Real Estate,United States
VAL,Valaris Limited Common Shares,5452099566.0,Energy,Oil & Gas Production,United States
VC,Visteon Corporation Common Stock,2313959786.0,Consumer Discretionary,Auto Parts:O.E.M.,United States
VCEL,Vericel Corporation Common Stock,2055433486.0,Health Care,Biotechnology: Biological Products (No Diagnostic Substances),United States
VCTR,Victory Capital Holdings Inc. Class A Common Stock,6802958663.0,Finance,Investment Managers,United States
VCYT,Veracyte Inc. Common Stock,3701189255.0,Health Care,Medical Specialities,United States
VECO,Veeco Instruments Inc. Common Stock,3172628316.0,Technology,Industrial Machinery/Components,United States
VEEV,Veeva Systems Inc. Class A Common Stock,46216881233.0,Technology,Computer Software: Prepackaged Software,United States
VEON,VEON Ltd. ADS,5090908146.0,Telecommunications,Telecommunications Equipment,Netherlands
VERA,Vera Therapeutics Inc. Class A Common Stock,2326925087.0,Health Care,Biotechnology: Pharmaceutical Preparations,United States
VFC,V.F. Corporation Common Stock,5527472054.0,Industrials,Garments and Clothing,United States
VFS,VinFast Auto Ltd. Ordinary Shares,7299352351.0,Industrials,Auto Manufacturing,Singapore
VG,Venture Global Inc. Class A common stock,31601173637.0,Utilities,Oil/Gas Transmission,United States
VGNT,Versigent PLC Ordinary Shares,3183336809.0,Consumer Discretionary,Auto Parts:O.E.M.,United Kingdom
VIA,Via Transportation Inc. Class A Common Stock,2465544793.0,Technology,Computer Software: Prepackaged Software,United States
VIAV,Viavi Solutions Inc. Common Stock,10343752790.0,Technology,Semiconductors,United States
VICI,VICI Properties Inc. Common Stock,25291751599.0,Real Estate,Real Estate Investment Trusts,United States
VICR,Vicor Corporation Common Stock,13322079144.0,Technology,Industrial Machinery/Components,United States
VIK,Viking Holdings Ltd Ordinary Shares,34918420435.0,Consumer Discretionary,Marine Transportation,United States
VIRT,Virtu Financial Inc. Class A Common Stock,8560844521.0,Finance,Investment Bankers/Brokers/Service,United States
VKTX,Viking Therapeutics Inc. Common Stock,4097450023.0,Health Care,Biotechnology: Pharmaceutical Preparations,United States
VLO,Valero Energy Corporation Common Stock,111603563158.0,Energy,Integrated oil Companies,United States
VLTO,Veralto Corp Common Stock ,22994588206.0,Industrials,Electrical Products,United States
VLY,Valley National Bancorp Common Stock,6973877952.0,Finance,Major Banks,United States
VMC,Vulcan Materials Company (Holding Company) Common Stock,31698846922.0,Industrials,Mining & Quarrying of Nonmetallic Minerals (No Fuels),United States
VMI,Valmont Industries Inc. Common Stock,8937763157.0,Industrials,Metal Fabrications,United States
VMRK,Vivmark Residential Common Shares of Beneficial Interest,47848500000.0,Real Estate,Real Estate Investment Trusts,United States
VNO,Vornado Realty Trust Common Stock,6326091590.0,Real Estate,Real Estate Investment Trusts,United States
VNOM,Viper Energy Inc. Class A Common Stock,14328284282.0,Energy,Oil & Gas Production,United States
VNT,Vontier Corporation Common Stock ,4245280000.0,Industrials,Industrial Machinery/Components,United States
VOYA,Voya Financial Inc. Common Stock,8559543054.0,Finance,Life Insurance,United States
VRDN,Viridian Therapeutics Inc. Common Stock,2332687819.0,Health Care,Biotechnology: Pharmaceutical Preparations,United States
VRNS,Varonis Systems Inc. Common Stock,5450130013.0,Technology,Computer Software: Prepackaged Software,United States
VRSK,Verisk Analytics Inc. Common Stock,21846686614.0,Technology,EDP Services,United States
VRSN,VeriSign Inc. Common Stock,25465503000.0,Technology,EDP Services,United States
VRT,Vertiv Holdings LLC Class A Common Stock,92901496027.0,Technology,Industrial Machinery/Components,United States
VRTX,Vertex Pharmaceuticals Incorporated Common Stock,132511905676.0,Health Care,Biotechnology: Pharmaceutical Preparations,United States
VSAT,ViaSat Inc. Common Stock,9695253908.0,Consumer Discretionary,Telecommunications Equipment,United States
VSEC,VSE Corporation Common Stock,4622300888.0,Consumer Discretionary,Military/Government/Technical,United States
VSH,Vishay Intertechnology Inc. Common Stock,4992491886.0,Technology,Electrical Products,United States
VSNT,Versant Media Group Inc. Class A Common Stock ,4399716005.0,Industrials,Broadcasting,United States
VST,Vistra Corp. Common Stock,46435129228.0,Utilities,Electric Utilities: Central,United States
VSXY,Victorias Secret & Co. Common Stock ,7055926890.0,Consumer Discretionary,Clothing/Shoe/Accessory Stores,United States
VTR,Ventas Inc. Common Stock,43610699442.0,Real Estate,Real Estate Investment Trusts,United States
VTRS,Viatris Inc. Common Stock,20353030110.0,Health Care,Biotechnology: Pharmaceutical Preparations,United States
VVV,Valvoline Inc. Common Stock,3845454639.0,Industrials,Major Chemicals,United States
VVX,V2X Inc. Common Stock,2218310986.0,Consumer Discretionary,Diversified Commercial Services,United States
VZ,Verizon Communications Inc. Common Stock,190579538516.0,Telecommunications,Telecommunications Equipment,United States
W,Wayfair Inc. Class A Common Stock,14047445259.0,Consumer Discretionary,Catalog/Specialty Distribution,United States
WAB,Westinghouse Air Brake Technologies Corporation Common Stock,48507818190.0,Industrials,Railroads,United States
WAFD,WaFd Inc. Common Stock,2214677473.0,Finance,Major Banks,United States
WAL,Western Alliance Bancorporation Common Stock (DE),8193474886.0,Finance,Major Banks,United States
WAT,Waters Corporation Common Stock,43169237492.0,Industrials,Biotechnology: Laboratory Analytical Instruments,United States
WAY,Waystar Holding Corp. Common Stock,4858904861.0,Technology,EDP Services,United States
WBD,Warner Bros. Discovery Inc. Series A Common Stock ,77706267568.0,Telecommunications,Cable & Other Pay Television Services,United States
WBI,WaterBridge Infrastructure LLC Class A Shares Representing Limited Liability Company Interests,3471588597.0,Energy,Oilfield Services/Equipment,
WCC,WESCO International Inc. Common Stock,17523846970.0,Consumer Discretionary,Telecommunications Equipment,United States
WCN,Waste Connections Inc. Common Shares,39286788560.0,Utilities,Environmental Services,Canada
WDAY,Workday Inc. Class A Common Stock,45900860000.0,Technology,EDP Services,United States
WDC,Western Digital Corporation Common Stock,163851437410.0,Technology,Electronic Components,United States
WDFC,WD-40 Company Common Stock,2710658759.0,Industrials,Major Chemicals,United States
WEC,WEC Energy Group Inc. Common Stock,32839100819.0,Utilities,Power Generation,United States
WELL,Welltower Inc. Common Stock,165944317518.0,Real Estate,Real Estate Investment Trusts,United States
WERN,Werner Enterprises Inc. Common Stock,2038023761.0,Industrials,Trucking Freight/Courier Services,United States
WEX,WEX Inc. common stock,5749567776.0,Consumer Discretionary,Business Services,United States
WFC,Wells Fargo & Company Common Stock,242071146847.0,Finance,Major Banks,United States
WFG,West Fraser Timber Co. Ltd Common stock,5432719170.0,Basic Materials,Forest Products,Canada
WFRD,Weatherford International plc Ordinary Shares,5626572343.0,Consumer Discretionary,Oil and Gas Field Machinery,United States
WGS,GeneDx Holdings Corp. Class A Common Stock,2156169714.0,Health Care,Medical/Nursing Services,United States
WH,Wyndham Hotels & Resorts Inc. Common Stock ,5331327004.0,Consumer Discretionary,Hotels/Resorts,United States
WHD,Cactus Inc. Class A Common Stock,4988763326.0,Consumer Discretionary,Oil and Gas Field Machinery,United States
WHR,Whirlpool Corporation Common Stock,2000316917.0,Consumer Discretionary,Consumer Electronics/Appliances,United States
WING,Wingstop Inc. Common Stock,2870547072.0,Consumer Discretionary,Restaurants,United States
WIT,Wipro Limited Common Stock,16340857165.0,Technology,EDP Services,India
WIX,Wix.com Ltd. Ordinary Shares,3018605228.0,Technology,Computer Software: Programming Data Processing,Israel
WK,Workiva Inc. Class A Common Stock,3622505606.0,Technology,Computer Software: Prepackaged Software,United States
WLK,Westlake Corporation Common Stock,7963002906.0,Industrials,Major Chemicals,United States
WLY,John Wiley & Sons Inc. Common Stock,2424469058.0,Consumer Discretionary,Books,United States
WLYB,John Wiley & Sons Inc. Common Stock,2483862459.0,Consumer Discretionary,Books,United States
WM,Waste Management Inc. Common Stock,81509920321.0,Utilities,Environmental Services,United States
WMB,Williams Companies Inc. (The) Common Stock,83138693072.0,Utilities,Natural Gas Distribution,United States
WMG,Warner Music Group Corp. Class A Common Stock,14443060722.0,Consumer Discretionary,Services-Misc. Amusement & Recreation,United States
WMS,Advanced Drainage Systems Inc. Common Stock,9554610885.0,Consumer Discretionary,Containers/Packaging,United States
WMT,Walmart Inc. Common Stock,824474909365.0,Consumer Discretionary,Department/Specialty Retail Stores,United States
WOR,Worthington Enterprises Inc. Common Shares,2913100719.0,Industrials,Steel/Iron Ore,United States
WPC,W. P. Carey Inc. REIT,14723804890.0,Real Estate,Real Estate Investment Trusts,United States
WPM,Wheaton Precious Metals Corp Common Shares (Canada),60730270921.0,Basic Materials,Precious Metals,Canada
WRB,W.R. Berkley Corporation Common Stock,25072707309.0,Finance,Property-Casualty Insurers,United States
WRBY,Warby Parker Inc. Class A Common Stock,3433831740.0,Health Care,Ophthalmic Goods,United States
WSBC,WesBanco Inc. Common Stock,3588798366.0,Finance,Major Banks,United States
WSC,WillScot Holdings Corporation Class A Common Stock,3112860658.0,Industrials,Misc Corporate Leasing Services,United States
WSE,Wise Group plc Class A Ordinary Shares,14004042712.0,Industrials,Diversified Commercial Services,United Kingdom
WSFS,WSFS Financial Corporation Common Stock,3860917020.0,Finance,Major Banks,United States
WSM,Williams-Sonoma Inc. Common Stock (DE),26846584694.0,Consumer Discretionary,Home Furnishings,United States
WSO,Watsco Inc. Common Stock,12486626602.0,Consumer Discretionary,Industrial Machinery/Components,United States
WST,West Pharmaceutical Services Inc. Common Stock,26092517519.0,Health Care,Medical/Dental Instruments,United States
WT,WisdomTree Inc. Common Stock,3680229176.0,Finance,Investment Bankers/Brokers/Service,United States
WTFC,Wintrust Financial Corporation Common Stock,9568023440.0,Finance,Major Banks,United States
WTM,White Mountains Insurance Group Ltd. Common Stock,4788931819.0,Finance,Property-Casualty Insurers,United States
WTRG,Essential Utilities Inc. Common Stock,11121283530.0,Utilities,Water Supply,United States
WTS,Watts Water Technologies Inc. Class A Common Stock,11823608649.0,Industrials,Metal Fabrications,United States
WTTR,Select Water Solutions Inc. Class A common stock,2740535685.0,Energy,Oilfield Services/Equipment,United States
WTW,Willis Towers Watson Public Limited Company Ordinary Shares,26768478402.0,Finance,Specialty Insurers,United Kingdom
WULF,TeraWulf Inc. Common Stock,7384736420.0,Finance,Finance: Consumer Services,United States
WWD,Woodward Inc. Common Stock,19401865994.0,Energy,Industrial Machinery/Components,United States
WY,Weyerhaeuser Company Common Stock,13730020800.0,Real Estate,Real Estate Investment Trusts,United States
WYNN,Wynn Resorts Limited Common stock,8179216162.0,Consumer Discretionary,Hotels/Resorts,United States
XE,X-Energy Inc. Class A Common Stock,5762271411.0,Industrials,Metal Fabrications,United States
XEL,Xcel Energy Inc. Common Stock,44024225887.0,Utilities,Power Generation,United States
XENE,Xenon Pharmaceuticals Inc. Common Shares,3601495666.0,Health Care,Biotechnology: Pharmaceutical Preparations,Canada
XMTR,Xometry Inc. Class A Common Stock,5895729483.0,Consumer Discretionary,Business Services,United States
XOM,ExxonMobil Holdings Corporation Common Stock,669213671490.0,Energy,Integrated oil Companies,United States
XP,XP Inc. Class A Common Stock,10881959159.0,Finance,Investment Bankers/Brokers/Service,Brazil
XPO,XPO Inc. Common Stock,20604876111.0,Consumer Discretionary,Transportation Services,United States
XXI,Twenty One Capital Inc. Class A Common Stock,3655419443.0,Finance,Finance: Consumer Services,
XYL,Xylem Inc. Common Stock New,23645209451.0,Industrials,Fluid Controls,United States
XYZ,Block Inc. Class A Common Stock,44176456350.0,Technology,Computer Software: Prepackaged Software,United States
YETI,YETI Holdings Inc. Common Stock,2994000412.0,Consumer Discretionary,Recreational Games/Products/Toys,United States
YOU,Clear Secure Inc. Class A Common Stock,5675335040.0,Technology,Computer Software: Prepackaged Software,United States
YUM,Yum! Brands Inc.,37207333929.0,Consumer Discretionary,Restaurants,United States
YUMC,Yum China Holdings Inc. Common Stock,14075029390.0,Consumer Discretionary,Restaurants,United States
Z,Zillow Group Inc. Class C Capital Stock,6100857502.0,Consumer Discretionary,Business Services,United States
ZBH,Zimmer Biomet Holdings Inc. Common Stock,16943228914.0,Health Care,Industrial Specialties,United States
ZBRA,Zebra Technologies Corporation Class A Common Stock,17661542485.0,Industrials,Industrial Machinery/Components,United States
ZETA,Zeta Global Holdings Corp. Class A Common Stock,7924499510.0,Technology,Computer Software: Prepackaged Software,United States
ZG,Zillow Group Inc. Class A Common Stock,6229036226.0,Consumer Discretionary,Business Services,United States
ZGN,Ermenegildo Zegna N.V. Ordinary Shares,3353900625.0,Consumer Discretionary,Apparel,
ZIM,ZIM Integrated Shipping Services Ltd. Ordinary Shares,3532060423.0,Consumer Discretionary,Marine Transportation,
ZION,Zions Bancorporation N.A. Common Stock,9143977691.0,Finance,Major Banks,United States
ZM,Zoom Communications Inc. Class A Common Stock,26485207447.0,Technology,Computer Software: Programming Data Processing,United States
ZS,Zscaler Inc. Common Stock,32516367875.0,Technology,EDP Services,United States
ZTS,Zoetis Inc. Class A Common Stock,28855404128.0,Health Care,Biotechnology: Pharmaceutical Preparations,United States
ZWS,Zurn Elkay Water Solutions Corporation Common Stock,7707704588.0,Industrials,Industrial Machinery/Components,United States
